"code","kind","parent_code","title"
"I","chapter","","Certain infectious and parasitic diseases"
"A00-A09","block","I","Intestinal infectious diseases"
"A00","category","A00-A09","Cholera"
"A00.0","category","A00","Cholera due to Vibrio cholerae 01, biovar cholerae"
"A00.1","category","A00","Cholera due to Vibrio cholerae 01, biovar eltor"
"A00.9","category","A00","Cholera, unspecified"
"A01","category","A00-A09","Typhoid and paratyphoid fevers"
"A01.0","category","A01","Typhoid fever"
"A01.1","category","A01","Paratyphoid fever A"
"A01.2","category","A01","Paratyphoid fever B"
"A01.3","category","A01","Paratyphoid fever C"
"A01.4","category","A01","Paratyphoid fever, unspecified"
"A02","category","A00-A09","Other salmonella infections"
"A02.0","category","A02","Salmonella enteritis"
"A02.1","category","A02","Salmonella sepsis"
"A02.2","category","A02","Localized salmonella infections"
"A02.8","category","A02","Other specified salmonella infections"
"A02.9","category","A02","Salmonella infection, unspecified"
"A03","category","A00-A09","Shigellosis"
"A03.0","category","A03","Shigellosis due to Shigella dysenteriae"
"A03.1","category","A03","Shigellosis due to Shigella flexneri"
"A03.2","category","A03","Shigellosis due to Shigella boydii"
"A03.3","category","A03","Shigellosis due to Shigella sonnei"
"A03.8","category","A03","Other shigellosis"
"A03.9","category","A03","Shigellosis, unspecified"
"A04","category","A00-A09","Other bacterial intestinal infections"
"A04.0","category","A04","Enteropathogenic Escherichia coli infection"
"A04.1","category","A04","Enterotoxigenic Escherichia coli infection"
"A04.2","category","A04","Enteroinvasive Escherichia coli infection"
"A04.3","category","A04","Enterohaemorrhagic Escherichia coli infection"
"A04.4","category","A04","Other intestinal Escherichia coli infections"
"A04.5","category","A04","Campylobacter enteritis"
"A04.6","category","A04","Enteritis due to Yersinia enterocolitica"
"A04.7","category","A04","Enterocolitis due to Clostridium difficile"
"A04.8","category","A04","Other specified bacterial intestinal infections"
"A04.9","category","A04","Bacterial intestinal infection, unspecified"
"A05","category","A00-A09","Other bacterial foodborne intoxications, not elsewhere classified"
"A05.0","category","A05","Foodborne staphylococcal intoxication"
"A05.1","category","A05","Botulism"
"A05.2","category","A05","Foodborne Clostridium perfringens [Clostridium welchii] intoxication"
"A05.3","category","A05","Foodborne Vibrio parahaemolyticus intoxication"
"A05.4","category","A05","Foodborne Bacillus cereus intoxication"
"A05.8","category","A05","Other specified bacterial foodborne intoxications"
"A05.9","category","A05","Bacterial foodborne intoxication, unspecified"
"A06","category","A00-A09","Amoebiasis"
"A06.0","category","A06","Acute amoebic dysentery"
"A06.1","category","A06","Chronic intestinal amoebiasis"
"A06.2","category","A06","Amoebic nondysenteric colitis"
"A06.3","category","A06","Amoeboma of intestine"
"A06.4","category","A06","Amoebic liver abscess K77.0"
"A06.5","category","A06","Amoebic lung abscess"
"A06.6","category","A06","Amoebic brain abscess G07"
"A06.7","category","A06","Cutaneous amoebiasis"
"A06.8","category","A06","Amoebic infection of other sites"
"A06.9","category","A06","Amoebiasis, unspecified"
"A07","category","A00-A09","Other protozoal intestinal diseases"
"A07.0","category","A07","Balantidiasis"
"A07.1","category","A07","Giardiasis [lambliasis]"
"A07.2","category","A07","Cryptosporidiosis"
"A07.3","category","A07","Isosporiasis"
"A07.8","category","A07","Other specified protozoal intestinal diseases"
"A07.9","category","A07","Protozoal intestinal disease, unspecified"
"A08","category","A00-A09","Viral and other specified intestinal infections"
"A08.0","category","A08","Rotaviral enteritis"
"A08.1","category","A08","Acute gastroenteropathy due to Norovirus"
"A08.2","category","A08","Adenoviral enteritis"
"A08.3","category","A08","Other viral enteritis"
"A08.4","category","A08","Viral intestinal infection, unspecified"
"A08.5","category","A08","Other specified intestinal infections"
"A09","category","A00-A09","Other gastroenteritis and colitis of infectious and unspecified origin"
"A09.0","category","A09","Other and unspecified gastroenteritis and colitis of infectious origin"
"A09.9","category","A09","Gastroenteritis and colitis of unspecified origin"
"A15-A19","block","I","Tuberculosis"
"A15","category","A15-A19","Respiratory tuberculosis, bacteriologically and histologically confirmed"
"A15.0","category","A15","Tuberculosis of lung, confirmed by sputum microscopy with or without culture"
"A15.1","category","A15","Tuberculosis of lung, confirmed by culture only"
"A15.2","category","A15","Tuberculosis of lung, confirmed histologically"
"A15.3","category","A15","Tuberculosis of lung, confirmed by unspecified means"
"A15.4","category","A15","Tuberculosis of intrathoracic lymph nodes, confirmed bacteriologically and histologically"
"A15.5","category","A15","Tuberculosis of larynx, trachea and bronchus, confirmed bacteriologically and histologically"
"A15.6","category","A15","Tuberculous pleurisy, confirmed bacteriologically and histologically"
"A15.7","category","A15","Primary respiratory tuberculosis, confirmed bacteriologically and histologically"
"A15.8","category","A15","Other respiratory tuberculosis, confirmed bacteriologically and histologically"
"A15.9","category","A15","Respiratory tuberculosis unspecified, confirmed bacteriologically and histologically"
"A16","category","A15-A19","Respiratory tuberculosis, not confirmed bacteriologically or histologically"
"A16.0","category","A16","Tuberculosis of lung, bacteriologically and histologically negative"
"A16.1","category","A16","Tuberculosis of lung, bacteriological and histological examination not done"
"A16.2","category","A16","Tuberculosis of lung, without mention of bacteriological or histological confirmation"
"A16.3","category","A16","Tuberculosis of intrathoracic lymph nodes, without mention of bacteriological or histological confirmation"
"A16.4","category","A16","Tuberculosis of larynx, trachea and bronchus, without mention of bacteriological or histological confirmation"
"A16.5","category","A16","Tuberculous pleurisy, without mention of bacteriological or histological confirmation"
"A16.7","category","A16","Primary respiratory tuberculosis without mention of bacteriological or histological confirmation"
"A16.8","category","A16","Other respiratory tuberculosis, without mention of bacteriological or histological confirmation"
"A16.9","category","A16","Respiratory tuberculosis unspecified, without mention of bacteriological or histological confirmation"
"A17","category","A15-A19","Tuberculosis of nervous system"
"A17.0","category","A17","Tuberculous meningitis G01"
"A17.1","category","A17","Meningeal tuberculoma G07"
"A17.8","category","A17","Other tuberculosis of nervous system"
"A17.9","category","A17","Tuberculosis of nervous system, unspecified G99.8"
"A18","category","A15-A19","Tuberculosis of other organs"
"A18.0","category","A18","Tuberculosis of bones and joints"
"A18.1","category","A18","Tuberculosis of genitourinary system"
"A18.2","category","A18","Tuberculous peripheral lymphadenopathy"
"A18.3","category","A18","Tuberculosis of intestines, peritoneum and mesenteric glands"
"A18.4","category","A18","Tuberculosis of skin and subcutaneous tissue"
"A18.5","category","A18","Tuberculosis of eye"
"A18.6","category","A18","Tuberculosis of ear"
"A18.7","category","A18","Tuberculosis of adrenal glands E35.1"
"A18.8","category","A18","Tuberculosis of other specified organs"
"A19","category","A15-A19","Miliary tuberculosis"
"A19.0","category","A19","Acute miliary tuberculosis of a single specified site"
"A19.1","category","A19","Acute miliary tuberculosis of multiple sites"
"A19.2","category","A19","Acute miliary tuberculosis, unspecified"
"A19.8","category","A19","Other miliary tuberculosis"
"A19.9","category","A19","Miliary tuberculosis, unspecified"
"A20-A28","block","I","Certain zoonotic bacterial diseases"
"A20","category","A20-A28","Plague"
"A20.0","category","A20","Bubonic plague"
"A20.1","category","A20","Cellulocutaneous plague"
"A20.2","category","A20","Pneumonic plague"
"A20.3","category","A20","Plague meningitis"
"A20.7","category","A20","Septicaemic plague"
"A20.8","category","A20","Other forms of plague"
"A20.9","category","A20","Plague, unspecified"
"A21","category","A20-A28","Tularaemia"
"A21.0","category","A21","Ulceroglandular tularaemia"
"A21.1","category","A21","Oculoglandular tularaemia"
"A21.2","category","A21","Pulmonary tularaemia"
"A21.3","category","A21","Gastrointestinal tularaemia"
"A21.7","category","A21","Generalized tularaemia"
"A21.8","category","A21","Other forms of tularaemia"
"A21.9","category","A21","Tularaemia, unspecified"
"A22","category","A20-A28","Anthrax"
"A22.0","category","A22","Cutaneous anthrax"
"A22.1","category","A22","Pulmonary anthrax"
"A22.2","category","A22","Gastrointestinal anthrax"
"A22.7","category","A22","Anthrax sepsis"
"A22.8","category","A22","Other forms of anthrax"
"A22.9","category","A22","Anthrax, unspecified"
"A23","category","A20-A28","Brucellosis"
"A23.0","category","A23","Brucellosis due to Brucella melitensis"
"A23.1","category","A23","Brucellosis due to Brucella abortus"
"A23.2","category","A23","Brucellosis due to Brucella suis"
"A23.3","category","A23","Brucellosis due to Brucella canis"
"A23.8","category","A23","Other brucellosis"
"A23.9","category","A23","Brucellosis, unspecified"
"A24","category","A20-A28","Glanders and melioidosis"
"A24.0","category","A24","Glanders"
"A24.1","category","A24","Acute and fulminating melioidosis"
"A24.2","category","A24","Subacute and chronic melioidosis"
"A24.3","category","A24","Other melioidosis"
"A24.4","category","A24","Melioidosis, unspecified"
"A25","category","A20-A28","Rat-bite fevers"
"A25.0","category","A25","Spirillosis"
"A25.1","category","A25","Streptobacillosis"
"A25.9","category","A25","Rat-bite fever, unspecified"
"A26","category","A20-A28","Erysipeloid"
"A26.0","category","A26","Cutaneous erysipeloid"
"A26.7","category","A26","Erysipelothrix sepsis"
"A26.8","category","A26","Other forms of erysipeloid"
"A26.9","category","A26","Erysipeloid, unspecified"
"A27","category","A20-A28","Leptospirosis"
"A27.0","category","A27","Leptospirosis icterohaemorrhagica"
"A27.8","category","A27","Other forms of leptospirosis"
"A27.9","category","A27","Leptospirosis, unspecified"
"A28","category","A20-A28","Other zoonotic bacterial diseases, not elsewhere classified"
"A28.0","category","A28","Pasteurellosis"
"A28.1","category","A28","Cat-scratch disease"
"A28.2","category","A28","Extraintestinal yersiniosis"
"A28.8","category","A28","Other specified zoonotic bacterial diseases, not elsewhere classified"
"A28.9","category","A28","Zoonotic bacterial disease, unspecified"
"A30-A49","block","I","Other bacterial diseases"
"A30","category","A30-A49","Leprosy [Hansen disease]"
"A30.0","category","A30","Indeterminate leprosy"
"A30.1","category","A30","Tuberculoid leprosy"
"A30.2","category","A30","Borderline tuberculoid leprosy"
"A30.3","category","A30","Borderline leprosy"
"A30.4","category","A30","Borderline lepromatous leprosy"
"A30.5","category","A30","Lepromatous leprosy"
"A30.8","category","A30","Other forms of leprosy"
"A30.9","category","A30","Leprosy, unspecified"
"A31","category","A30-A49","Infection due to other mycobacteria"
"A31.0","category","A31","Pulmonary mycobacterial infection"
"A31.1","category","A31","Cutaneous mycobacterial infection"
"A31.8","category","A31","Other mycobacterial infections"
"A31.9","category","A31","Mycobacterial infection, unspecified"
"A32","category","A30-A49","Listeriosis"
"A32.0","category","A32","Cutaneous listeriosis"
"A32.1","category","A32","Listerial meningitis and meningoencephalitis"
"A32.7","category","A32","Listerial sepsis"
"A32.8","category","A32","Other forms of listeriosis"
"A32.9","category","A32","Listeriosis, unspecified"
"A33","category","A30-A49","Tetanus neonatorum"
"A34","category","A30-A49","Obstetrical tetanus"
"A35","category","A30-A49","Other tetanus"
"A36","category","A30-A49","Diphtheria"
"A36.0","category","A36","Pharyngeal diphtheria"
"A36.1","category","A36","Nasopharyngeal diphtheria"
"A36.2","category","A36","Laryngeal diphtheria"
"A36.3","category","A36","Cutaneous diphtheria"
"A36.8","category","A36","Other diphtheria"
"A36.9","category","A36","Diphtheria, unspecified"
"A37","category","A30-A49","Whooping cough"
"A37.0","category","A37","Whooping cough due to Bordetella pertussis"
"A37.1","category","A37","Whooping cough due to Bordetella parapertussis"
"A37.8","category","A37","Whooping cough due to other Bordetella species"
"A37.9","category","A37","Whooping cough, unspecified"
"A38","category","A30-A49","Scarlet fever"
"A39","category","A30-A49","Meningococcal infection"
"A39.0","category","A39","Meningococcal meningitis G01"
"A39.1","category","A39","Waterhouse-Friderichsen syndrome E35.1"
"A39.2","category","A39","Acute meningococcaemia"
"A39.3","category","A39","Chronic meningococcaemia"
"A39.4","category","A39","Meningococcaemia, unspecified"
"A39.5","category","A39","Meningococcal heart disease"
"A39.8","category","A39","Other meningococcal infections"
"A39.9","category","A39","Meningococcal infection, unspecified"
"A40","category","A30-A49","Streptococcal sepsis"
"A40.0","category","A40","Sepsis due to streptococcus, group A"
"A40.1","category","A40","Sepsis due to streptococcus, group B"
"A40.2","category","A40","Sepsis due to streptococcus, group D and enterococcus"
"A40.3","category","A40","Sepsis due to Streptococcus pneumoniae"
"A40.8","category","A40","Other streptococcal sepsis"
"A40.9","category","A40","Streptococcal sepsis, unspecified"
"A41","category","A30-A49","Other sepsis"
"A41.0","category","A41","Sepsis due to Staphylococcus aureus"
"A41.1","category","A41","Sepsis due to other specified staphylococcus"
"A41.2","category","A41","Sepsis due to unspecified staphylococcus"
"A41.3","category","A41","Sepsis due to Haemophilus influenzae"
"A41.4","category","A41","Sepsis due to anaerobes"
"A41.5","category","A41","Sepsis due to other Gram-negative organisms"
"A41.8","category","A41","Other specified sepsis"
"A41.9","category","A41","Sepsis, unspecified"
"A42","category","A30-A49","Actinomycosis"
"A42.0","category","A42","Pulmonary actinomycosis"
"A42.1","category","A42","Abdominal actinomycosis"
"A42.2","category","A42","Cervicofacial actinomycosis"
"A42.7","category","A42","Actinomycotic sepsis"
"A42.8","category","A42","Other forms of actinomycosis"
"A42.9","category","A42","Actinomycosis, unspecified"
"A43","category","A30-A49","Nocardiosis"
"A43.0","category","A43","Pulmonary nocardiosis"
"A43.1","category","A43","Cutaneous nocardiosis"
"A43.8","category","A43","Other forms of nocardiosis"
"A43.9","category","A43","Nocardiosis, unspecified"
"A44","category","A30-A49","Bartonellosis"
"A44.0","category","A44","Systemic bartonellosis"
"A44.1","category","A44","Cutaneous and mucocutaneous bartonellosis"
"A44.8","category","A44","Other forms of bartonellosis"
"A44.9","category","A44","Bartonellosis, unspecified"
"A46","category","A30-A49","Erysipelas"
"A48","category","A30-A49","Other bacterial diseases, not elsewhere classified"
"A48.0","category","A48","Gas gangrene"
"A48.1","category","A48","Legionnaires disease"
"A48.2","category","A48","Nonpneumonic Legionnaires disease [Pontiac fever]"
"A48.3","category","A48","Toxic shock syndrome"
"A48.4","category","A48","Brazilian purpuric fever"
"A48.8","category","A48","Other specified bacterial diseases"
"A49","category","A30-A49","Bacterial infection of unspecified site"
"A49.0","category","A49","Staphylococcal infection, unspecified site"
"A49.1","category","A49","Streptococcal and enterococcal infection, unspecified site"
"A49.2","category","A49","Haemophilus influenzae infection, unspecified site"
"A49.3","category","A49","Mycoplasma infection, unspecified site"
"A49.8","category","A49","Other bacterial infections of unspecified site"
"A49.9","category","A49","Bacterial infection, unspecified"
"A50-A64","block","I","Infections with a predominantly sexual mode of transmission"
"A50","category","A50-A64","Congenital syphilis"
"A50.0","category","A50","Early congenital syphilis, symptomatic"
"A50.1","category","A50","Early congenital syphilis, latent"
"A50.2","category","A50","Early congenital syphilis, unspecified"
"A50.3","category","A50","Late congenital syphilitic oculopathy"
"A50.4","category","A50","Late congenital neurosyphilis [juvenile neurosyphilis]"
"A50.5","category","A50","Other late congenital syphilis, symptomatic"
"A50.6","category","A50","Late congenital syphilis, latent"
"A50.7","category","A50","Late congenital syphilis, unspecified"
"A50.9","category","A50","Congenital syphilis, unspecified"
"A51","category","A50-A64","Early syphilis"
"A51.0","category","A51","Primary genital syphilis"
"A51.1","category","A51","Primary anal syphilis"
"A51.2","category","A51","Primary syphilis of other sites"
"A51.3","category","A51","Secondary syphilis of skin and mucous membranes"
"A51.4","category","A51","Other secondary syphilis"
"A51.5","category","A51","Early syphilis, latent"
"A51.9","category","A51","Early syphilis, unspecified"
"A52","category","A50-A64","Late syphilis"
"A52.0","category","A52","Cardiovascular syphilis"
"A52.1","category","A52","Symptomatic neurosyphilis"
"A52.2","category","A52","Asymptomatic neurosyphilis"
"A52.3","category","A52","Neurosyphilis, unspecified"
"A52.7","category","A52","Other symptomatic late syphilis"
"A52.8","category","A52","Late syphilis, latent"
"A52.9","category","A52","Late syphilis, unspecified"
"A53","category","A50-A64","Other and unspecified syphilis"
"A53.0","category","A53","Latent syphilis, unspecified as early or late"
"A53.9","category","A53","Syphilis, unspecified"
"A54","category","A50-A64","Gonococcal infection"
"A54.0","category","A54","Gonococcal infection of lower genitourinary tract without periurethral or accessory gland abscess"
"A54.1","category","A54","Gonococcal infection of lower genitourinary tract with periurethral and accessory gland abscess"
"A54.2","category","A54","Gonococcal pelviperitonitis and other gonococcal genitourinary infections"
"A54.3","category","A54","Gonococcal infection of eye"
"A54.4","category","A54","Gonococcal infection of musculoskeletal system"
"A54.5","category","A54","Gonococcal pharyngitis"
"A54.6","category","A54","Gonococcal infection of anus and rectum"
"A54.8","category","A54","Other gonococcal infections"
"A54.9","category","A54","Gonococcal infection, unspecified"
"A55","category","A50-A64","Chlamydial lymphogranuloma (venereum)"
"A56","category","A50-A64","Other sexually transmitted chlamydial diseases"
"A56.0","category","A56","Chlamydial infection of lower genitourinary tract"
"A56.1","category","A56","Chlamydial infection of pelviperitoneum and other genitourinary organs"
"A56.2","category","A56","Chlamydial infection of genitourinary tract, unspecified"
"A56.3","category","A56","Chlamydial infection of anus and rectum"
"A56.4","category","A56","Chlamydial infection of pharynx"
"A56.8","category","A56","Sexually transmitted chlamydial infection of other sites"
"A57","category","A50-A64","Chancroid"
"A58","category","A50-A64","Granuloma inguinale"
"A59","category","A50-A64","Trichomoniasis"
"A59.0","category","A59","Urogenital trichomoniasis"
"A59.8","category","A59","Trichomoniasis of other sites"
"A59.9","category","A59","Trichomoniasis, unspecified"
"A60","category","A50-A64","Anogenital herpesviral [herpes simplex] infection"
"A60.0","category","A60","Herpesviral infection of genitalia and urogenital tract"
"A60.1","category","A60","Herpesviral infection of perianal skin and rectum"
"A60.9","category","A60","Anogenital herpesviral infection, unspecified"
"A63","category","A50-A64","Other predominantly sexually transmitted diseases, not elsewhere classified"
"A63.0","category","A63","Anogenital (venereal) warts"
"A63.8","category","A63","Other specified predominantly sexually transmitted diseases"
"A64","category","A50-A64","Unspecified sexually transmitted disease"
"A65-A69","block","I","Other spirochaetal diseases"
"A65","category","A65-A69","Nonvenereal syphilis"
"A66","category","A65-A69","Yaws"
"A66.0","category","A66","Initial lesions of yaws"
"A66.1","category","A66","Multiple papillomata and wet crab yaws"
"A66.2","category","A66","Other early skin lesions of yaws"
"A66.3","category","A66","Hyperkeratosis of yaws"
"A66.4","category","A66","Gummata and ulcers of yaws"
"A66.5","category","A66","Gangosa"
"A66.6","category","A66","Bone and joint lesions of yaws"
"A66.7","category","A66","Other manifestations of yaws"
"A66.8","category","A66","Latent yaws"
"A66.9","category","A66","Yaws, unspecified"
"A67","category","A65-A69","Pinta [carate]"
"A67.0","category","A67","Primary lesions of pinta"
"A67.1","category","A67","Intermediate lesions of pinta"
"A67.2","category","A67","Late lesions of pinta"
"A67.3","category","A67","Mixed lesions of pinta"
"A67.9","category","A67","Pinta, unspecified"
"A68","category","A65-A69","Relapsing fevers"
"A68.0","category","A68","Louse-borne relapsing fever"
"A68.1","category","A68","Tick-borne relapsing fever"
"A68.9","category","A68","Relapsing fever, unspecified"
"A69","category","A65-A69","Other spirochaetal infections"
"A69.0","category","A69","Necrotizing ulcerative stomatitis"
"A69.1","category","A69","Other Vincent infections"
"A69.2","category","A69","Lyme disease"
"A69.8","category","A69","Other specified spirochaetal infections"
"A69.9","category","A69","Spirochaetal infection, unspecified"
"A70-A74","block","I","Other diseases caused by chlamydiae"
"A70","category","A70-A74","Chlamydia psittaci infection"
"A71","category","A70-A74","Trachoma"
"A71.0","category","A71","Initial stage of trachoma"
"A71.1","category","A71","Active stage of trachoma"
"A71.9","category","A71","Trachoma, unspecified"
"A74","category","A70-A74","Other diseases caused by chlamydiae"
"A74.0","category","A74","Chlamydial conjunctivitis H13.1"
"A74.8","category","A74","Other chlamydial diseases"
"A74.9","category","A74","Chlamydial infection, unspecified"
"A75-A79","block","I","Rickettsioses"
"A75","category","A75-A79","Typhus fever"
"A75.0","category","A75","Epidemic louse-borne typhus fever due to Rickettsia prowazekii"
"A75.1","category","A75","Recrudescent typhus [Brill disease]"
"A75.2","category","A75","Typhus fever due to Rickettsia typhi"
"A75.3","category","A75","Typhus fever due to Rickettsia tsutsugamushi"
"A75.9","category","A75","Typhus fever, unspecified"
"A77","category","A75-A79","Spotted fever [tick-borne rickettsioses]"
"A77.0","category","A77","Spotted fever due to Rickettsia rickettsii"
"A77.1","category","A77","Spotted fever due to Rickettsia conorii"
"A77.2","category","A77","Spotted fever due to Rickettsia sibirica"
"A77.3","category","A77","Spotted fever due to Rickettsia australis"
"A77.8","category","A77","Other spotted fevers"
"A77.9","category","A77","Spotted fever, unspecified"
"A78","category","A75-A79","Q fever"
"A79","category","A75-A79","Other rickettsioses"
"A79.0","category","A79","Trench fever"
"A79.1","category","A79","Rickettsialpox due to Rickettsia akari"
"A79.8","category","A79","Other specified rickettsioses"
"A79.9","category","A79","Rickettsiosis, unspecified"
"A80-A89","block","I","Viral infections of the central nervous system"
"A80","category","A80-A89","Acute poliomyelitis"
"A80.0","category","A80","Acute paralytic poliomyelitis, vaccine-associated"
"A80.1","category","A80","Acute paralytic poliomyelitis, wild virus, imported"
"A80.2","category","A80","Acute paralytic poliomyelitis, wild virus, indigenous"
"A80.3","category","A80","Acute paralytic poliomyelitis, other and unspecified"
"A80.4","category","A80","Acute nonparalytic poliomyelitis"
"A80.9","category","A80","Acute poliomyelitis, unspecified"
"A81","category","A80-A89","Atypical virus infections of central nervous system"
"A81.0","category","A81","Creutzfeldt-Jakob disease"
"A81.1","category","A81","Subacute sclerosing panencephalitis"
"A81.2","category","A81","Progressive multifocal leukoencephalopathy"
"A81.8","category","A81","Other atypical virus infections of central nervous system"
"A81.9","category","A81","Atypical virus infection of central nervous system, unspecified"
"A82","category","A80-A89","Rabies"
"A82.0","category","A82","Sylvatic rabies"
"A82.1","category","A82","Urban rabies"
"A82.9","category","A82","Rabies, unspecified"
"A83","category","A80-A89","Mosquito-borne viral encephalitis"
"A83.0","category","A83","Japanese encephalitis"
"A83.1","category","A83","Western equine encephalitis"
"A83.2","category","A83","Eastern equine encephalitis"
"A83.3","category","A83","St Louis encephalitis"
"A83.4","category","A83","Australian encephalitis"
"A83.5","category","A83","California encephalitis"
"A83.6","category","A83","Rocio virus disease"
"A83.8","category","A83","Other mosquito-borne viral encephalitis"
"A83.9","category","A83","Mosquito-borne viral encephalitis, unspecified"
"A84","category","A80-A89","Tick-borne viral encephalitis"
"A84.0","category","A84","Far Eastern tick-borne encephalitis [Russian spring-summer encephalitis]"
"A84.1","category","A84","Central European tick-borne encephalitis"
"A84.8","category","A84","Other tick-borne viral encephalitis"
"A84.9","category","A84","Tick-borne viral encephalitis, unspecified"
"A85","category","A80-A89","Other viral encephalitis, not elsewhere classified"
"A85.0","category","A85","Enteroviral encephalitis G05.1"
"A85.1","category","A85","Adenoviral encephalitis G05.1"
"A85.2","category","A85","Arthropod-borne viral encephalitis, unspecified"
"A85.8","category","A85","Other specified viral encephalitis"
"A86","category","A80-A89","Unspecified viral encephalitis"
"A87","category","A80-A89","Viral meningitis"
"A87.0","category","A87","Enteroviral meningitis G02.0"
"A87.1","category","A87","Adenoviral meningitis G02.0"
"A87.2","category","A87","Lymphocytic choriomeningitis"
"A87.8","category","A87","Other viral meningitis"
"A87.9","category","A87","Viral meningitis, unspecified"
"A88","category","A80-A89","Other viral infections of central nervous system, not elsewhere classified"
"A88.0","category","A88","Enteroviral exanthematous fever [Boston exanthem]"
"A88.1","category","A88","Epidemic vertigo"
"A88.8","category","A88","Other specified viral infections of central nervous system"
"A89","category","A80-A89","Unspecified viral infection of central nervous system"
"A92-A99","block","I","Arthropod-borne viral fevers and viral haemorrhagic fevers"
"A92","category","A92-A99","Other mosquito-borne viral fevers"
"A92.0","category","A92","Chikungunya virus disease"
"A92.1","category","A92","O'nyong-nyong fever"
"A92.2","category","A92","Venezuelan equine fever"
"A92.3","category","A92","West Nile virus infection"
"A92.4","category","A92","Rift Valley fever"
"A92.5","category","A92","Zika virus disease"
"A92.8","category","A92","Other specified mosquito-borne viral fevers"
"A92.9","category","A92","Mosquito-borne viral fever, unspecified"
"A93","category","A92-A99","Other arthropod-borne viral fevers, not elsewhere classified"
"A93.0","category","A93","Oropouche virus disease"
"A93.1","category","A93","Sandfly fever"
"A93.2","category","A93","Colorado tick fever"
"A93.8","category","A93","Other specified arthropod-borne viral fevers"
"A94","category","A92-A99","Unspecified arthropod-borne viral fever"
"A95","category","A92-A99","Yellow fever"
"A95.0","category","A95","Sylvatic yellow fever"
"A95.1","category","A95","Urban yellow fever"
"A95.9","category","A95","Yellow fever, unspecified"
"A96","category","A92-A99","Arenaviral haemorrhagic fever"
"A96.0","category","A96","Junin haemorrhagic fever"
"A96.1","category","A96","Machupo haemorrhagic fever"
"A96.2","category","A96","Lassa fever"
"A96.8","category","A96","Other arenaviral haemorrhagic fevers"
"A96.9","category","A96","Arenaviral haemorrhagic fever, unspecified"
"A97","category","A92-A99","Dengue"
"A97.0","category","A97","Dengue without warning signs"
"A97.1","category","A97","Dengue with warning signs"
"A97.2","category","A97","Severe Dengue"
"A97.9","category","A97","Dengue, unspecified"
"A98","category","A92-A99","Other viral haemorrhagic fevers, not elsewhere classified"
"A98.0","category","A98","Crimean-Congo haemorrhagic fever"
"A98.1","category","A98","Omsk haemorrhagic fever"
"A98.2","category","A98","Kyasanur Forest disease"
"A98.3","category","A98","Marburg virus disease"
"A98.4","category","A98","Ebola virus disease"
"A98.5","category","A98","Haemorrhagic fever with renal syndrome"
"A98.8","category","A98","Other specified viral haemorrhagic fevers"
"A99","category","A92-A99","Unspecified viral haemorrhagic fever"
"B00-B09","block","I","Viral infections characterized by skin and mucous membrane lesions"
"B00","category","B00-B09","Herpesviral [herpes simplex] infections"
"B00.0","category","B00","Eczema herpeticum"
"B00.1","category","B00","Herpesviral vesicular dermatitis"
"B00.2","category","B00","Herpesviral gingivostomatitis and pharyngotonsillitis"
"B00.3","category","B00","Herpesviral meningitis G02.0"
"B00.4","category","B00","Herpesviral encephalitis G05.1"
"B00.5","category","B00","Herpesviral ocular disease"
"B00.7","category","B00","Disseminated herpesviral disease"
"B00.8","category","B00","Other forms of herpesviral infection"
"B00.9","category","B00","Herpesviral infection, unspecified"
"B01","category","B00-B09","Varicella [chickenpox]"
"B01.0","category","B01","Varicella meningitis G02.0"
"B01.1","category","B01","Varicella encephalitis G05.1"
"B01.2","category","B01","Varicella pneumonia J17.1"
"B01.8","category","B01","Varicella with other complications"
"B01.9","category","B01","Varicella without complication"
"B02","category","B00-B09","Zoster [herpes zoster]"
"B02.0","category","B02","Zoster encephalitis G05.1"
"B02.1","category","B02","Zoster meningitis G02.0"
"B02.2","category","B02","Zoster with other nervous system involvement"
"B02.3","category","B02","Zoster ocular disease"
"B02.7","category","B02","Disseminated zoster"
"B02.8","category","B02","Zoster with other complications"
"B02.9","category","B02","Zoster without complication"
"B03","category","B00-B09","Smallpox"
"B04","category","B00-B09","Monkeypox"
"B05","category","B00-B09","Measles"
"B05.0","category","B05","Measles complicated by encephalitis G05.1"
"B05.1","category","B05","Measles complicated by meningitis G02.0"
"B05.2","category","B05","Measles complicated by pneumonia J17.1"
"B05.3","category","B05","Measles complicated by otitis media H67.1"
"B05.4","category","B05","Measles with intestinal complications"
"B05.8","category","B05","Measles with other complications"
"B05.9","category","B05","Measles without complication"
"B06","category","B00-B09","Rubella [German measles]"
"B06.0","category","B06","Rubella with neurological complications"
"B06.8","category","B06","Rubella with other complications"
"B06.9","category","B06","Rubella without complication"
"B07","category","B00-B09","Viral warts"
"B08","category","B00-B09","Other viral infections characterized by skin and mucous membrane lesions, not elsewhere classified"
"B08.0","category","B08","Other orthopoxvirus infections"
"B08.1","category","B08","Molluscum contagiosum"
"B08.2","category","B08","Exanthema subitum [sixth disease]"
"B08.3","category","B08","Erythema infectiosum [fifth disease]"
"B08.4","category","B08","Enteroviral vesicular stomatitis with exanthem"
"B08.5","category","B08","Enteroviral vesicular pharyngitis"
"B08.8","category","B08","Other specified viral infections characterized by skin and mucous membrane lesions"
"B09","category","B00-B09","Unspecified viral infection characterized by skin and mucous membrane lesions"
"B15-B19","block","I","Viral hepatitis"
"B15","category","B15-B19","Acute hepatitis A"
"B15.0","category","B15","Hepatitis A with hepatic coma"
"B15.9","category","B15","Hepatitis A without hepatic coma"
"B16","category","B15-B19","Acute hepatitis B"
"B16.0","category","B16","Acute hepatitis B with delta-agent (coinfection) with hepatic coma"
"B16.1","category","B16","Acute hepatitis B with delta-agent (coinfection) without hepatic coma"
"B16.2","category","B16","Acute hepatitis B without delta-agent with hepatic coma"
"B16.9","category","B16","Acute hepatitis B without delta-agent and without hepatic coma"
"B17","category","B15-B19","Other acute viral hepatitis"
"B17.0","category","B17","Acute delta-(super)infection in chronic hepatitis B"
"B17.1","category","B17","Acute hepatitis C"
"B17.2","category","B17","Acute hepatitis E"
"B17.8","category","B17","Other specified acute viral hepatitis"
"B17.9","category","B17","Acute viral hepatitis, unspecified"
"B18","category","B15-B19","Chronic viral hepatitis"
"B18.0","category","B18","Chronic viral hepatitis B with delta-agent"
"B18.1","category","B18","Chronic viral hepatitis B without delta-agent"
"B18.2","category","B18","Chronic viral hepatitis C"
"B18.8","category","B18","Other chronic viral hepatitis"
"B18.9","category","B18","Chronic viral hepatitis, unspecified"
"B19","category","B15-B19","Unspecified viral hepatitis"
"B19.0","category","B19","Unspecified viral hepatitis with hepatic coma"
"B19.9","category","B19","Unspecified viral hepatitis without hepatic coma"
"B20-B24","block","I","Human immunodeficiency virus [HIV] disease"
"B20","category","B20-B24","Human immunodeficiency virus [HIV] disease resulting in infectious and parasitic diseases"
"B20.0","category","B20","HIV disease resulting in mycobacterial infection"
"B20.1","category","B20","HIV disease resulting in other bacterial infections"
"B20.2","category","B20","HIV disease resulting in cytomegaloviral disease"
"B20.3","category","B20","HIV disease resulting in other viral infections"
"B20.4","category","B20","HIV disease resulting in candidiasis"
"B20.5","category","B20","HIV disease resulting in other mycoses"
"B20.6","category","B20","HIV disease resulting in Pneumocystis jirovecii pneumonia"
"B20.7","category","B20","HIV disease resulting in multiple infections"
"B20.8","category","B20","HIV disease resulting in other infectious and parasitic diseases"
"B20.9","category","B20","HIV disease resulting in unspecified infectious or parasitic disease"
"B21","category","B20-B24","Human immunodeficiency virus [HIV] disease resulting in malignant neoplasms"
"B21.0","category","B21","HIV disease resulting in Kaposi sarcoma"
"B21.1","category","B21","HIV disease resulting in Burkitt lymphoma"
"B21.2","category","B21","HIV disease resulting in other types of non-Hodgkin lymphoma"
"B21.3","category","B21","HIV disease resulting in other malignant neoplasms of lymphoid, haematopoietic and related tissue"
"B21.7","category","B21","HIV disease resulting in multiple malignant neoplasms"
"B21.8","category","B21","HIV disease resulting in other malignant neoplasms"
"B21.9","category","B21","HIV disease resulting in unspecified malignant neoplasm"
"B22","category","B20-B24","Human immunodeficiency virus [HIV] disease resulting in other specified diseases"
"B22.0","category","B22","HIV disease resulting in encephalopathy"
"B22.1","category","B22","HIV disease resulting in lymphoid interstitial pneumonitis"
"B22.2","category","B22","HIV disease resulting in wasting syndrome"
"B22.7","category","B22","HIV disease resulting in multiple diseases classified elsewhere"
"B23","category","B20-B24","Human immunodeficiency virus [HIV] disease resulting in other conditions"
"B23.0","category","B23","Acute HIV infection syndrome"
"B23.1","category","B23","HIV disease resulting in (persistent) generalized lymphadenopathy"
"B23.2","category","B23","HIV disease resulting in haematological and immunological abnormalities, not elsewhere classified"
"B23.8","category","B23","HIV disease resulting in other specified conditions"
"B24","category","B20-B24","Unspecified human immunodeficiency virus [HIV] disease"
"B25-B34","block","I","Other viral diseases"
"B25","category","B25-B34","Cytomegaloviral disease"
"B25.0","category","B25","Cytomegaloviral pneumonitis J17.1"
"B25.1","category","B25","Cytomegaloviral hepatitis K77.0"
"B25.2","category","B25","Cytomegaloviral pancreatitis K87.1"
"B25.8","category","B25","Other cytomegaloviral diseases"
"B25.9","category","B25","Cytomegaloviral disease, unspecified"
"B26","category","B25-B34","Mumps"
"B26.0","category","B26","Mumps orchitis N51.1"
"B26.1","category","B26","Mumps meningitis G02.0"
"B26.2","category","B26","Mumps encephalitis G05.1"
"B26.3","category","B26","Mumps pancreatitis K87.1"
"B26.8","category","B26","Mumps with other complications"
"B26.9","category","B26","Mumps without complication"
"B27","category","B25-B34","Infectious mononucleosis"
"B27.0","category","B27","Gammaherpesviral mononucleosis"
"B27.1","category","B27","Cytomegaloviral mononucleosis"
"B27.8","category","B27","Other infectious mononucleosis"
"B27.9","category","B27","Infectious mononucleosis, unspecified"
"B30","category","B25-B34","Viral conjunctivitis"
"B30.0","category","B30","Keratoconjunctivitis due to adenovirus H19.2"
"B30.1","category","B30","Conjunctivitis due to adenovirus H13.1"
"B30.2","category","B30","Viral pharyngoconjunctivitis"
"B30.3","category","B30","Acute epidemic haemorrhagic conjunctivitis (enteroviral) H13.1"
"B30.8","category","B30","Other viral conjunctivitis H13.1"
"B30.9","category","B30","Viral conjunctivitis, unspecified"
"B33","category","B25-B34","Other viral diseases, not elsewhere classified"
"B33.0","category","B33","Epidemic myalgia"
"B33.1","category","B33","Ross River disease"
"B33.2","category","B33","Viral carditis"
"B33.3","category","B33","Retrovirus infections, not elsewhere classified"
"B33.4","category","B33","Hantavirus (cardio-)pulmonary syndrome [HPS] [HCPS] J17.1"
"B33.8","category","B33","Other specified viral diseases"
"B34","category","B25-B34","Viral infection of unspecified site"
"B34.0","category","B34","Adenovirus infection, unspecified site"
"B34.1","category","B34","Enterovirus infection, unspecified site"
"B34.2","category","B34","Coronavirus infection, unspecified site"
"B34.3","category","B34","Parvovirus infection, unspecified site"
"B34.4","category","B34","Papovavirus infection, unspecified site"
"B34.8","category","B34","Other viral infections of unspecified site"
"B34.9","category","B34","Viral infection, unspecified"
"B35-B49","block","I","Mycoses"
"B35","category","B35-B49","Dermatophytosis"
"B35.0","category","B35","Tinea barbae and tinea capitis"
"B35.1","category","B35","Tinea unguium"
"B35.2","category","B35","Tinea manuum"
"B35.3","category","B35","Tinea pedis"
"B35.4","category","B35","Tinea corporis"
"B35.5","category","B35","Tinea imbricata"
"B35.6","category","B35","Tinea inguinalis [Tinea cruris]"
"B35.8","category","B35","Other dermatophytoses"
"B35.9","category","B35","Dermatophytosis, unspecified"
"B36","category","B35-B49","Other superficial mycoses"
"B36.0","category","B36","Pityriasis versicolor"
"B36.1","category","B36","Tinea nigra"
"B36.2","category","B36","White piedra"
"B36.3","category","B36","Black piedra"
"B36.8","category","B36","Other specified superficial mycoses"
"B36.9","category","B36","Superficial mycosis, unspecified"
"B37","category","B35-B49","Candidiasis"
"B37.0","category","B37","Candidal stomatitis"
"B37.1","category","B37","Pulmonary candidiasis"
"B37.2","category","B37","Candidiasis of skin and nail"
"B37.3","category","B37","Candidiasis of vulva and vagina N77.1"
"B37.4","category","B37","Candidiasis of other urogenital sites"
"B37.5","category","B37","Candidal meningitis G02.1"
"B37.6","category","B37","Candidal endocarditis I39.8"
"B37.7","category","B37","Candidal sepsis"
"B37.8","category","B37","Candidiasis of other sites"
"B37.9","category","B37","Candidiasis, unspecified"
"B38","category","B35-B49","Coccidioidomycosis"
"B38.0","category","B38","Acute pulmonary coccidioidomycosis"
"B38.1","category","B38","Chronic pulmonary coccidioidomycosis"
"B38.2","category","B38","Pulmonary coccidioidomycosis, unspecified"
"B38.3","category","B38","Cutaneous coccidioidomycosis"
"B38.4","category","B38","Coccidioidomycosis meningitis G02.1"
"B38.7","category","B38","Disseminated coccidioidomycosis"
"B38.8","category","B38","Other forms of coccidioidomycosis"
"B38.9","category","B38","Coccidioidomycosis, unspecified"
"B39","category","B35-B49","Histoplasmosis"
"B39.0","category","B39","Acute pulmonary histoplasmosis capsulati"
"B39.1","category","B39","Chronic pulmonary histoplasmosis capsulati"
"B39.2","category","B39","Pulmonary histoplasmosis capsulati, unspecified"
"B39.3","category","B39","Disseminated histoplasmosis capsulati"
"B39.4","category","B39","Histoplasmosis capsulati, unspecified"
"B39.5","category","B39","Histoplasmosis duboisii"
"B39.9","category","B39","Histoplasmosis, unspecified"
"B40","category","B35-B49","Blastomycosis"
"B40.0","category","B40","Acute pulmonary blastomycosis"
"B40.1","category","B40","Chronic pulmonary blastomycosis"
"B40.2","category","B40","Pulmonary blastomycosis, unspecified"
"B40.3","category","B40","Cutaneous blastomycosis"
"B40.7","category","B40","Disseminated blastomycosis"
"B40.8","category","B40","Other forms of blastomycosis"
"B40.9","category","B40","Blastomycosis, unspecified"
"B41","category","B35-B49","Paracoccidioidomycosis"
"B41.0","category","B41","Pulmonary paracoccidioidomycosis"
"B41.7","category","B41","Disseminated paracoccidioidomycosis"
"B41.8","category","B41","Other forms of paracoccidioidomycosis"
"B41.9","category","B41","Paracoccidioidomycosis, unspecified"
"B42","category","B35-B49","Sporotrichosis"
"B42.0","category","B42","Pulmonary sporotrichosis J99.8"
"B42.1","category","B42","Lymphocutaneous sporotrichosis"
"B42.7","category","B42","Disseminated sporotrichosis"
"B42.8","category","B42","Other forms of sporotrichosis"
"B42.9","category","B42","Sporotrichosis, unspecified"
"B43","category","B35-B49","Chromomycosis and phaeomycotic abscess"
"B43.0","category","B43","Cutaneous chromomycosis"
"B43.1","category","B43","Phaeomycotic brain abscess"
"B43.2","category","B43","Subcutaneous phaeomycotic abscess and cyst"
"B43.8","category","B43","Other forms of chromomycosis"
"B43.9","category","B43","Chromomycosis, unspecified"
"B44","category","B35-B49","Aspergillosis"
"B44.0","category","B44","Invasive pulmonary aspergillosis"
"B44.1","category","B44","Other pulmonary aspergillosis"
"B44.2","category","B44","Tonsillar aspergillosis"
"B44.7","category","B44","Disseminated aspergillosis"
"B44.8","category","B44","Other forms of aspergillosis"
"B44.9","category","B44","Aspergillosis, unspecified"
"B45","category","B35-B49","Cryptococcosis"
"B45.0","category","B45","Pulmonary cryptococcosis"
"B45.1","category","B45","Cerebral cryptococcosis"
"B45.2","category","B45","Cutaneous cryptococcosis"
"B45.3","category","B45","Osseous cryptococcosis"
"B45.7","category","B45","Disseminated cryptococcosis"
"B45.8","category","B45","Other forms of cryptococcosis"
"B45.9","category","B45","Cryptococcosis, unspecified"
"B46","category","B35-B49","Zygomycosis"
"B46.0","category","B46","Pulmonary mucormycosis"
"B46.1","category","B46","Rhinocerebral mucormycosis"
"B46.2","category","B46","Gastrointestinal mucormycosis"
"B46.3","category","B46","Cutaneous mucormycosis"
"B46.4","category","B46","Disseminated mucormycosis"
"B46.5","category","B46","Mucormycosis, unspecified"
"B46.8","category","B46","Other zygomycoses"
"B46.9","category","B46","Zygomycosis, unspecified"
"B47","category","B35-B49","Mycetoma"
"B47.0","category","B47","Eumycetoma"
"B47.1","category","B47","Actinomycetoma"
"B47.9","category","B47","Mycetoma, unspecified"
"B48","category","B35-B49","Other mycoses, not elsewhere classified"
"B48.0","category","B48","Lobomycosis"
"B48.1","category","B48","Rhinosporidiosis"
"B48.2","category","B48","Allescheriasis"
"B48.3","category","B48","Geotrichosis"
"B48.4","category","B48","Penicillosis"
"B48.5","category","B48","Pneumocystosis J17.2"
"B48.7","category","B48","Opportunistic mycoses"
"B48.8","category","B48","Other specified mycoses"
"B49","category","B35-B49","Unspecified mycosis"
"B50-B64","block","I","Protozoal diseases"
"B50","category","B50-B64","Plasmodium falciparum malaria"
"B50.0","category","B50","Plasmodium falciparum malaria with cerebral complications"
"B50.8","category","B50","Other severe and complicated Plasmodium falciparum malaria"
"B50.9","category","B50","Plasmodium falciparum malaria, unspecified"
"B51","category","B50-B64","Plasmodium vivax malaria"
"B51.0","category","B51","Plasmodium vivax malaria with rupture of spleen"
"B51.8","category","B51","Plasmodium vivax malaria with other complications"
"B51.9","category","B51","Plasmodium vivax malaria without complication"
"B52","category","B50-B64","Plasmodium malariae malaria"
"B52.0","category","B52","Plasmodium malariae malaria with nephropathy"
"B52.8","category","B52","Plasmodium malariae malaria with other complications"
"B52.9","category","B52","Plasmodium malariae malaria without complication"
"B53","category","B50-B64","Other parasitologically confirmed malaria"
"B53.0","category","B53","Plasmodium ovale malaria"
"B53.1","category","B53","Malaria due to simian plasmodia"
"B53.8","category","B53","Other parasitologically confirmed malaria, not elsewhere classified"
"B54","category","B50-B64","Unspecified malaria"
"B55","category","B50-B64","Leishmaniasis"
"B55.0","category","B55","Visceral leishmaniasis"
"B55.1","category","B55","Cutaneous leishmaniasis"
"B55.2","category","B55","Mucocutaneous leishmaniasis"
"B55.9","category","B55","Leishmaniasis, unspecified"
"B56","category","B50-B64","African trypanosomiasis"
"B56.0","category","B56","Gambiense trypanosomiasis"
"B56.1","category","B56","Rhodesiense trypanosomiasis"
"B56.9","category","B56","African trypanosomiasis, unspecified"
"B57","category","B50-B64","Chagas disease"
"B57.0","category","B57","Acute Chagas disease with heart involvement I41.2 I98.1"
"B57.1","category","B57","Acute Chagas disease without heart involvement"
"B57.2","category","B57","Chagas disease (chronic) with heart involvement"
"B57.3","category","B57","Chagas disease (chronic) with digestive system involvement"
"B57.4","category","B57","Chagas disease (chronic) with nervous system involvement"
"B57.5","category","B57","Chagas disease (chronic) with other organ involvement"
"B58","category","B50-B64","Toxoplasmosis"
"B58.0","category","B58","Toxoplasma oculopathy"
"B58.1","category","B58","Toxoplasma hepatitis K77.0"
"B58.2","category","B58","Toxoplasma meningoencephalitis G05.2"
"B58.3","category","B58","Pulmonary toxoplasmosis J17.3"
"B58.8","category","B58","Toxoplasmosis with other organ involvement"
"B58.9","category","B58","Toxoplasmosis, unspecified"
"B60","category","B50-B64","Other protozoal diseases, not elsewhere classified"
"B60.0","category","B60","Babesiosis"
"B60.1","category","B60","Acanthamoebiasis"
"B60.2","category","B60","Naegleriasis"
"B60.8","category","B60","Other specified protozoal diseases"
"B64","category","B50-B64","Unspecified protozoal disease"
"B65-B83","block","I","Helminthiases"
"B65","category","B65-B83","Schistosomiasis [bilharziasis]"
"B65.0","category","B65","Schistosomiasis due to Schistosoma haematobium [urinary schistosomiasis]"
"B65.1","category","B65","Schistosomiasis due to Schistosoma mansoni [intestinal schistosomiasis]"
"B65.2","category","B65","Schistosomiasis due to Schistosoma japonicum"
"B65.3","category","B65","Cercarial dermatitis"
"B65.8","category","B65","Other schistosomiases"
"B65.9","category","B65","Schistosomiasis, unspecified"
"B66","category","B65-B83","Other fluke infections"
"B66.0","category","B66","Opisthorchiasis"
"B66.1","category","B66","Clonorchiasis"
"B66.2","category","B66","Dicrocoeliasis"
"B66.3","category","B66","Fascioliasis"
"B66.4","category","B66","Paragonimiasis"
"B66.5","category","B66","Fasciolopsiasis"
"B66.8","category","B66","Other specified fluke infections"
"B66.9","category","B66","Fluke infection, unspecified"
"B67","category","B65-B83","Echinococcosis"
"B67.0","category","B67","Echinococcus granulosus infection of liver"
"B67.1","category","B67","Echinococcus granulosus infection of lung"
"B67.2","category","B67","Echinococcus granulosus infection of bone"
"B67.3","category","B67","Echinococcus granulosus infection, other and multiple sites"
"B67.4","category","B67","Echinococcus granulosus infection, unspecified"
"B67.5","category","B67","Echinococcus multilocularis infection of liver"
"B67.6","category","B67","Echinococcus multilocularis infection, other and multiple sites"
"B67.7","category","B67","Echinococcus multilocularis infection, unspecified"
"B67.8","category","B67","Echinococcosis, unspecified, of liver"
"B67.9","category","B67","Echinococcosis, other and unspecified"
"B68","category","B65-B83","Taeniasis"
"B68.0","category","B68","Taenia solium taeniasis"
"B68.1","category","B68","Taenia saginata taeniasis"
"B68.9","category","B68","Taeniasis, unspecified"
"B69","category","B65-B83","Cysticercosis"
"B69.0","category","B69","Cysticercosis of central nervous system"
"B69.1","category","B69","Cysticercosis of eye"
"B69.8","category","B69","Cysticercosis of other sites"
"B69.9","category","B69","Cysticercosis, unspecified"
"B70","category","B65-B83","Diphyllobothriasis and sparganosis"
"B70.0","category","B70","Diphyllobothriasis"
"B70.1","category","B70","Sparganosis"
"B71","category","B65-B83","Other cestode infections"
"B71.0","category","B71","Hymenolepiasis"
"B71.1","category","B71","Dipylidiasis"
"B71.8","category","B71","Other specified cestode infections"
"B71.9","category","B71","Cestode infection, unspecified"
"B72","category","B65-B83","Dracunculiasis"
"B73","category","B65-B83","Onchocerciasis"
"B74","category","B65-B83","Filariasis"
"B74.0","category","B74","Filariasis due to Wuchereria bancrofti"
"B74.1","category","B74","Filariasis due to Brugia malayi"
"B74.2","category","B74","Filariasis due to Brugia timori"
"B74.3","category","B74","Loiasis"
"B74.4","category","B74","Mansonelliasis"
"B74.8","category","B74","Other filariases"
"B74.9","category","B74","Filariasis, unspecified"
"B75","category","B65-B83","Trichinellosis"
"B76","category","B65-B83","Hookworm diseases"
"B76.0","category","B76","Ancylostomiasis"
"B76.1","category","B76","Necatoriasis"
"B76.8","category","B76","Other hookworm diseases"
"B76.9","category","B76","Hookworm disease, unspecified"
"B77","category","B65-B83","Ascariasis"
"B77.0","category","B77","Ascariasis with intestinal complications"
"B77.8","category","B77","Ascariasis with other complications"
"B77.9","category","B77","Ascariasis, unspecified"
"B78","category","B65-B83","Strongyloidiasis"
"B78.0","category","B78","Intestinal strongyloidiasis"
"B78.1","category","B78","Cutaneous strongyloidiasis"
"B78.7","category","B78","Disseminated strongyloidiasis"
"B78.9","category","B78","Strongyloidiasis, unspecified"
"B79","category","B65-B83","Trichuriasis"
"B80","category","B65-B83","Enterobiasis"
"B81","category","B65-B83","Other intestinal helminthiases, not elsewhere classified"
"B81.0","category","B81","Anisakiasis"
"B81.1","category","B81","Intestinal capillariasis"
"B81.2","category","B81","Trichostrongyliasis"
"B81.3","category","B81","Intestinal angiostrongyliasis"
"B81.4","category","B81","Mixed intestinal helminthiases"
"B81.8","category","B81","Other specified intestinal helminthiases"
"B82","category","B65-B83","Unspecified intestinal parasitism"
"B82.0","category","B82","Intestinal helminthiasis, unspecified"
"B82.9","category","B82","Intestinal parasitism, unspecified"
"B83","category","B65-B83","Other helminthiases"
"B83.0","category","B83","Visceral larva migrans"
"B83.1","category","B83","Gnathostomiasis"
"B83.2","category","B83","Angiostrongyliasis due to Parastrongylus cantonensis"
"B83.3","category","B83","Syngamiasis"
"B83.4","category","B83","Internal hirudiniasis"
"B83.8","category","B83","Other specified helminthiases"
"B83.9","category","B83","Helminthiasis, unspecified"
"B85-B89","block","I","Pediculosis, acariasis and other infestations"
"B85","category","B85-B89","Pediculosis and phthiriasis"
"B85.0","category","B85","Pediculosis due to Pediculus humanus capitis"
"B85.1","category","B85","Pediculosis due to Pediculus humanus corporis"
"B85.2","category","B85","Pediculosis, unspecified"
"B85.3","category","B85","Phthiriasis"
"B85.4","category","B85","Mixed pediculosis and phthiriasis"
"B86","category","B85-B89","Scabies"
"B87","category","B85-B89","Myiasis"
"B87.0","category","B87","Cutaneous myiasis"
"B87.1","category","B87","Wound myiasis"
"B87.2","category","B87","Ocular myiasis"
"B87.3","category","B87","Nasopharyngeal myiasis"
"B87.4","category","B87","Aural myiasis"
"B87.8","category","B87","Myiasis of other sites"
"B87.9","category","B87","Myiasis, unspecified"
"B88","category","B85-B89","Other infestations"
"B88.0","category","B88","Other acariasis"
"B88.1","category","B88","Tungiasis [sandflea infestation]"
"B88.2","category","B88","Other arthropod infestations"
"B88.3","category","B88","External hirudiniasis"
"B88.8","category","B88","Other specified infestations"
"B88.9","category","B88","Infestation, unspecified"
"B89","category","B85-B89","Unspecified parasitic disease"
"B90-B94","block","I","Sequelae of infectious and parasitic diseases"
"B90","category","B90-B94","Sequelae of tuberculosis"
"B90.0","category","B90","Sequelae of central nervous system tuberculosis"
"B90.1","category","B90","Sequelae of genitourinary tuberculosis"
"B90.2","category","B90","Sequelae of tuberculosis of bones and joints"
"B90.8","category","B90","Sequelae of tuberculosis of other organs"
"B90.9","category","B90","Sequelae of respiratory and unspecified tuberculosis"
"B91","category","B90-B94","Sequelae of poliomyelitis"
"B92","category","B90-B94","Sequelae of leprosy"
"B94","category","B90-B94","Sequelae of other and unspecified infectious and parasitic diseases"
"B94.0","category","B94","Sequelae of trachoma"
"B94.1","category","B94","Sequelae of viral encephalitis"
"B94.2","category","B94","Sequelae of viral hepatitis"
"B94.8","category","B94","Sequelae of other specified infectious and parasitic diseases"
"B94.9","category","B94","Sequelae of unspecified infectious or parasitic disease"
"B95-B98","block","I","Bacterial, viral and other infectious agents"
"B95","category","B95-B98","Streptococcus and staphylococcus as the cause of diseases classified to other chapters"
"B95.0","category","B95","Streptococcus, group A, as the cause of diseases classified to other chapters"
"B95.1","category","B95","Streptococcus, group B, as the cause of diseases classified to other chapters"
"B95.2","category","B95","Streptococcus group D and enterococcus as the cause of diseases classified to other chapters"
"B95.3","category","B95","Streptococcus pneumoniae as the cause of diseases classified to other chapters"
"B95.4","category","B95","Other streptococcus as the cause of diseases classified to other chapters"
"B95.5","category","B95","Unspecified streptococcus as the cause of diseases classified to other chapters"
"B95.6","category","B95","Staphylococcus aureus as the cause of diseases classified to other chapters"
"B95.7","category","B95","Other staphylococcus as the cause of diseases classified to other chapters"
"B95.8","category","B95","Unspecified staphylococcus as the cause of diseases classified to other chapters"
"B96","category","B95-B98","Other specified bacterial agents as the cause of diseases classified to other chapters"
"B96.0","category","B96","Mycoplasma pneumoniae [M. pneumoniae] as the cause of diseases classified to other chapters"
"B96.1","category","B96","Klebsiella pneumoniae [K. pneumoniae] as the cause of diseases classified to other chapters"
"B96.2","category","B96","Escherichia coli [E. coli] as the cause of diseases classified to other chapters"
"B96.3","category","B96","Haemophilus influenzae [H. influenzae] as the cause of diseases classified to other chapters"
"B96.4","category","B96","Proteus (mirabilis)(morganii) as the cause of diseases classified to other chapters"
"B96.5","category","B96","Pseudomonas (aeruginosa) as the cause of diseases classified to other chapters"
"B96.6","category","B96","Bacillus fragilis [B. fragilis] as the cause of diseases classified to other chapters"
"B96.7","category","B96","Clostridium perfringens [C. perfringens] as the cause of diseases classified to other chapters"
"B96.8","category","B96","Other specified bacterial agents as the cause of diseases classified to other chapters"
"B97","category","B95-B98","Viral agents as the cause of diseases classified to other chapters"
"B97.0","category","B97","Adenovirus as the cause of diseases classified to other chapters"
"B97.1","category","B97","Enterovirus as the cause of diseases classified to other chapters"
"B97.2","category","B97","Coronavirus as the cause of diseases classified to other chapters"
"B97.3","category","B97","Retrovirus as the cause of diseases classified to other chapters"
"B97.4","category","B97","Respiratory syncytial virus as the cause of diseases classified to other chapters"
"B97.5","category","B97","Reovirus as the cause of diseases classified to other chapters"
"B97.6","category","B97","Parvovirus as the cause of diseases classified to other chapters"
"B97.7","category","B97","Papillomavirus as the cause of diseases classified to other chapters"
"B97.8","category","B97","Other viral agents as the cause of diseases classified to other chapters"
"B98","category","B95-B98","Other specified infectious agents as the cause of diseases classified to other chapters"
"B98.0","category","B98","Helicobacter pylori [H.pylori] as the cause of diseases classified to other chapters"
"B98.1","category","B98","Vibrio vulnificus as the cause of diseases classified to other chapters"
"B99-B99","block","I","Other infectious diseases"
"B99","category","B99-B99","Other and unspecified infectious diseases"
"II","chapter","","Neoplasms"
"C00-C97","block","II","Malignant neoplasms"
"C00-C75","block","C00-C97","Malignant neoplasms, stated or presumed to be primary, of specified sites, except of lymphoid, haematopoietic and related tissue"
"C00-C14","block","C00-C75","Malignant neoplasms of lip, oral cavity and pharynx"
"C00","category","C00-C14","Malignant neoplasm of lip"
"C00.0","category","C00","External upper lip"
"C00.1","category","C00","External lower lip"
"C00.2","category","C00","External lip, unspecified"
"C00.3","category","C00","Upper lip, inner aspect"
"C00.4","category","C00","Lower lip, inner aspect"
"C00.5","category","C00","Lip, unspecified, inner aspect"
"C00.6","category","C00","Commissure of lip"
"C00.8","category","C00","Overlapping lesion of lip"
"C00.9","category","C00","Lip, unspecified"
"C01","category","C00-C14","Malignant neoplasm of base of tongue"
"C02","category","C00-C14","Malignant neoplasm of other and unspecified parts of tongue"
"C02.0","category","C02","Dorsal surface of tongue"
"C02.1","category","C02","Border of tongue"
"C02.2","category","C02","Ventral surface of tongue"
"C02.3","category","C02","Anterior two-thirds of tongue, part unspecified"
"C02.4","category","C02","Lingual tonsil"
"C02.8","category","C02","Overlapping lesion of tongue"
"C02.9","category","C02","Tongue, unspecified"
"C03","category","C00-C14","Malignant neoplasm of gum"
"C03.0","category","C03","Upper gum"
"C03.1","category","C03","Lower gum"
"C03.9","category","C03","Gum, unspecified"
"C04","category","C00-C14","Malignant neoplasm of floor of mouth"
"C04.0","category","C04","Anterior floor of mouth"
"C04.1","category","C04","Lateral floor of mouth"
"C04.8","category","C04","Overlapping lesion of floor of mouth"
"C04.9","category","C04","Floor of mouth, unspecified"
"C05","category","C00-C14","Malignant neoplasm of palate"
"C05.0","category","C05","Hard palate"
"C05.1","category","C05","Soft palate"
"C05.2","category","C05","Uvula"
"C05.8","category","C05","Overlapping lesion of palate"
"C05.9","category","C05","Palate, unspecified"
"C06","category","C00-C14","Malignant neoplasm of other and unspecified parts of mouth"
"C06.0","category","C06","Cheek mucosa"
"C06.1","category","C06","Vestibule of mouth"
"C06.2","category","C06","Retromolar area"
"C06.8","category","C06","Overlapping lesion of other and unspecified parts of mouth"
"C06.9","category","C06","Mouth, unspecified"
"C07","category","C00-C14","Malignant neoplasm of parotid gland"
"C08","category","C00-C14","Malignant neoplasm of other and unspecified major salivary glands"
"C08.0","category","C08","Submandibular gland"
"C08.1","category","C08","Sublingual gland"
"C08.8","category","C08","Overlapping lesion of major salivary glands"
"C08.9","category","C08","Major salivary gland, unspecified"
"C09","category","C00-C14","Malignant neoplasm of tonsil"
"C09.0","category","C09","Tonsillar fossa"
"C09.1","category","C09","Tonsillar pillar (anterior)(posterior)"
"C09.8","category","C09","Overlapping lesion of tonsil"
"C09.9","category","C09","Tonsil, unspecified"
"C10","category","C00-C14","Malignant neoplasm of oropharynx"
"C10.0","category","C10","Vallecula"
"C10.1","category","C10","Anterior surface of epiglottis"
"C10.2","category","C10","Lateral wall of oropharynx"
"C10.3","category","C10","Posterior wall of oropharynx"
"C10.4","category","C10","Branchial cleft"
"C10.8","category","C10","Overlapping lesion of oropharynx"
"C10.9","category","C10","Oropharynx, unspecified"
"C11","category","C00-C14","Malignant neoplasm of nasopharynx"
"C11.0","category","C11","Superior wall of nasopharynx"
"C11.1","category","C11","Posterior wall of nasopharynx"
"C11.2","category","C11","Lateral wall of nasopharynx"
"C11.3","category","C11","Anterior wall of nasopharynx"
"C11.8","category","C11","Overlapping lesion of nasopharynx"
"C11.9","category","C11","Nasopharynx, unspecified"
"C12","category","C00-C14","Malignant neoplasm of piriform sinus"
"C13","category","C00-C14","Malignant neoplasm of hypopharynx"
"C13.0","category","C13","Postcricoid region"
"C13.1","category","C13","Aryepiglottic fold, hypopharyngeal aspect"
"C13.2","category","C13","Posterior wall of hypopharynx"
"C13.8","category","C13","Overlapping lesion of hypopharynx"
"C13.9","category","C13","Hypopharynx, unspecified"
"C14","category","C00-C14","Malignant neoplasm of other and ill-defined sites in the lip, oral cavity and pharynx"
"C14.0","category","C14","Pharynx, unspecified"
"C14.2","category","C14","Waldeyer ring"
"C14.8","category","C14","Overlapping lesion of lip, oral cavity and pharynx"
"C15-C26","block","C00-C75","Malignant neoplasms of digestive organs"
"C15","category","C15-C26","Malignant neoplasm of oesophagus"
"C15.0","category","C15","Cervical part of oesophagus"
"C15.1","category","C15","Thoracic part of oesophagus"
"C15.2","category","C15","Abdominal part of oesophagus"
"C15.3","category","C15","Upper third of oesophagus"
"C15.4","category","C15","Middle third of oesophagus"
"C15.5","category","C15","Lower third of oesophagus"
"C15.8","category","C15","Overlapping lesion of oesophagus"
"C15.9","category","C15","Oesophagus, unspecified"
"C16","category","C15-C26","Malignant neoplasm of stomach"
"C16.0","category","C16","Cardia"
"C16.1","category","C16","Fundus of stomach"
"C16.2","category","C16","Body of stomach"
"C16.3","category","C16","Pyloric antrum"
"C16.4","category","C16","Pylorus"
"C16.5","category","C16","Lesser curvature of stomach, unspecified"
"C16.6","category","C16","Greater curvature of stomach, unspecified"
"C16.8","category","C16","Overlapping lesion of stomach"
"C16.9","category","C16","Stomach, unspecified"
"C17","category","C15-C26","Malignant neoplasm of small intestine"
"C17.0","category","C17","Duodenum"
"C17.1","category","C17","Jejunum"
"C17.2","category","C17","Ileum"
"C17.3","category","C17","Meckel diverticulum"
"C17.8","category","C17","Overlapping lesion of small intestine"
"C17.9","category","C17","Small intestine, unspecified"
"C18","category","C15-C26","Malignant neoplasm of colon"
"C18.0","category","C18","Caecum"
"C18.1","category","C18","Appendix"
"C18.2","category","C18","Ascending colon"
"C18.3","category","C18","Hepatic flexure"
"C18.4","category","C18","Transverse colon"
"C18.5","category","C18","Splenic flexure"
"C18.6","category","C18","Descending colon"
"C18.7","category","C18","Sigmoid colon"
"C18.8","category","C18","Overlapping lesion of colon"
"C18.9","category","C18","Colon, unspecified"
"C19","category","C15-C26","Malignant neoplasm of rectosigmoid junction"
"C20","category","C15-C26","Malignant neoplasm of rectum"
"C21","category","C15-C26","Malignant neoplasm of anus and anal canal"
"C21.0","category","C21","Anus, unspecified"
"C21.1","category","C21","Anal canal"
"C21.2","category","C21","Cloacogenic zone"
"C21.8","category","C21","Overlapping lesion of rectum, anus and anal canal"
"C22","category","C15-C26","Malignant neoplasm of liver and intrahepatic bile ducts"
"C22.0","category","C22","Liver cell carcinoma"
"C22.1","category","C22","Intrahepatic bile duct carcinoma"
"C22.2","category","C22","Hepatoblastoma"
"C22.3","category","C22","Angiosarcoma of liver"
"C22.4","category","C22","Other sarcomas of liver"
"C22.7","category","C22","Other specified carcinomas of liver"
"C22.9","category","C22","Liver, unspecified"
"C23","category","C15-C26","Malignant neoplasm of gallbladder"
"C24","category","C15-C26","Malignant neoplasm of other and unspecified parts of biliary tract"
"C24.0","category","C24","Extrahepatic bile duct"
"C24.1","category","C24","Ampulla of Vater"
"C24.8","category","C24","Overlapping lesion of biliary tract"
"C24.9","category","C24","Biliary tract, unspecified"
"C25","category","C15-C26","Malignant neoplasm of pancreas"
"C25.0","category","C25","Head of pancreas"
"C25.1","category","C25","Body of pancreas"
"C25.2","category","C25","Tail of pancreas"
"C25.3","category","C25","Pancreatic duct"
"C25.4","category","C25","Endocrine pancreas"
"C25.7","category","C25","Other parts of pancreas"
"C25.8","category","C25","Overlapping lesion of pancreas"
"C25.9","category","C25","Pancreas, unspecified"
"C26","category","C15-C26","Malignant neoplasm of other and ill-defined digestive organs"
"C26.0","category","C26","Intestinal tract, part unspecified"
"C26.1","category","C26","Spleen"
"C26.8","category","C26","Overlapping lesion of digestive system"
"C26.9","category","C26","Ill-defined sites within the digestive system"
"C30-C39","block","C00-C75","Malignant neoplasms of respiratory and intrathoracic organs"
"C30","category","C30-C39","Malignant neoplasm of nasal cavity and middle ear"
"C30.0","category","C30","Nasal cavity"
"C30.1","category","C30","Middle ear"
"C31","category","C30-C39","Malignant neoplasm of accessory sinuses"
"C31.0","category","C31","Maxillary sinus"
"C31.1","category","C31","Ethmoidal sinus"
"C31.2","category","C31","Frontal sinus"
"C31.3","category","C31","Sphenoidal sinus"
"C31.8","category","C31","Overlapping lesion of accessory sinuses"
"C31.9","category","C31","Accessory sinus, unspecified"
"C32","category","C30-C39","Malignant neoplasm of larynx"
"C32.0","category","C32","Glottis"
"C32.1","category","C32","Supraglottis"
"C32.2","category","C32","Subglottis"
"C32.3","category","C32","Laryngeal cartilage"
"C32.8","category","C32","Overlapping lesion of larynx"
"C32.9","category","C32","Larynx, unspecified"
"C33","category","C30-C39","Malignant neoplasm of trachea"
"C34","category","C30-C39","Malignant neoplasm of bronchus and lung"
"C34.0","category","C34","Main bronchus"
"C34.1","category","C34","Upper lobe, bronchus or lung"
"C34.2","category","C34","Middle lobe, bronchus or lung"
"C34.3","category","C34","Lower lobe, bronchus or lung"
"C34.8","category","C34","Overlapping lesion of bronchus and lung"
"C34.9","category","C34","Bronchus or lung, unspecified"
"C37","category","C30-C39","Malignant neoplasm of thymus"
"C38","category","C30-C39","Malignant neoplasm of heart, mediastinum and pleura"
"C38.0","category","C38","Heart"
"C38.1","category","C38","Anterior mediastinum"
"C38.2","category","C38","Posterior mediastinum"
"C38.3","category","C38","Mediastinum, part unspecified"
"C38.4","category","C38","Pleura"
"C38.8","category","C38","Overlapping lesion of heart, mediastinum and pleura"
"C39","category","C30-C39","Malignant neoplasm of other and ill-defined sites in the respiratory system and intrathoracic organs"
"C39.0","category","C39","Upper respiratory tract, part unspecified"
"C39.8","category","C39","Overlapping lesion of respiratory and intrathoracic organs"
"C39.9","category","C39","Ill-defined sites within the respiratory system"
"C40-C41","block","C00-C75","Malignant neoplasms of bone and articular cartilage"
"C40","category","C40-C41","Malignant neoplasm of bone and articular cartilage of limbs"
"C40.0","category","C40","Scapula and long bones of upper limb"
"C40.1","category","C40","Short bones of upper limb"
"C40.2","category","C40","Long bones of lower limb"
"C40.3","category","C40","Short bones of lower limb"
"C40.8","category","C40","Overlapping lesion of bone and articular cartilage of limbs"
"C40.9","category","C40","Bone and articular cartilage of limb, unspecified"
"C41","category","C40-C41","Malignant neoplasm of bone and articular cartilage of other and unspecified sites"
"C41.0","category","C41","Bones of skull and face"
"C41.1","category","C41","Mandible"
"C41.2","category","C41","Vertebral column"
"C41.3","category","C41","Ribs, sternum and clavicle"
"C41.4","category","C41","Pelvic bones, sacrum and coccyx"
"C41.8","category","C41","Overlapping lesion of bone and articular cartilage"
"C41.9","category","C41","Bone and articular cartilage, unspecified"
"C43-C44","block","C00-C75","Melanoma and other malignant neoplasms of skin"
"C43","category","C43-C44","Malignant melanoma of skin"
"C43.0","category","C43","Malignant melanoma of lip"
"C43.1","category","C43","Malignant melanoma of eyelid, including canthus"
"C43.2","category","C43","Malignant melanoma of ear and external auricular canal"
"C43.3","category","C43","Malignant melanoma of other and unspecified parts of face"
"C43.4","category","C43","Malignant melanoma of scalp and neck"
"C43.5","category","C43","Malignant melanoma of trunk"
"C43.6","category","C43","Malignant melanoma of upper limb, including shoulder"
"C43.7","category","C43","Malignant melanoma of lower limb, including hip"
"C43.8","category","C43","Overlapping malignant melanoma of skin"
"C43.9","category","C43","Malignant melanoma of skin, unspecified"
"C44","category","C43-C44","Other malignant neoplasms of skin"
"C44.0","category","C44","Skin of lip"
"C44.1","category","C44","Skin of eyelid, including canthus"
"C44.2","category","C44","Skin of ear and external auricular canal"
"C44.3","category","C44","Skin of other and unspecified parts of face"
"C44.4","category","C44","Skin of scalp and neck"
"C44.5","category","C44","Skin of trunk"
"C44.6","category","C44","Skin of upper limb, including shoulder"
"C44.7","category","C44","Skin of lower limb, including hip"
"C44.8","category","C44","Overlapping lesion of skin"
"C44.9","category","C44","Malignant neoplasm of skin, unspecified"
"C45-C49","block","C00-C75","Malignant neoplasms of mesothelial and soft tissue"
"C45","category","C45-C49","Mesothelioma"
"C45.0","category","C45","Mesothelioma of pleura"
"C45.1","category","C45","Mesothelioma of peritoneum"
"C45.2","category","C45","Mesothelioma of pericardium"
"C45.7","category","C45","Mesothelioma of other sites"
"C45.9","category","C45","Mesothelioma, unspecified"
"C46","category","C45-C49","Kaposi sarcoma"
"C46.0","category","C46","Kaposi sarcoma of skin"
"C46.1","category","C46","Kaposi sarcoma of soft tissue"
"C46.2","category","C46","Kaposi sarcoma of palate"
"C46.3","category","C46","Kaposi sarcoma of lymph nodes"
"C46.7","category","C46","Kaposi sarcoma of other sites"
"C46.8","category","C46","Kaposi sarcoma of multiple organs"
"C46.9","category","C46","Kaposi sarcoma, unspecified"
"C47","category","C45-C49","Malignant neoplasm of peripheral nerves and autonomic nervous system"
"C47.0","category","C47","Peripheral nerves of head, face and neck"
"C47.1","category","C47","Peripheral nerves of upper limb, including shoulder"
"C47.2","category","C47","Peripheral nerves of lower limb, including hip"
"C47.3","category","C47","Peripheral nerves of thorax"
"C47.4","category","C47","Peripheral nerves of abdomen"
"C47.5","category","C47","Peripheral nerves of pelvis"
"C47.6","category","C47","Peripheral nerves of trunk, unspecified"
"C47.8","category","C47","Overlapping lesion of peripheral nerves and autonomic nervous system"
"C47.9","category","C47","Peripheral nerves and autonomic nervous system, unspecified"
"C48","category","C45-C49","Malignant neoplasm of retroperitoneum and peritoneum"
"C48.0","category","C48","Retroperitoneum"
"C48.1","category","C48","Specified parts of peritoneum"
"C48.2","category","C48","Peritoneum, unspecified"
"C48.8","category","C48","Overlapping lesion of retroperitoneum and peritoneum"
"C49","category","C45-C49","Malignant neoplasm of other connective and soft tissue"
"C49.0","category","C49","Connective and soft tissue of head, face and neck"
"C49.1","category","C49","Connective and soft tissue of upper limb, including shoulder"
"C49.2","category","C49","Connective and soft tissue of lower limb, including hip"
"C49.3","category","C49","Connective and soft tissue of thorax"
"C49.4","category","C49","Connective and soft tissue of abdomen"
"C49.5","category","C49","Connective and soft tissue of pelvis"
"C49.6","category","C49","Connective and soft tissue of trunk, unspecified"
"C49.8","category","C49","Overlapping lesion of connective and soft tissue"
"C49.9","category","C49","Connective and soft tissue, unspecified"
"C50-C50","block","C00-C75","Malignant neoplasm of breast"
"C50","category","C50-C50","Malignant neoplasm of breast"
"C50.0","category","C50","Nipple and areola"
"C50.1","category","C50","Central portion of breast"
"C50.2","category","C50","Upper-inner quadrant of breast"
"C50.3","category","C50","Lower-inner quadrant of breast"
"C50.4","category","C50","Upper-outer quadrant of breast"
"C50.5","category","C50","Lower-outer quadrant of breast"
"C50.6","category","C50","Axillary tail of breast"
"C50.8","category","C50","Overlapping lesion of breast"
"C50.9","category","C50","Breast, unspecified"
"C51-C58","block","C00-C75","Malignant neoplasms of female genital organs"
"C51","category","C51-C58","Malignant neoplasm of vulva"
"C51.0","category","C51","Labium majus"
"C51.1","category","C51","Labium minus"
"C51.2","category","C51","Clitoris"
"C51.8","category","C51","Overlapping lesion of vulva"
"C51.9","category","C51","Vulva, unspecified"
"C52","category","C51-C58","Malignant neoplasm of vagina"
"C53","category","C51-C58","Malignant neoplasm of cervix uteri"
"C53.0","category","C53","Endocervix"
"C53.1","category","C53","Exocervix"
"C53.8","category","C53","Overlapping lesion of cervix uteri"
"C53.9","category","C53","Cervix uteri, unspecified"
"C54","category","C51-C58","Malignant neoplasm of corpus uteri"
"C54.0","category","C54","Isthmus uteri"
"C54.1","category","C54","Endometrium"
"C54.2","category","C54","Myometrium"
"C54.3","category","C54","Fundus uteri"
"C54.8","category","C54","Overlapping lesion of corpus uteri"
"C54.9","category","C54","Corpus uteri, unspecified"
"C55","category","C51-C58","Malignant neoplasm of uterus, part unspecified"
"C56","category","C51-C58","Malignant neoplasm of ovary"
"C57","category","C51-C58","Malignant neoplasm of other and unspecified female genital organs"
"C57.0","category","C57","Fallopian tube"
"C57.1","category","C57","Broad ligament"
"C57.2","category","C57","Round ligament"
"C57.3","category","C57","Parametrium"
"C57.4","category","C57","Uterine adnexa, unspecified"
"C57.7","category","C57","Other specified female genital organs"
"C57.8","category","C57","Overlapping lesion of female genital organs"
"C57.9","category","C57","Female genital organ, unspecified"
"C58","category","C51-C58","Malignant neoplasm of placenta"
"C60-C63","block","C00-C75","Malignant neoplasms of male genital organs"
"C60","category","C60-C63","Malignant neoplasm of penis"
"C60.0","category","C60","Prepuce"
"C60.1","category","C60","Glans penis"
"C60.2","category","C60","Body of penis"
"C60.8","category","C60","Overlapping lesion of penis"
"C60.9","category","C60","Penis, unspecified"
"C61","category","C60-C63","Malignant neoplasm of prostate"
"C62","category","C60-C63","Malignant neoplasm of testis"
"C62.0","category","C62","Undescended testis"
"C62.1","category","C62","Descended testis"
"C62.9","category","C62","Testis, unspecified"
"C63","category","C60-C63","Malignant neoplasm of other and unspecified male genital organs"
"C63.0","category","C63","Epididymis"
"C63.1","category","C63","Spermatic cord"
"C63.2","category","C63","Scrotum"
"C63.7","category","C63","Other specified male genital organs"
"C63.8","category","C63","Overlapping lesion of male genital organs"
"C63.9","category","C63","Male genital organ, unspecified"
"C64-C68","block","C00-C75","Malignant neoplasms of urinary tract"
"C64","category","C64-C68","Malignant neoplasm of kidney, except renal pelvis"
"C65","category","C64-C68","Malignant neoplasm of renal pelvis"
"C66","category","C64-C68","Malignant neoplasm of ureter"
"C67","category","C64-C68","Malignant neoplasm of bladder"
"C67.0","category","C67","Trigone of bladder"
"C67.1","category","C67","Dome of bladder"
"C67.2","category","C67","Lateral wall of bladder"
"C67.3","category","C67","Anterior wall of bladder"
"C67.4","category","C67","Posterior wall of bladder"
"C67.5","category","C67","Bladder neck"
"C67.6","category","C67","Ureteric orifice"
"C67.7","category","C67","Urachus"
"C67.8","category","C67","Overlapping lesion of bladder"
"C67.9","category","C67","Bladder, unspecified"
"C68","category","C64-C68","Malignant neoplasm of other and unspecified urinary organs"
"C68.0","category","C68","Urethra"
"C68.1","category","C68","Paraurethral gland"
"C68.8","category","C68","Overlapping lesion of urinary organs"
"C68.9","category","C68","Urinary organ, unspecified"
"C69-C72","block","C00-C75","Malignant neoplasms of eye, brain and other parts of central nervous system"
"C69","category","C69-C72","Malignant neoplasm of eye and adnexa"
"C69.0","category","C69","Conjunctiva"
"C69.1","category","C69","Cornea"
"C69.2","category","C69","Retina"
"C69.3","category","C69","Choroid"
"C69.4","category","C69","Ciliary body"
"C69.5","category","C69","Lacrimal gland and duct"
"C69.6","category","C69","Orbit"
"C69.8","category","C69","Overlapping lesion of eye and adnexa"
"C69.9","category","C69","Eye, unspecified"
"C70","category","C69-C72","Malignant neoplasm of meninges"
"C70.0","category","C70","Cerebral meninges"
"C70.1","category","C70","Spinal meninges"
"C70.9","category","C70","Meninges, unspecified"
"C71","category","C69-C72","Malignant neoplasm of brain"
"C71.0","category","C71","Cerebrum, except lobes and ventricles"
"C71.1","category","C71","Frontal lobe"
"C71.2","category","C71","Temporal lobe"
"C71.3","category","C71","Parietal lobe"
"C71.4","category","C71","Occipital lobe"
"C71.5","category","C71","Cerebral ventricle"
"C71.6","category","C71","Cerebellum"
"C71.7","category","C71","Brain stem"
"C71.8","category","C71","Overlapping lesion of brain"
"C71.9","category","C71","Brain, unspecified"
"C72","category","C69-C72","Malignant neoplasm of spinal cord, cranial nerves and other parts of central nervous system"
"C72.0","category","C72","Spinal cord"
"C72.1","category","C72","Cauda equina"
"C72.2","category","C72","Olfactory nerve"
"C72.3","category","C72","Optic nerve"
"C72.4","category","C72","Acoustic nerve"
"C72.5","category","C72","Other and unspecified cranial nerves"
"C72.8","category","C72","Overlapping lesion of brain and other parts of central nervous system"
"C72.9","category","C72","Central nervous system, unspecified"
"C73-C75","block","C00-C75","Malignant neoplasms of thyroid and other endocrine glands"
"C73","category","C73-C75","Malignant neoplasm of thyroid gland"
"C74","category","C73-C75","Malignant neoplasm of adrenal gland"
"C74.0","category","C74","Cortex of adrenal gland"
"C74.1","category","C74","Medulla of adrenal gland"
"C74.9","category","C74","Adrenal gland, unspecified"
"C75","category","C73-C75","Malignant neoplasm of other endocrine glands and related structures"
"C75.0","category","C75","Parathyroid gland"
"C75.1","category","C75","Pituitary gland"
"C75.2","category","C75","Craniopharyngeal duct"
"C75.3","category","C75","Pineal gland"
"C75.4","category","C75","Carotid body"
"C75.5","category","C75","Aortic body and other paraganglia"
"C75.8","category","C75","Pluriglandular involvement, unspecified"
"C75.9","category","C75","Endocrine gland, unspecified"
"C76-C80","block","C00-C97","Malignant neoplasms of ill-defined, secondary and unspecified sites"
"C76","category","C76-C80","Malignant neoplasm of other and ill-defined sites"
"C76.0","category","C76","Head, face and neck"
"C76.1","category","C76","Thorax"
"C76.2","category","C76","Abdomen"
"C76.3","category","C76","Pelvis"
"C76.4","category","C76","Upper limb"
"C76.5","category","C76","Lower limb"
"C76.7","category","C76","Other ill-defined sites"
"C76.8","category","C76","Overlapping lesion of other and ill-defined sites"
"C77","category","C76-C80","Secondary and unspecified malignant neoplasm of lymph nodes"
"C77.0","category","C77","Lymph nodes of head, face and neck"
"C77.1","category","C77","Intrathoracic lymph nodes"
"C77.2","category","C77","Intra-abdominal lymph nodes"
"C77.3","category","C77","Axillary and upper limb lymph nodes"
"C77.4","category","C77","Inguinal and lower limb lymph nodes"
"C77.5","category","C77","Intrapelvic lymph nodes"
"C77.8","category","C77","Lymph nodes of multiple regions"
"C77.9","category","C77","Lymph node, unspecified"
"C78","category","C76-C80","Secondary malignant neoplasm of respiratory and digestive organs"
"C78.0","category","C78","Secondary malignant neoplasm of lung"
"C78.1","category","C78","Secondary malignant neoplasm of mediastinum"
"C78.2","category","C78","Secondary malignant neoplasm of pleura"
"C78.3","category","C78","Secondary malignant neoplasm of other and unspecified respiratory organs"
"C78.4","category","C78","Secondary malignant neoplasm of small intestine"
"C78.5","category","C78","Secondary malignant neoplasm of large intestine and rectum"
"C78.6","category","C78","Secondary malignant neoplasm of retroperitoneum and peritoneum"
"C78.7","category","C78","Secondary malignant neoplasm of liver and intrahepatic bile duct"
"C78.8","category","C78","Secondary malignant neoplasm of other and unspecified digestive organs"
"C79","category","C76-C80","Secondary malignant neoplasm of other and unspecified sites"
"C79.0","category","C79","Secondary malignant neoplasm of kidney and renal pelvis"
"C79.1","category","C79","Secondary malignant neoplasm of bladder and other and unspecified urinary organs"
"C79.2","category","C79","Secondary malignant neoplasm of skin"
"C79.3","category","C79","Secondary malignant neoplasm of brain and cerebral meninges"
"C79.4","category","C79","Secondary malignant neoplasm of other and unspecified parts of nervous system"
"C79.5","category","C79","Secondary malignant neoplasm of bone and bone marrow"
"C79.6","category","C79","Secondary malignant neoplasm of ovary"
"C79.7","category","C79","Secondary malignant neoplasm of adrenal gland"
"C79.8","category","C79","Secondary malignant neoplasm of other specified sites"
"C79.9","category","C79","Secondary malignant neoplasm, unspecified site"
"C80","category","C76-C80","Malignant neoplasm, without specification of site"
"C80.0","category","C80","Malignant neoplasm, primary site unknown, so stated"
"C80.9","category","C80","Malignant neoplasm, primary site unspecified"
"C81-C96","block","C00-C97","Malignant neoplasms, stated or presumed to be primary, of lymphoid, haematopoietic and related tissue"
"C81","category","C81-C96","Hodgkin lymphoma"
"C81.0","category","C81","Nodular lymphocyte predominant Hodgkin lymphoma"
"C81.1","category","C81","Nodular sclerosis (classical) Hodgkin lymphoma"
"C81.2","category","C81","Mixed cellularity (classical) Hodgkin lymphoma"
"C81.3","category","C81","Lymphocyte depleted (classical) Hodgkin lymphoma"
"C81.4","category","C81","Lymphocyte-rich (classical) Hodgkin lymphoma"
"C81.7","category","C81","Other (classical) Hodgkin lymphoma"
"C81.9","category","C81","Hodgkin lymphoma, unspecified"
"C82","category","C81-C96","Follicular lymphoma"
"C82.0","category","C82","Follicular lymphoma grade I"
"C82.1","category","C82","Follicular lymphoma grade II"
"C82.2","category","C82","Follicular lymphoma grade III, unspecified"
"C82.3","category","C82","Follicular lymphoma grade IIIa"
"C82.4","category","C82","Follicular lymphoma grade IIIb"
"C82.5","category","C82","Diffuse follicle centre lymphoma"
"C82.6","category","C82","Cutaneous follicle centre lymphoma"
"C82.7","category","C82","Other types of follicular lymphoma"
"C82.9","category","C82","Follicular lymphoma, unspecified"
"C83","category","C81-C96","Non-follicular lymphoma"
"C83.0","category","C83","Small cell B-cell lymphoma"
"C83.1","category","C83","Mantle cell lymphoma"
"C83.3","category","C83","Diffuse large B-cell lymphoma"
"C83.5","category","C83","Lymphoblastic (diffuse) lymphoma"
"C83.7","category","C83","Burkitt lymphoma"
"C83.8","category","C83","Other non-follicular lymphoma"
"C83.9","category","C83","Non-follicular (diffuse) lymphoma, unspecified"
"C84","category","C81-C96","Mature T/NK-cell lymphomas"
"C84.0","category","C84","Mycosis fungoides"
"C84.1","category","C84","Sézary disease"
"C84.4","category","C84","Peripheral T-cell lymphoma, not elsewhere classified"
"C84.5","category","C84","Other mature T/NK-cell lymphomas"
"C84.6","category","C84","Anaplastic large cell lymphoma, ALK-positive"
"C84.7","category","C84","Anaplastic large cell lymphoma, ALK-negative"
"C84.8","category","C84","Cutaneous T-cell lymphoma, unspecified"
"C84.9","category","C84","Mature T/NK-cell lymphoma, unspecified"
"C85","category","C81-C96","Other and unspecified types of non-Hodgkin lymphoma"
"C85.1","category","C85","B-cell lymphoma, unspecified"
"C85.2","category","C85","Mediastinal (thymic) large B-cell lymphoma"
"C85.7","category","C85","Other specified types of non-Hodgkin lymphoma"
"C85.9","category","C85","Non-Hodgkin lymphoma, unspecified"
"C86","category","C81-C96","Other specified types of T/NK-cell lymphoma"
"C86.0","category","C86","Extranodal NK/T-cell lymphoma, nasal type"
"C86.1","category","C86","Hepatosplenic T-cell lymphoma"
"C86.2","category","C86","Enteropathy-type (intestinal) T-cell lymphoma"
"C86.3","category","C86","Subcutaneous panniculitis-like T-cell lymphoma"
"C86.4","category","C86","Blastic NK-cell lymphoma"
"C86.5","category","C86","Angioimmunoblastic T-cell lymphoma"
"C86.6","category","C86","Primary cutaneous CD30-positive T-cell proliferations"
"C88","category","C81-C96","Malignant immunoproliferative diseases"
"C88.0","category","C88","Waldenström macroglobulinaemia"
"C88.2","category","C88","Other heavy chain disease"
"C88.3","category","C88","Immunoproliferative small intestinal disease"
"C88.4","category","C88","Extranodal marginal zone B-cell lymphoma of mucosa-associated lymphoid tissue [MALT-lyphoma]"
"C88.7","category","C88","Other malignant immunoproliferative diseases"
"C88.9","category","C88","Malignant immunoproliferative disease, unspecified"
"C90","category","C81-C96","Multiple myeloma and malignant plasma cell neoplasms"
"C90.0","category","C90","Multiple myeloma"
"C90.1","category","C90","Plasma cell leukaemia"
"C90.2","category","C90","Extramedullary plasmacytoma"
"C90.3","category","C90","Solitary plasmacytoma"
"C91","category","C81-C96","Lymphoid leukaemia"
"C91.0","category","C91","Acute lymphoblastic leukaemia [ALL]"
"C91.1","category","C91","Chronic lymphocytic leukaemia of B-cell type"
"C91.3","category","C91","Prolymphocytic leukaemia of B-cell type"
"C91.4","category","C91","Hairy-cell leukaemia"
"C91.5","category","C91","Adult T-cell lymphoma/leukaemia [HTLV-1-associated]"
"C91.6","category","C91","Prolymphocytic leukaemia of T-cell type"
"C91.7","category","C91","Other lymphoid leukaemia"
"C91.8","category","C91","Mature B-cell leukaemia Burkitt-type"
"C91.9","category","C91","Lymphoid leukaemia, unspecified"
"C92","category","C81-C96","Myeloid leukaemia"
"C92.0","category","C92","Acute myeloblastic leukaemia [AML]"
"C92.1","category","C92","Chronic myeloid leukaemia [CML], BCR/ABL-positive"
"C92.2","category","C92","Atypical chronic myeloid leukaemia, BCR/ABL- negative"
"C92.3","category","C92","Myeloid sarcoma"
"C92.4","category","C92","Acute promyelocytic leukaemia [PML]"
"C92.5","category","C92","Acute myelomonocytic leukaemia"
"C92.6","category","C92","Acute myeloid leukaemia with 11q23-abnormality"
"C92.7","category","C92","Other myeloid leukaemia"
"C92.8","category","C92","Acute myeloid leukaemia with multilineage dysplasia"
"C92.9","category","C92","Myeloid leukaemia, unspecified"
"C93","category","C81-C96","Monocytic leukaemia"
"C93.0","category","C93","Acute monoblastic/monocytic leukaemia"
"C93.1","category","C93","Chronic myelomonocytic leukaemia"
"C93.3","category","C93","Juvenile myelomonocytic leukaemia"
"C93.7","category","C93","Other monocytic leukaemia"
"C93.9","category","C93","Monocytic leukaemia, unspecified"
"C94","category","C81-C96","Other leukaemias of specified cell type"
"C94.0","category","C94","Acute erythroid leukaemia"
"C94.2","category","C94","Acute megakaryoblastic leukaemia"
"C94.3","category","C94","Mast cell leukaemia"
"C94.4","category","C94","Acute panmyelosis with myelofibrosis"
"C94.6","category","C94","Myelodysplastic and myeloproliferative disease, not elsewhere classified"
"C94.7","category","C94","Other specified leukaemias"
"C95","category","C81-C96","Leukaemia of unspecified cell type"
"C95.0","category","C95","Acute leukaemia of unspecified cell type"
"C95.1","category","C95","Chronic leukaemia of unspecified cell type"
"C95.7","category","C95","Other leukaemia of unspecified cell type"
"C95.9","category","C95","Leukaemia, unspecified"
"C96","category","C81-C96","Other and unspecified malignant neoplasms of lymphoid, haematopoietic and related tissue"
"C96.0","category","C96","Multifocal and multisystemic (disseminated) Langerhans-cell histiocytosis [Letterer-Siwe disease]"
"C96.2","category","C96","Malignant mast cell tumour"
"C96.4","category","C96","Sarcoma of dendritic cells (accessory cells)"
"C96.5","category","C96","Multifocal and unisystemic Langerhans-cell histiocytosis"
"C96.6","category","C96","Unifocal Langerhans-cell histiocytosis"
"C96.7","category","C96","Other specified malignant neoplasms of lymphoid, haematopoietic and related tissue"
"C96.8","category","C96","Histiocytic sarcoma"
"C96.9","category","C96","Malignant neoplasm of lymphoid, haematopoietic and related tissue, unspecified"
"C97-C97","block","C00-C97","Malignant neoplasms of independent (primary) multiple sites"
"C97","category","C97-C97","Malignant neoplasms of independent (primary) multiple sites"
"D00-D09","block","II","In situ neoplasms"
"D00","category","D00-D09","Carcinoma in situ of oral cavity, oesophagus and stomach"
"D00.0","category","D00","Lip, oral cavity and pharynx"
"D00.1","category","D00","Oesophagus"
"D00.2","category","D00","Stomach"
"D01","category","D00-D09","Carcinoma in situ of other and unspecified digestive organs"
"D01.0","category","D01","Colon"
"D01.1","category","D01","Rectosigmoid junction"
"D01.2","category","D01","Rectum"
"D01.3","category","D01","Anus and anal canal"
"D01.4","category","D01","Other and unspecified parts of intestine"
"D01.5","category","D01","Liver, gallbladder and bile ducts"
"D01.7","category","D01","Other specified digestive organs"
"D01.9","category","D01","Digestive organ, unspecified"
"D02","category","D00-D09","Carcinoma in situ of middle ear and respiratory system"
"D02.0","category","D02","Larynx"
"D02.1","category","D02","Trachea"
"D02.2","category","D02","Bronchus and lung"
"D02.3","category","D02","Other parts of respiratory system"
"D02.4","category","D02","Respiratory system, unspecified"
"D03","category","D00-D09","Melanoma in situ"
"D03.0","category","D03","Melanoma in situ of lip"
"D03.1","category","D03","Melanoma in situ of eyelid, including canthus"
"D03.2","category","D03","Melanoma in situ of ear and external auricular canal"
"D03.3","category","D03","Melanoma in situ of other and unspecified parts of face"
"D03.4","category","D03","Melanoma in situ of scalp and neck"
"D03.5","category","D03","Melanoma in situ of trunk"
"D03.6","category","D03","Melanoma in situ of upper limb, including shoulder"
"D03.7","category","D03","Melanoma in situ of lower limb, including hip"
"D03.8","category","D03","Melanoma in situ of other sites"
"D03.9","category","D03","Melanoma in situ, unspecified"
"D04","category","D00-D09","Carcinoma in situ of skin"
"D04.0","category","D04","Skin of lip"
"D04.1","category","D04","Skin of eyelid, including canthus"
"D04.2","category","D04","Skin of ear and external auricular canal"
"D04.3","category","D04","Skin of other and unspecified parts of face"
"D04.4","category","D04","Skin of scalp and neck"
"D04.5","category","D04","Skin of trunk"
"D04.6","category","D04","Skin of upper limb, including shoulder"
"D04.7","category","D04","Skin of lower limb, including hip"
"D04.8","category","D04","Skin of other sites"
"D04.9","category","D04","Skin, unspecified"
"D05","category","D00-D09","Carcinoma in situ of breast"
"D05.0","category","D05","Lobular carcinoma in situ"
"D05.1","category","D05","Intraductal carcinoma in situ"
"D05.7","category","D05","Other carcinoma in situ of breast"
"D05.9","category","D05","Carcinoma in situ of breast, unspecified"
"D06","category","D00-D09","Carcinoma in situ of cervix uteri"
"D06.0","category","D06","Endocervix"
"D06.1","category","D06","Exocervix"
"D06.7","category","D06","Other parts of cervix"
"D06.9","category","D06","Cervix, unspecified"
"D07","category","D00-D09","Carcinoma in situ of other and unspecified genital organs"
"D07.0","category","D07","Endometrium"
"D07.1","category","D07","Vulva"
"D07.2","category","D07","Vagina"
"D07.3","category","D07","Other and unspecified female genital organs"
"D07.4","category","D07","Penis"
"D07.5","category","D07","Prostate"
"D07.6","category","D07","Other and unspecified male genital organs"
"D09","category","D00-D09","Carcinoma in situ of other and unspecified sites"
"D09.0","category","D09","Bladder"
"D09.1","category","D09","Other and unspecified urinary organs"
"D09.2","category","D09","Eye"
"D09.3","category","D09","Thyroid and other endocrine glands"
"D09.7","category","D09","Carcinoma in situ of other specified sites"
"D09.9","category","D09","Carcinoma in situ, unspecified"
"D10-D36","block","II","Benign neoplasms"
"D10","category","D10-D36","Benign neoplasm of mouth and pharynx"
"D10.0","category","D10","Lip"
"D10.1","category","D10","Tongue"
"D10.2","category","D10","Floor of mouth"
"D10.3","category","D10","Other and unspecified parts of mouth"
"D10.4","category","D10","Tonsil"
"D10.5","category","D10","Other parts of oropharynx"
"D10.6","category","D10","Nasopharynx"
"D10.7","category","D10","Hypopharynx"
"D10.9","category","D10","Pharynx, unspecified"
"D11","category","D10-D36","Benign neoplasm of major salivary glands"
"D11.0","category","D11","Parotid gland"
"D11.7","category","D11","Other major salivary glands"
"D11.9","category","D11","Major salivary gland, unspecified"
"D12","category","D10-D36","Benign neoplasm of colon, rectum, anus and anal canal"
"D12.0","category","D12","Caecum"
"D12.1","category","D12","Appendix"
"D12.2","category","D12","Ascending colon"
"D12.3","category","D12","Transverse colon"
"D12.4","category","D12","Descending colon"
"D12.5","category","D12","Sigmoid colon"
"D12.6","category","D12","Colon, unspecified"
"D12.7","category","D12","Rectosigmoid junction"
"D12.8","category","D12","Rectum"
"D12.9","category","D12","Anus and anal canal"
"D13","category","D10-D36","Benign neoplasm of other and ill-defined parts of digestive system"
"D13.0","category","D13","Oesophagus"
"D13.1","category","D13","Stomach"
"D13.2","category","D13","Duodenum"
"D13.3","category","D13","Other and unspecified parts of small intestine"
"D13.4","category","D13","Liver"
"D13.5","category","D13","Extrahepatic bile ducts"
"D13.6","category","D13","Pancreas"
"D13.7","category","D13","Endocrine pancreas"
"D13.9","category","D13","Ill-defined sites within the digestive system"
"D14","category","D10-D36","Benign neoplasm of middle ear and respiratory system"
"D14.0","category","D14","Middle ear, nasal cavity and accessory sinuses"
"D14.1","category","D14","Larynx"
"D14.2","category","D14","Trachea"
"D14.3","category","D14","Bronchus and lung"
"D14.4","category","D14","Respiratory system, unspecified"
"D15","category","D10-D36","Benign neoplasm of other and unspecified intrathoracic organs"
"D15.0","category","D15","Thymus"
"D15.1","category","D15","Heart"
"D15.2","category","D15","Mediastinum"
"D15.7","category","D15","Other specified intrathoracic organs"
"D15.9","category","D15","Intrathoracic organ, unspecified"
"D16","category","D10-D36","Benign neoplasm of bone and articular cartilage"
"D16.0","category","D16","Scapula and long bones of upper limb"
"D16.1","category","D16","Short bones of upper limb"
"D16.2","category","D16","Long bones of lower limb"
"D16.3","category","D16","Short bones of lower limb"
"D16.4","category","D16","Bones of skull and face"
"D16.5","category","D16","Lower jaw bone"
"D16.6","category","D16","Vertebral column"
"D16.7","category","D16","Ribs, sternum and clavicle"
"D16.8","category","D16","Pelvic bones, sacrum and coccyx"
"D16.9","category","D16","Bone and articular cartilage, unspecified"
"D17","category","D10-D36","Benign lipomatous neoplasm"
"D17.0","category","D17","Benign lipomatous neoplasm of skin and subcutaneous tissue of head, face and neck"
"D17.1","category","D17","Benign lipomatous neoplasm of skin and subcutaneous tissue of trunk"
"D17.2","category","D17","Benign lipomatous neoplasm of skin and subcutaneous tissue of limbs"
"D17.3","category","D17","Benign lipomatous neoplasm of skin and subcutaneous tissue of other and unspecified sites"
"D17.4","category","D17","Benign lipomatous neoplasm of intrathoracic organs"
"D17.5","category","D17","Benign lipomatous neoplasm of intra-abdominal organs"
"D17.6","category","D17","Benign lipomatous neoplasm of spermatic cord"
"D17.7","category","D17","Benign lipomatous neoplasm of other sites"
"D17.9","category","D17","Benign lipomatous neoplasm, unspecified"
"D18","category","D10-D36","Haemangioma and lymphangioma, any site"
"D18.0","category","D18","Haemangioma, any site"
"D18.1","category","D18","Lymphangioma, any site"
"D19","category","D10-D36","Benign neoplasm of mesothelial tissue"
"D19.0","category","D19","Mesothelial tissue of pleura"
"D19.1","category","D19","Mesothelial tissue of peritoneum"
"D19.7","category","D19","Mesothelial tissue of other sites"
"D19.9","category","D19","Mesothelial tissue, unspecified"
"D20","category","D10-D36","Benign neoplasm of soft tissue of retroperitoneum and peritoneum"
"D20.0","category","D20","Retroperitoneum"
"D20.1","category","D20","Peritoneum"
"D21","category","D10-D36","Other benign neoplasms of connective and other soft tissue"
"D21.0","category","D21","Connective and other soft tissue of head, face and neck"
"D21.1","category","D21","Connective and other soft tissue of upper limb, including shoulder"
"D21.2","category","D21","Connective and other soft tissue of lower limb, including hip"
"D21.3","category","D21","Connective and other soft tissue of thorax"
"D21.4","category","D21","Connective and other soft tissue of abdomen"
"D21.5","category","D21","Connective and other soft tissue of pelvis"
"D21.6","category","D21","Connective and other soft tissue of trunk, unspecified"
"D21.9","category","D21","Connective and other soft tissue, unspecified"
"D22","category","D10-D36","Melanocytic naevi"
"D22.0","category","D22","Melanocytic naevi of lip"
"D22.1","category","D22","Melanocytic naevi of eyelid, including canthus"
"D22.2","category","D22","Melanocytic naevi of ear and external auricular canal"
"D22.3","category","D22","Melanocytic naevi of other and unspecified parts of face"
"D22.4","category","D22","Melanocytic naevi of scalp and neck"
"D22.5","category","D22","Melanocytic naevi of trunk"
"D22.6","category","D22","Melanocytic naevi of upper limb, including shoulder"
"D22.7","category","D22","Melanocytic naevi of lower limb, including hip"
"D22.9","category","D22","Melanocytic naevi, unspecified"
"D23","category","D10-D36","Other benign neoplasms of skin"
"D23.0","category","D23","Skin of lip"
"D23.1","category","D23","Skin of eyelid, including canthus"
"D23.2","category","D23","Skin of ear and external auricular canal"
"D23.3","category","D23","Skin of other and unspecified parts of face"
"D23.4","category","D23","Skin of scalp and neck"
"D23.5","category","D23","Skin of trunk"
"D23.6","category","D23","Skin of upper limb, including shoulder"
"D23.7","category","D23","Skin of lower limb, including hip"
"D23.9","category","D23","Skin, unspecified"
"D24","category","D10-D36","Benign neoplasm of breast"
"D25","category","D10-D36","Leiomyoma of uterus"
"D25.0","category","D25","Submucous leiomyoma of uterus"
"D25.1","category","D25","Intramural leiomyoma of uterus"
"D25.2","category","D25","Subserosal leiomyoma of uterus"
"D25.9","category","D25","Leiomyoma of uterus, unspecified"
"D26","category","D10-D36","Other benign neoplasms of uterus"
"D26.0","category","D26","Cervix uteri"
"D26.1","category","D26","Corpus uteri"
"D26.7","category","D26","Other parts of uterus"
"D26.9","category","D26","Uterus, unspecified"
"D27","category","D10-D36","Benign neoplasm of ovary"
"D28","category","D10-D36","Benign neoplasm of other and unspecified female genital organs"
"D28.0","category","D28","Vulva"
"D28.1","category","D28","Vagina"
"D28.2","category","D28","Uterine tubes and ligaments"
"D28.7","category","D28","Other specified female genital organs"
"D28.9","category","D28","Female genital organ, unspecified"
"D29","category","D10-D36","Benign neoplasm of male genital organs"
"D29.0","category","D29","Penis"
"D29.1","category","D29","Prostate"
"D29.2","category","D29","Testis"
"D29.3","category","D29","Epididymis"
"D29.4","category","D29","Scrotum"
"D29.7","category","D29","Other male genital organs"
"D29.9","category","D29","Male genital organ, unspecified"
"D30","category","D10-D36","Benign neoplasm of urinary organs"
"D30.0","category","D30","Kidney"
"D30.1","category","D30","Renal pelvis"
"D30.2","category","D30","Ureter"
"D30.3","category","D30","Bladder"
"D30.4","category","D30","Urethra"
"D30.7","category","D30","Other urinary organs"
"D30.9","category","D30","Urinary organ, unspecified"
"D31","category","D10-D36","Benign neoplasm of eye and adnexa"
"D31.0","category","D31","Conjunctiva"
"D31.1","category","D31","Cornea"
"D31.2","category","D31","Retina"
"D31.3","category","D31","Choroid"
"D31.4","category","D31","Ciliary body"
"D31.5","category","D31","Lacrimal gland and duct"
"D31.6","category","D31","Orbit, unspecified"
"D31.9","category","D31","Eye, unspecified"
"D32","category","D10-D36","Benign neoplasm of meninges"
"D32.0","category","D32","Cerebral meninges"
"D32.1","category","D32","Spinal meninges"
"D32.9","category","D32","Meninges, unspecified"
"D33","category","D10-D36","Benign neoplasm of brain and other parts of central nervous system"
"D33.0","category","D33","Brain, supratentorial"
"D33.1","category","D33","Brain, infratentorial"
"D33.2","category","D33","Brain, unspecified"
"D33.3","category","D33","Cranial nerves"
"D33.4","category","D33","Spinal cord"
"D33.7","category","D33","Other specified parts of central nervous system"
"D33.9","category","D33","Central nervous system, unspecified"
"D34","category","D10-D36","Benign neoplasm of thyroid gland"
"D35","category","D10-D36","Benign neoplasm of other and unspecified endocrine glands"
"D35.0","category","D35","Adrenal gland"
"D35.1","category","D35","Parathyroid gland"
"D35.2","category","D35","Pituitary gland"
"D35.3","category","D35","Craniopharyngeal duct"
"D35.4","category","D35","Pineal gland"
"D35.5","category","D35","Carotid body"
"D35.6","category","D35","Aortic body and other paraganglia"
"D35.7","category","D35","Other specified endocrine glands"
"D35.8","category","D35","Pluriglandular involvement"
"D35.9","category","D35","Endocrine gland, unspecified"
"D36","category","D10-D36","Benign neoplasm of other and unspecified sites"
"D36.0","category","D36","Lymph nodes"
"D36.1","category","D36","Peripheral nerves and autonomic nervous system"
"D36.7","category","D36","Other specified sites"
"D36.9","category","D36","Benign neoplasm of unspecified site"
"D37-D48","block","II","Neoplasms of uncertain or unknown behaviour"
"D37","category","D37-D48","Neoplasm of uncertain or unknown behaviour of oral cavity and digestive organs"
"D37.0","category","D37","Lip, oral cavity and pharynx"
"D37.1","category","D37","Stomach"
"D37.2","category","D37","Small intestine"
"D37.3","category","D37","Appendix"
"D37.4","category","D37","Colon"
"D37.5","category","D37","Rectum"
"D37.6","category","D37","Liver, gallbladder and bile ducts"
"D37.7","category","D37","Other digestive organs"
"D37.9","category","D37","Digestive organ, unspecified"
"D38","category","D37-D48","Neoplasm of uncertain or unknown behaviour of middle ear and respiratory and intrathoracic organs"
"D38.0","category","D38","Larynx"
"D38.1","category","D38","Trachea, bronchus and lung"
"D38.2","category","D38","Pleura"
"D38.3","category","D38","Mediastinum"
"D38.4","category","D38","Thymus"
"D38.5","category","D38","Other respiratory organs"
"D38.6","category","D38","Respiratory organ, unspecified"
"D39","category","D37-D48","Neoplasm of uncertain or unknown behaviour of female genital organs"
"D39.0","category","D39","Uterus"
"D39.1","category","D39","Ovary"
"D39.2","category","D39","Placenta"
"D39.7","category","D39","Other female genital organs"
"D39.9","category","D39","Female genital organ, unspecified"
"D40","category","D37-D48","Neoplasm of uncertain or unknown behaviour of male genital organs"
"D40.0","category","D40","Prostate"
"D40.1","category","D40","Testis"
"D40.7","category","D40","Other male genital organs"
"D40.9","category","D40","Male genital organ, unspecified"
"D41","category","D37-D48","Neoplasm of uncertain or unknown behaviour of urinary organs"
"D41.0","category","D41","Kidney"
"D41.1","category","D41","Renal pelvis"
"D41.2","category","D41","Ureter"
"D41.3","category","D41","Urethra"
"D41.4","category","D41","Bladder"
"D41.7","category","D41","Other urinary organs"
"D41.9","category","D41","Urinary organ, unspecified"
"D42","category","D37-D48","Neoplasm of uncertain or unknown behaviour of meninges"
"D42.0","category","D42","Cerebral meninges"
"D42.1","category","D42","Spinal meninges"
"D42.9","category","D42","Meninges, unspecified"
"D43","category","D37-D48","Neoplasm of uncertain or unknown behaviour of brain and central nervous system"
"D43.0","category","D43","Brain, supratentorial"
"D43.1","category","D43","Brain, infratentorial"
"D43.2","category","D43","Brain, unspecified"
"D43.3","category","D43","Cranial nerves"
"D43.4","category","D43","Spinal cord"
"D43.7","category","D43","Other parts of central nervous system"
"D43.9","category","D43","Central nervous system, unspecified"
"D44","category","D37-D48","Neoplasm of uncertain or unknown behaviour of endocrine glands"
"D44.0","category","D44","Thyroid gland"
"D44.1","category","D44","Adrenal gland"
"D44.2","category","D44","Parathyroid gland"
"D44.3","category","D44","Pituitary gland"
"D44.4","category","D44","Craniopharyngeal duct"
"D44.5","category","D44","Pineal gland"
"D44.6","category","D44","Carotid body"
"D44.7","category","D44","Aortic body and other paraganglia"
"D44.8","category","D44","Pluriglandular involvement"
"D44.9","category","D44","Endocrine gland, unspecified"
"D45","category","D37-D48","Polycythaemia vera"
"D46","category","D37-D48","Myelodysplastic syndromes"
"D46.0","category","D46","Refractory anaemia without ring sideroblasts, so stated"
"D46.1","category","D46","Refractory anaemia with ring sideroblasts"
"D46.2","category","D46","Refractory anaemia with excess of blasts [RAEB]"
"D46.4","category","D46","Refractory anaemia, unspecified"
"D46.5","category","D46","Refractory anaemia with multi-lineage dysplasia"
"D46.6","category","D46","Myelodysplastic syndrome with isolated del(5q) chromosomal abnormality"
"D46.7","category","D46","Other myelodysplastic syndromes"
"D46.9","category","D46","Myelodysplastic syndrome, unspecified"
"D47","category","D37-D48","Other neoplasms of uncertain or unknown behaviour of lymphoid, haematopoietic and related tissue"
"D47.0","category","D47","Histiocytic and mast cell tumours of uncertain and unknown behaviour"
"D47.1","category","D47","Chronic myeloproliferative disease"
"D47.2","category","D47","Monoclonal gammopathy of undetermined significance (MGUS)"
"D47.3","category","D47","Essential (haemorrhagic) thrombocythaemia"
"D47.4","category","D47","Osteomyelofibrosis"
"D47.5","category","D47","Chronic eosinophilic leukaemia [hypereosinophilic syndrome]"
"D47.7","category","D47","Other specified neoplasms of uncertain or unknown behaviour of lymphoid, haematopoietic and related tissue"
"D47.9","category","D47","Neoplasm of uncertain or unknown behaviour of lymphoid, haematopoietic and related tissue, unspecified"
"D48","category","D37-D48","Neoplasm of uncertain or unknown behaviour of other and unspecified sites"
"D48.0","category","D48","Bone and articular cartilage"
"D48.1","category","D48","Connective and other soft tissue"
"D48.2","category","D48","Peripheral nerves and autonomic nervous system"
"D48.3","category","D48","Retroperitoneum"
"D48.4","category","D48","Peritoneum"
"D48.5","category","D48","Skin"
"D48.6","category","D48","Breast"
"D48.7","category","D48","Other specified sites"
"D48.9","category","D48","Neoplasm of uncertain or unknown behaviour, unspecified"
"III","chapter","","Diseases of the blood and blood-forming organs and certain disorders involving the immune mechanism"
"D50-D53","block","III","Nutritional anaemias"
"D50","category","D50-D53","Iron deficiency anaemia"
"D50.0","category","D50","Iron deficiency anaemia secondary to blood loss (chronic)"
"D50.1","category","D50","Sideropenic dysphagia"
"D50.8","category","D50","Other iron deficiency anaemias"
"D50.9","category","D50","Iron deficiency anaemia, unspecified"
"D51","category","D50-D53","Vitamin B 12 deficiency anaemia"
"D51.0","category","D51","Vitamin B 12 deficiency anaemia due to intrinsic factor deficiency"
"D51.1","category","D51","Vitamin B 12 deficiency anaemia due to selective vitamin B 12 malabsorption with proteinuria"
"D51.2","category","D51","Transcobalamin II deficiency"
"D51.3","category","D51","Other dietary vitamin B 12 deficiency anaemia"
"D51.8","category","D51","Other vitamin B 12 deficiency anaemias"
"D51.9","category","D51","Vitamin B 12 deficiency anaemia, unspecified"
"D52","category","D50-D53","Folate deficiency anaemia"
"D52.0","category","D52","Dietary folate deficiency anaemia"
"D52.1","category","D52","Drug-induced folate deficiency anaemia"
"D52.8","category","D52","Other folate deficiency anaemias"
"D52.9","category","D52","Folate deficiency anaemia, unspecified"
"D53","category","D50-D53","Other nutritional anaemias"
"D53.0","category","D53","Protein deficiency anaemia"
"D53.1","category","D53","Other megaloblastic anaemias, not elsewhere classified"
"D53.2","category","D53","Scorbutic anaemia"
"D53.8","category","D53","Other specified nutritional anaemias"
"D53.9","category","D53","Nutritional anaemia, unspecified"
"D55-D59","block","III","Haemolytic anaemias"
"D55","category","D55-D59","Anaemia due to enzyme disorders"
"D55.0","category","D55","Anaemia due to glucose-6-phosphate dehydrogenase [G6PD] deficiency"
"D55.1","category","D55","Anaemia due to other disorders of glutathione metabolism"
"D55.2","category","D55","Anaemia due to disorders of glycolytic enzymes"
"D55.3","category","D55","Anaemia due to disorders of nucleotide metabolism"
"D55.8","category","D55","Other anaemias due to enzyme disorders"
"D55.9","category","D55","Anaemia due to enzyme disorder, unspecified"
"D56","category","D55-D59","Thalassaemia"
"D56.0","category","D56","Alpha thalassaemia"
"D56.1","category","D56","Beta thalassaemia"
"D56.2","category","D56","Delta-beta thalassaemia"
"D56.3","category","D56","Thalassaemia trait"
"D56.4","category","D56","Hereditary persistence of fetal haemoglobin [HPFH]"
"D56.8","category","D56","Other thalassaemias"
"D56.9","category","D56","Thalassaemia, unspecified"
"D57","category","D55-D59","Sickle-cell disorders"
"D57.0","category","D57","Sickle-cell anaemia with crisis"
"D57.1","category","D57","Sickle-cell anaemia without crisis"
"D57.2","category","D57","Double heterozygous sickling disorders"
"D57.3","category","D57","Sickle-cell trait"
"D57.8","category","D57","Other sickle-cell disorders"
"D58","category","D55-D59","Other hereditary haemolytic anaemias"
"D58.0","category","D58","Hereditary spherocytosis"
"D58.1","category","D58","Hereditary elliptocytosis"
"D58.2","category","D58","Other haemoglobinopathies"
"D58.8","category","D58","Other specified hereditary haemolytic anaemias"
"D58.9","category","D58","Hereditary haemolytic anaemia, unspecified"
"D59","category","D55-D59","Acquired haemolytic anaemia"
"D59.0","category","D59","Drug-induced autoimmune haemolytic anaemia"
"D59.1","category","D59","Other autoimmune haemolytic anaemias"
"D59.2","category","D59","Drug-induced nonautoimmune haemolytic anaemia"
"D59.3","category","D59","Haemolytic-uraemic syndrome"
"D59.4","category","D59","Other nonautoimmune haemolytic anaemias"
"D59.5","category","D59","Paroxysmal nocturnal haemoglobinuria [Marchiafava-Micheli]"
"D59.6","category","D59","Haemoglobinuria due to haemolysis from other external causes"
"D59.8","category","D59","Other acquired haemolytic anaemias"
"D59.9","category","D59","Acquired haemolytic anaemia, unspecified"
"D60-D64","block","III","Aplastic and other anaemias"
"D60","category","D60-D64","Acquired pure red cell aplasia [erythroblastopenia]"
"D60.0","category","D60","Chronic acquired pure red cell aplasia"
"D60.1","category","D60","Transient acquired pure red cell aplasia"
"D60.8","category","D60","Other acquired pure red cell aplasias"
"D60.9","category","D60","Acquired pure red cell aplasia, unspecified"
"D61","category","D60-D64","Other aplastic anaemias"
"D61.0","category","D61","Constitutional aplastic anaemia"
"D61.1","category","D61","Drug-induced aplastic anaemia"
"D61.2","category","D61","Aplastic anaemia due to other external agents"
"D61.3","category","D61","Idiopathic aplastic anaemia"
"D61.8","category","D61","Other specified aplastic anaemias"
"D61.9","category","D61","Aplastic anaemia, unspecified"
"D62","category","D60-D64","Acute posthaemorrhagic anaemia"
"D63","category","D60-D64","Anaemia in chronic diseases classified elsewhere"
"D63.0","category","D63","Anaemia in neoplastic disease C00-D48"
"D63.8","category","D63","Anaemia in other chronic diseases classified elsewhere"
"D64","category","D60-D64","Other anaemias"
"D64.0","category","D64","Hereditary sideroblastic anaemia"
"D64.1","category","D64","Secondary sideroblastic anaemia due to disease"
"D64.2","category","D64","Secondary sideroblastic anaemia due to drugs and toxins"
"D64.3","category","D64","Other sideroblastic anaemias"
"D64.4","category","D64","Congenital dyserythropoietic anaemia"
"D64.8","category","D64","Other specified anaemias"
"D64.9","category","D64","Anaemia, unspecified"
"D65-D69","block","III","Coagulation defects, purpura and other haemorrhagic conditions"
"D65","category","D65-D69","Disseminated intravascular coagulation [defibrination syndrome]"
"D66","category","D65-D69","Hereditary factor VIII deficiency"
"D67","category","D65-D69","Hereditary factor IX deficiency"
"D68","category","D65-D69","Other coagulation defects"
"D68.0","category","D68","Von Willebrand disease"
"D68.1","category","D68","Hereditary factor XI deficiency"
"D68.2","category","D68","Hereditary deficiency of other clotting factors"
"D68.3","category","D68","Haemorrhagic disorder due to circulating anticoagulants"
"D68.4","category","D68","Acquired coagulation factor deficiency"
"D68.5","category","D68","Primary thrombophilia"
"D68.6","category","D68","Other thrombophilia"
"D68.8","category","D68","Other specified coagulation defects"
"D68.9","category","D68","Coagulation defect, unspecified"
"D69","category","D65-D69","Purpura and other haemorrhagic conditions"
"D69.0","category","D69","Allergic purpura"
"D69.1","category","D69","Qualitative platelet defects"
"D69.2","category","D69","Other nonthrombocytopenic purpura"
"D69.3","category","D69","Idiopathic thrombocytopenic purpura"
"D69.4","category","D69","Other primary thrombocytopenia"
"D69.5","category","D69","Secondary thrombocytopenia"
"D69.6","category","D69","Thrombocytopenia, unspecified"
"D69.8","category","D69","Other specified haemorrhagic conditions"
"D69.9","category","D69","Haemorrhagic condition, unspecified"
"D70-D77","block","III","Other diseases of blood and blood-forming organs"
"D70","category","D70-D77","Agranulocytosis"
"D71","category","D70-D77","Functional disorders of polymorphonuclear neutrophils"
"D72","category","D70-D77","Other disorders of white blood cells"
"D72.0","category","D72","Genetic anomalies of leukocytes"
"D72.1","category","D72","Eosinophilia"
"D72.8","category","D72","Other specified disorders of white blood cells"
"D72.9","category","D72","Disorder of white blood cells, unspecified"
"D73","category","D70-D77","Diseases of spleen"
"D73.0","category","D73","Hyposplenism"
"D73.1","category","D73","Hypersplenism"
"D73.2","category","D73","Chronic congestive splenomegaly"
"D73.3","category","D73","Abscess of spleen"
"D73.4","category","D73","Cyst of spleen"
"D73.5","category","D73","Infarction of spleen"
"D73.8","category","D73","Other diseases of spleen"
"D73.9","category","D73","Disease of spleen, unspecified"
"D74","category","D70-D77","Methaemoglobinaemia"
"D74.0","category","D74","Congenital methaemoglobinaemia"
"D74.8","category","D74","Other methaemoglobinaemias"
"D74.9","category","D74","Methaemoglobinaemia, unspecified"
"D75","category","D70-D77","Other diseases of blood and blood-forming organs"
"D75.0","category","D75","Familial erythrocytosis"
"D75.1","category","D75","Secondary polycythaemia"
"D75.8","category","D75","Other specified diseases of blood and blood-forming organs"
"D75.9","category","D75","Disease of blood and blood-forming organs, unspecified"
"D76","category","D70-D77","Other specified diseases with participation of lymphoreticular and reticulohistiocytic tissue"
"D76.1","category","D76","Haemophagocytic lymphohistiocytosis"
"D76.2","category","D76","Haemophagocytic syndrome, infection-associated"
"D76.3","category","D76","Other histiocytosis syndromes"
"D77","category","D70-D77","Other disorders of blood and blood-forming organs in diseases classified elsewhere"
"D80-D89","block","III","Certain disorders involving the immune mechanism"
"D80","category","D80-D89","Immunodeficiency with predominantly antibody defects"
"D80.0","category","D80","Hereditary hypogammaglobulinaemia"
"D80.1","category","D80","Nonfamilial hypogammaglobulinaemia"
"D80.2","category","D80","Selective deficiency of immunoglobulin A [IgA]"
"D80.3","category","D80","Selective deficiency of immunoglobulin G [IgG] subclasses"
"D80.4","category","D80","Selective deficiency of immunoglobulin M [IgM]"
"D80.5","category","D80","Immunodeficiency with increased immunoglobulin M [IgM]"
"D80.6","category","D80","Antibody deficiency with near-normal immunoglobulins or with hyperimmunoglobulinaemia"
"D80.7","category","D80","Transient hypogammaglobulinaemia of infancy"
"D80.8","category","D80","Other immunodeficiencies with predominantly antibody defects"
"D80.9","category","D80","Immunodeficiency with predominantly antibody defects, unspecified"
"D81","category","D80-D89","Combined immunodeficiencies"
"D81.0","category","D81","Severe combined immunodeficiency [SCID] with reticular dysgenesis"
"D81.1","category","D81","Severe combined immunodeficiency [SCID] with low T- and B-cell numbers"
"D81.2","category","D81","Severe combined immunodeficiency [SCID] with low or normal B-cell numbers"
"D81.3","category","D81","Adenosine deaminase [ADA] deficiency"
"D81.4","category","D81","Nezelof syndrome"
"D81.5","category","D81","Purine nucleoside phosphorylase [PNP] deficiency"
"D81.6","category","D81","Major histocompatibility complex class I deficiency"
"D81.7","category","D81","Major histocompatibility complex class II deficiency"
"D81.8","category","D81","Other combined immunodeficiencies"
"D81.9","category","D81","Combined immunodeficiency, unspecified"
"D82","category","D80-D89","Immunodeficiency associated with other major defects"
"D82.0","category","D82","Wiskott-Aldrich syndrome"
"D82.1","category","D82","Di George syndrome"
"D82.2","category","D82","Immunodeficiency with short-limbed stature"
"D82.3","category","D82","Immunodeficiency following hereditary defective response to Epstein-Barr virus"
"D82.4","category","D82","Hyperimmunoglobulin E [IgE] syndrome"
"D82.8","category","D82","Immunodeficiency associated with other specified major defects"
"D82.9","category","D82","Immunodeficiency associated with major defect, unspecified"
"D83","category","D80-D89","Common variable immunodeficiency"
"D83.0","category","D83","Common variable immunodeficiency with predominant abnormalities of B-cell numbers and function"
"D83.1","category","D83","Common variable immunodeficiency with predominant immunoregulatory T-cell disorders"
"D83.2","category","D83","Common variable immunodeficiency with autoantibodies to B- or T-cells"
"D83.8","category","D83","Other common variable immunodeficiencies"
"D83.9","category","D83","Common variable immunodeficiency, unspecified"
"D84","category","D80-D89","Other immunodeficiencies"
"D84.0","category","D84","Lymphocyte function antigen-1 [LFA-1] defect"
"D84.1","category","D84","Defects in the complement system"
"D84.8","category","D84","Other specified immunodeficiencies"
"D84.9","category","D84","Immunodeficiency, unspecified"
"D86","category","D80-D89","Sarcoidosis"
"D86.0","category","D86","Sarcoidosis of lung"
"D86.1","category","D86","Sarcoidosis of lymph nodes"
"D86.2","category","D86","Sarcoidosis of lung with sarcoidosis of lymph nodes"
"D86.3","category","D86","Sarcoidosis of skin"
"D86.8","category","D86","Sarcoidosis of other and combined sites"
"D86.9","category","D86","Sarcoidosis, unspecified"
"D89","category","D80-D89","Other disorders involving the immune mechanism, not elsewhere classified"
"D89.0","category","D89","Polyclonal hypergammaglobulinaemia"
"D89.1","category","D89","Cryoglobulinaemia"
"D89.2","category","D89","Hypergammaglobulinaemia, unspecified"
"D89.3","category","D89","Immune reconstitution syndrome"
"D89.8","category","D89","Other specified disorders involving the immune mechanism, not elsewhere classified"
"D89.9","category","D89","Disorder involving the immune mechanism, unspecified"
"IV","chapter","","Endocrine, nutritional and metabolic diseases"
"E00-E07","block","IV","Disorders of thyroid gland"
"E00","category","E00-E07","Congenital iodine-deficiency syndrome"
"E00.0","category","E00","Congenital iodine-deficiency syndrome, neurological type"
"E00.1","category","E00","Congenital iodine-deficiency syndrome, myxoedematous type"
"E00.2","category","E00","Congenital iodine-deficiency syndrome, mixed type"
"E00.9","category","E00","Congenital iodine-deficiency syndrome, unspecified"
"E01","category","E00-E07","Iodine-deficiency-related thyroid disorders and allied conditions"
"E01.0","category","E01","Iodine-deficiency-related diffuse (endemic) goitre"
"E01.1","category","E01","Iodine-deficiency-related multinodular (endemic) goitre"
"E01.2","category","E01","Iodine-deficiency-related (endemic) goitre, unspecified"
"E01.8","category","E01","Other iodine-deficiency-related thyroid disorders and allied conditions"
"E02","category","E00-E07","Subclinical iodine-deficiency hypothyroidism"
"E03","category","E00-E07","Other hypothyroidism"
"E03.0","category","E03","Congenital hypothyroidism with diffuse goitre"
"E03.1","category","E03","Congenital hypothyroidism without goitre"
"E03.2","category","E03","Hypothyroidism due to medicaments and other exogenous substances"
"E03.3","category","E03","Postinfectious hypothyroidism"
"E03.4","category","E03","Atrophy of thyroid (acquired)"
"E03.5","category","E03","Myxoedema coma"
"E03.8","category","E03","Other specified hypothyroidism"
"E03.9","category","E03","Hypothyroidism, unspecified"
"E04","category","E00-E07","Other nontoxic goitre"
"E04.0","category","E04","Nontoxic diffuse goitre"
"E04.1","category","E04","Nontoxic single thyroid nodule"
"E04.2","category","E04","Nontoxic multinodular goitre"
"E04.8","category","E04","Other specified nontoxic goitre"
"E04.9","category","E04","Nontoxic goitre, unspecified"
"E05","category","E00-E07","Thyrotoxicosis [hyperthyroidism]"
"E05.0","category","E05","Thyrotoxicosis with diffuse goitre"
"E05.1","category","E05","Thyrotoxicosis with toxic single thyroid nodule"
"E05.2","category","E05","Thyrotoxicosis with toxic multinodular goitre"
"E05.3","category","E05","Thyrotoxicosis from ectopic thyroid tissue"
"E05.4","category","E05","Thyrotoxicosis factitia"
"E05.5","category","E05","Thyroid crisis or storm"
"E05.8","category","E05","Other thyrotoxicosis"
"E05.9","category","E05","Thyrotoxicosis, unspecified"
"E06","category","E00-E07","Thyroiditis"
"E06.0","category","E06","Acute thyroiditis"
"E06.1","category","E06","Subacute thyroiditis"
"E06.2","category","E06","Chronic thyroiditis with transient thyrotoxicosis"
"E06.3","category","E06","Autoimmune thyroiditis"
"E06.4","category","E06","Drug-induced thyroiditis"
"E06.5","category","E06","Other chronic thyroiditis"
"E06.9","category","E06","Thyroiditis, unspecified"
"E07","category","E00-E07","Other disorders of thyroid"
"E07.0","category","E07","Hypersecretion of calcitonin"
"E07.1","category","E07","Dyshormogenetic goitre"
"E07.8","category","E07","Other specified disorders of thyroid"
"E07.9","category","E07","Disorder of thyroid, unspecified"
"E10-E14","block","IV","Diabetes mellitus"
"E10","category","E10-E14","Type 1 diabetes mellitus"
"E11","category","E10-E14","Type 2 diabetes mellitus"
"E12","category","E10-E14","Malnutrition-related diabetes mellitus"
"E13","category","E10-E14","Other specified diabetes mellitus"
"E14","category","E10-E14","Unspecified diabetes mellitus"
"E15-E16","block","IV","Other disorders of glucose regulation and pancreatic internal secretion"
"E15","category","E15-E16","Nondiabetic hypoglycaemic coma"
"E16","category","E15-E16","Other disorders of pancreatic internal secretion"
"E16.0","category","E16","Drug-induced hypoglycaemia without coma"
"E16.1","category","E16","Other hypoglycaemia"
"E16.2","category","E16","Hypoglycaemia, unspecified"
"E16.3","category","E16","Increased secretion of glucagon"
"E16.4","category","E16","Abnormal secretion of gastrin"
"E16.8","category","E16","Other specified disorders of pancreatic internal secretion"
"E16.9","category","E16","Disorder of pancreatic internal secretion, unspecified"
"E20-E35","block","IV","Disorders of other endocrine glands"
"E20","category","E20-E35","Hypoparathyroidism"
"E20.0","category","E20","Idiopathic hypoparathyroidism"
"E20.1","category","E20","Pseudohypoparathyroidism"
"E20.8","category","E20","Other hypoparathyroidism"
"E20.9","category","E20","Hypoparathyroidism, unspecified"
"E21","category","E20-E35","Hyperparathyroidism and other disorders of parathyroid gland"
"E21.0","category","E21","Primary hyperparathyroidism"
"E21.1","category","E21","Secondary hyperparathyroidism, not elsewhere classified"
"E21.2","category","E21","Other hyperparathyroidism"
"E21.3","category","E21","Hyperparathyroidism, unspecified"
"E21.4","category","E21","Other specified disorders of parathyroid gland"
"E21.5","category","E21","Disorder of parathyroid gland, unspecified"
"E22","category","E20-E35","Hyperfunction of pituitary gland"
"E22.0","category","E22","Acromegaly and pituitary gigantism"
"E22.1","category","E22","Hyperprolactinaemia"
"E22.2","category","E22","Syndrome of inappropriate secretion of antidiuretic hormone"
"E22.8","category","E22","Other hyperfunction of pituitary gland"
"E22.9","category","E22","Hyperfunction of pituitary gland, unspecified"
"E23","category","E20-E35","Hypofunction and other disorders of pituitary gland"
"E23.0","category","E23","Hypopituitarism"
"E23.1","category","E23","Drug-induced hypopituitarism"
"E23.2","category","E23","Diabetes insipidus"
"E23.3","category","E23","Hypothalamic dysfunction, not elsewhere classified"
"E23.6","category","E23","Other disorders of pituitary gland"
"E23.7","category","E23","Disorder of pituitary gland, unspecified"
"E24","category","E20-E35","Cushing syndrome"
"E24.0","category","E24","Pituitary-dependent Cushing disease"
"E24.1","category","E24","Nelson syndrome"
"E24.2","category","E24","Drug-induced Cushing syndrome"
"E24.3","category","E24","Ectopic ACTH syndrome"
"E24.4","category","E24","Alcohol-induced pseudo-Cushing syndrome"
"E24.8","category","E24","Other Cushing syndrome"
"E24.9","category","E24","Cushing syndrome, unspecified"
"E25","category","E20-E35","Adrenogenital disorders"
"E25.0","category","E25","Congenital adrenogenital disorders associated with enzyme deficiency"
"E25.8","category","E25","Other adrenogenital disorders"
"E25.9","category","E25","Adrenogenital disorder, unspecified"
"E26","category","E20-E35","Hyperaldosteronism"
"E26.0","category","E26","Primary hyperaldosteronism"
"E26.1","category","E26","Secondary hyperaldosteronism"
"E26.8","category","E26","Other hyperaldosteronism"
"E26.9","category","E26","Hyperaldosteronism, unspecified"
"E27","category","E20-E35","Other disorders of adrenal gland"
"E27.0","category","E27","Other adrenocortical overactivity"
"E27.1","category","E27","Primary adrenocortical insufficiency"
"E27.2","category","E27","Addisonian crisis"
"E27.3","category","E27","Drug-induced adrenocortical insufficiency"
"E27.4","category","E27","Other and unspecified adrenocortical insufficiency"
"E27.5","category","E27","Adrenomedullary hyperfunction"
"E27.8","category","E27","Other specified disorders of adrenal gland"
"E27.9","category","E27","Disorder of adrenal gland, unspecified"
"E28","category","E20-E35","Ovarian dysfunction"
"E28.0","category","E28","Estrogen excess"
"E28.1","category","E28","Androgen excess"
"E28.2","category","E28","Polycystic ovarian syndrome"
"E28.3","category","E28","Primary ovarian failure"
"E28.8","category","E28","Other ovarian dysfunction"
"E28.9","category","E28","Ovarian dysfunction, unspecified"
"E29","category","E20-E35","Testicular dysfunction"
"E29.0","category","E29","Testicular hyperfunction"
"E29.1","category","E29","Testicular hypofunction"
"E29.8","category","E29","Other testicular dysfunction"
"E29.9","category","E29","Testicular dysfunction, unspecified"
"E30","category","E20-E35","Disorders of puberty, not elsewhere classified"
"E30.0","category","E30","Delayed puberty"
"E30.1","category","E30","Precocious puberty"
"E30.8","category","E30","Other disorders of puberty"
"E30.9","category","E30","Disorder of puberty, unspecified"
"E31","category","E20-E35","Polyglandular dysfunction"
"E31.0","category","E31","Autoimmune polyglandular failure"
"E31.1","category","E31","Polyglandular hyperfunction"
"E31.8","category","E31","Other polyglandular dysfunction"
"E31.9","category","E31","Polyglandular dysfunction, unspecified"
"E32","category","E20-E35","Diseases of thymus"
"E32.0","category","E32","Persistent hyperplasia of thymus"
"E32.1","category","E32","Abscess of thymus"
"E32.8","category","E32","Other diseases of thymus"
"E32.9","category","E32","Disease of thymus, unspecified"
"E34","category","E20-E35","Other endocrine disorders"
"E34.0","category","E34","Carcinoid syndrome"
"E34.1","category","E34","Other hypersecretion of intestinal hormones"
"E34.2","category","E34","Ectopic hormone secretion, not elsewhere classified"
"E34.3","category","E34","Short stature, not elsewhere classified"
"E34.4","category","E34","Constitutional tall stature"
"E34.5","category","E34","Androgen resistance syndrome"
"E34.8","category","E34","Other specified endocrine disorders"
"E34.9","category","E34","Endocrine disorder, unspecified"
"E35","category","E20-E35","Disorders of endocrine glands in diseases classified elsewhere"
"E35.0","category","E35","Disorders of thyroid gland in diseases classified elsewhere"
"E35.1","category","E35","Disorders of adrenal glands in diseases classified elsewhere"
"E35.8","category","E35","Disorders of other endocrine glands in diseases classified elsewhere"
"E40-E46","block","IV","Malnutrition"
"E40","category","E40-E46","Kwashiorkor"
"E41","category","E40-E46","Nutritional marasmus"
"E42","category","E40-E46","Marasmic kwashiorkor"
"E43","category","E40-E46","Unspecified severe protein-energy malnutrition"
"E44","category","E40-E46","Protein-energy malnutrition of moderate and mild degree"
"E44.0","category","E44","Moderate protein-energy malnutrition"
"E44.1","category","E44","Mild protein-energy malnutrition"
"E45","category","E40-E46","Retarded development following protein-energy malnutrition"
"E46","category","E40-E46","Unspecified protein-energy malnutrition"
"E50-E64","block","IV","Other nutritional deficiencies"
"E50","category","E50-E64","Vitamin A deficiency"
"E50.0","category","E50","Vitamin A deficiency with conjunctival xerosis"
"E50.1","category","E50","Vitamin A deficiency with Bitot spot and conjunctival xerosis"
"E50.2","category","E50","Vitamin A deficiency with corneal xerosis"
"E50.3","category","E50","Vitamin A deficiency with corneal ulceration and xerosis"
"E50.4","category","E50","Vitamin A deficiency with keratomalacia"
"E50.5","category","E50","Vitamin A deficiency with night blindness"
"E50.6","category","E50","Vitamin A deficiency with xerophthalmic scars of cornea"
"E50.7","category","E50","Other ocular manifestations of vitamin A deficiency"
"E50.8","category","E50","Other manifestations of vitamin A deficiency"
"E50.9","category","E50","Vitamin A deficiency, unspecified"
"E51","category","E50-E64","Thiamine deficiency"
"E51.1","category","E51","Beriberi"
"E51.2","category","E51","Wernicke encephalopathy"
"E51.8","category","E51","Other manifestations of thiamine deficiency"
"E51.9","category","E51","Thiamine deficiency, unspecified"
"E52","category","E50-E64","Niacin deficiency [pellagra]"
"E53","category","E50-E64","Deficiency of other B group vitamins"
"E53.0","category","E53","Riboflavin deficiency"
"E53.1","category","E53","Pyridoxine deficiency"
"E53.8","category","E53","Deficiency of other specified B group vitamins"
"E53.9","category","E53","Vitamin B deficiency, unspecified"
"E54","category","E50-E64","Ascorbic acid deficiency"
"E55","category","E50-E64","Vitamin D deficiency"
"E55.0","category","E55","Rickets, active"
"E55.9","category","E55","Vitamin D deficiency, unspecified"
"E56","category","E50-E64","Other vitamin deficiencies"
"E56.0","category","E56","Deficiency of vitamin E"
"E56.1","category","E56","Deficiency of vitamin K"
"E56.8","category","E56","Deficiency of other vitamins"
"E56.9","category","E56","Vitamin deficiency, unspecified"
"E58","category","E50-E64","Dietary calcium deficiency"
"E59","category","E50-E64","Dietary selenium deficiency"
"E60","category","E50-E64","Dietary zinc deficiency"
"E61","category","E50-E64","Deficiency of other nutrient elements"
"E61.0","category","E61","Copper deficiency"
"E61.1","category","E61","Iron deficiency"
"E61.2","category","E61","Magnesium deficiency"
"E61.3","category","E61","Manganese deficiency"
"E61.4","category","E61","Chromium deficiency"
"E61.5","category","E61","Molybdenum deficiency"
"E61.6","category","E61","Vanadium deficiency"
"E61.7","category","E61","Deficiency of multiple nutrient elements"
"E61.8","category","E61","Deficiency of other specified nutrient elements"
"E61.9","category","E61","Deficiency of nutrient element, unspecified"
"E63","category","E50-E64","Other nutritional deficiencies"
"E63.0","category","E63","Essential fatty acid [EFA] deficiency"
"E63.1","category","E63","Imbalance of constituents of food intake"
"E63.8","category","E63","Other specified nutritional deficiencies"
"E63.9","category","E63","Nutritional deficiency, unspecified"
"E64","category","E50-E64","Sequelae of malnutrition and other nutritional deficiencies"
"E64.0","category","E64","Sequelae of protein-energy malnutrition"
"E64.1","category","E64","Sequelae of vitamin A deficiency"
"E64.2","category","E64","Sequelae of vitamin C deficiency"
"E64.3","category","E64","Sequelae of rickets"
"E64.8","category","E64","Sequelae of other nutritional deficiencies"
"E64.9","category","E64","Sequelae of unspecified nutritional deficiency"
"E65-E68","block","IV","Obesity and other hyperalimentation"
"E65","category","E65-E68","Localized adiposity"
"E66","category","E65-E68","Obesity"
"E66.0","category","E66","Obesity due to excess calories"
"E66.1","category","E66","Drug-induced obesity"
"E66.2","category","E66","Extreme obesity with alveolar hypoventilation"
"E66.8","category","E66","Other obesity"
"E66.9","category","E66","Obesity, unspecified"
"E67","category","E65-E68","Other hyperalimentation"
"E67.0","category","E67","Hypervitaminosis A"
"E67.1","category","E67","Hypercarotenaemia"
"E67.2","category","E67","Megavitamin-B 6 syndrome"
"E67.3","category","E67","Hypervitaminosis D"
"E67.8","category","E67","Other specified hyperalimentation"
"E68","category","E65-E68","Sequelae of hyperalimentation"
"E70-E90","block","IV","Metabolic disorders"
"E70","category","E70-E90","Disorders of aromatic amino-acid metabolism"
"E70.0","category","E70","Classical phenylketonuria"
"E70.1","category","E70","Other hyperphenylalaninaemias"
"E70.2","category","E70","Disorders of tyrosine metabolism"
"E70.3","category","E70","Albinism"
"E70.8","category","E70","Other disorders of aromatic amino-acid metabolism"
"E70.9","category","E70","Disorder of aromatic amino-acid metabolism, unspecified"
"E71","category","E70-E90","Disorders of branched-chain amino-acid metabolism and fatty-acid metabolism"
"E71.0","category","E71","Maple-syrup-urine disease"
"E71.1","category","E71","Other disorders of branched-chain amino-acid metabolism"
"E71.2","category","E71","Disorder of branched-chain amino-acid metabolism, unspecified"
"E71.3","category","E71","Disorders of fatty-acid metabolism"
"E72","category","E70-E90","Other disorders of amino-acid metabolism"
"E72.0","category","E72","Disorders of amino-acid transport"
"E72.1","category","E72","Disorders of sulfur-bearing amino-acid metabolism"
"E72.2","category","E72","Disorders of urea cycle metabolism"
"E72.3","category","E72","Disorders of lysine and hydroxylysine metabolism"
"E72.4","category","E72","Disorders of ornithine metabolism"
"E72.5","category","E72","Disorders of glycine metabolism"
"E72.8","category","E72","Other specified disorders of amino-acid metabolism"
"E72.9","category","E72","Disorder of amino-acid metabolism, unspecified"
"E73","category","E70-E90","Lactose intolerance"
"E73.0","category","E73","Congenital lactase deficiency"
"E73.1","category","E73","Secondary lactase deficiency"
"E73.8","category","E73","Other lactose intolerance"
"E73.9","category","E73","Lactose intolerance, unspecified"
"E74","category","E70-E90","Other disorders of carbohydrate metabolism"
"E74.0","category","E74","Glycogen storage disease"
"E74.1","category","E74","Disorders of fructose metabolism"
"E74.2","category","E74","Disorders of galactose metabolism"
"E74.3","category","E74","Other disorders of intestinal carbohydrate absorption"
"E74.4","category","E74","Disorders of pyruvate metabolism and gluconeogenesis"
"E74.8","category","E74","Other specified disorders of carbohydrate metabolism"
"E74.9","category","E74","Disorder of carbohydrate metabolism, unspecified"
"E75","category","E70-E90","Disorders of sphingolipid metabolism and other lipid storage disorders"
"E75.0","category","E75","GM 2 gangliosidosis"
"E75.1","category","E75","Other gangliosidosis"
"E75.2","category","E75","Other sphingolipidosis"
"E75.3","category","E75","Sphingolipidosis, unspecified"
"E75.4","category","E75","Neuronal ceroid lipofuscinosis"
"E75.5","category","E75","Other lipid storage disorders"
"E75.6","category","E75","Lipid storage disorder, unspecified"
"E76","category","E70-E90","Disorders of glycosaminoglycan metabolism"
"E76.0","category","E76","Mucopolysaccharidosis, type I"
"E76.1","category","E76","Mucopolysaccharidosis, type II"
"E76.2","category","E76","Other mucopolysaccharidoses"
"E76.3","category","E76","Mucopolysaccharidosis, unspecified"
"E76.8","category","E76","Other disorders of glucosaminoglycan metabolism"
"E76.9","category","E76","Disorder of glucosaminoglycan metabolism, unspecified"
"E77","category","E70-E90","Disorders of glycoprotein metabolism"
"E77.0","category","E77","Defects in post-translational modification of lysosomal enzymes"
"E77.1","category","E77","Defects in glycoprotein degradation"
"E77.8","category","E77","Other disorders of glycoprotein metabolism"
"E77.9","category","E77","Disorder of glycoprotein metabolism, unspecified"
"E78","category","E70-E90","Disorders of lipoprotein metabolism and other lipidaemias"
"E78.0","category","E78","Pure hypercholesterolaemia"
"E78.1","category","E78","Pure hyperglyceridaemia"
"E78.2","category","E78","Mixed hyperlipidaemia"
"E78.3","category","E78","Hyperchylomicronaemia"
"E78.4","category","E78","Other hyperlipidaemia"
"E78.5","category","E78","Hyperlipidaemia, unspecified"
"E78.6","category","E78","Lipoprotein deficiency"
"E78.8","category","E78","Other disorders of lipoprotein metabolism"
"E78.9","category","E78","Disorder of lipoprotein metabolism, unspecified"
"E79","category","E70-E90","Disorders of purine and pyrimidine metabolism"
"E79.0","category","E79","Hyperuricaemia without signs of inflammatory arthritis and tophaceous disease"
"E79.1","category","E79","Lesch-Nyhan syndrome"
"E79.8","category","E79","Other disorders of purine and pyrimidine metabolism"
"E79.9","category","E79","Disorder of purine and pyrimidine metabolism, unspecified"
"E80","category","E70-E90","Disorders of porphyrin and bilirubin metabolism"
"E80.0","category","E80","Hereditary erythropoietic porphyria"
"E80.1","category","E80","Porphyria cutanea tarda"
"E80.2","category","E80","Other porphyria"
"E80.3","category","E80","Defects of catalase and peroxidase"
"E80.4","category","E80","Gilbert syndrome"
"E80.5","category","E80","Crigler-Najjar syndrome"
"E80.6","category","E80","Other disorders of bilirubin metabolism"
"E80.7","category","E80","Disorder of bilirubin metabolism, unspecified"
"E83","category","E70-E90","Disorders of mineral metabolism"
"E83.0","category","E83","Disorders of copper metabolism"
"E83.1","category","E83","Disorders of iron metabolism"
"E83.2","category","E83","Disorders of zinc metabolism"
"E83.3","category","E83","Disorders of phosphorus metabolism and phosphatases"
"E83.4","category","E83","Disorders of magnesium metabolism"
"E83.5","category","E83","Disorders of calcium metabolism"
"E83.8","category","E83","Other disorders of mineral metabolism"
"E83.9","category","E83","Disorder of mineral metabolism, unspecified"
"E84","category","E70-E90","Cystic fibrosis"
"E84.0","category","E84","Cystic fibrosis with pulmonary manifestations"
"E84.1","category","E84","Cystic fibrosis with intestinal manifestations"
"E84.8","category","E84","Cystic fibrosis with other manifestations"
"E84.9","category","E84","Cystic fibrosis, unspecified"
"E85","category","E70-E90","Amyloidosis"
"E85.0","category","E85","Non-neuropathic heredofamilial amyloidosis"
"E85.1","category","E85","Neuropathic heredofamilial amyloidosis"
"E85.2","category","E85","Heredofamilial amyloidosis, unspecified"
"E85.3","category","E85","Secondary systemic amyloidosis"
"E85.4","category","E85","Organ-limited amyloidosis"
"E85.8","category","E85","Other amyloidosis"
"E85.9","category","E85","Amyloidosis, unspecified"
"E86","category","E70-E90","Volume depletion"
"E87","category","E70-E90","Other disorders of fluid, electrolyte and acid-base balance"
"E87.0","category","E87","Hyperosmolality and hypernatraemia"
"E87.1","category","E87","Hypo-osmolality and hyponatraemia"
"E87.2","category","E87","Acidosis"
"E87.3","category","E87","Alkalosis"
"E87.4","category","E87","Mixed disorder of acid-base balance"
"E87.5","category","E87","Hyperkalaemia"
"E87.6","category","E87","Hypokalaemia"
"E87.7","category","E87","Fluid overload"
"E87.8","category","E87","Other disorders of electrolyte and fluid balance, not elsewhere classified"
"E88","category","E70-E90","Other metabolic disorders"
"E88.0","category","E88","Disorders of plasma-protein metabolism, not elsewhere classified"
"E88.1","category","E88","Lipodystrophy, not elsewhere classified"
"E88.2","category","E88","Lipomatosis, not elsewhere classified"
"E88.3","category","E88","Tumour lysis syndrome"
"E88.8","category","E88","Other specified metabolic disorders"
"E88.9","category","E88","Metabolic disorder, unspecified"
"E89","category","E70-E90","Postprocedural endocrine and metabolic disorders, not elsewhere classified"
"E89.0","category","E89","Postprocedural hypothyroidism"
"E89.1","category","E89","Postprocedural hypoinsulinaemia"
"E89.2","category","E89","Postprocedural hypoparathyroidism"
"E89.3","category","E89","Postprocedural hypopituitarism"
"E89.4","category","E89","Postprocedural ovarian failure"
"E89.5","category","E89","Postprocedural testicular hypofunction"
"E89.6","category","E89","Postprocedural adrenocortical(-medullary) hypofunction"
"E89.8","category","E89","Other postprocedural endocrine and metabolic disorders"
"E89.9","category","E89","Postprocedural endocrine and metabolic disorder, unspecified"
"E90","category","E70-E90","Nutritional and metabolic disorders in diseases classified elsewhere"
"V","chapter","","Mental and behavioural disorders"
"F00-F09","block","V","Organic, including symptomatic, mental disorders"
"F00","category","F00-F09","Dementia in Alzheimer disease G30.-"
"F00.0","category","F00","Dementia in Alzheimer disease with early onset G30.0"
"F00.1","category","F00","Dementia in Alzheimer disease with late onset G30.1"
"F00.2","category","F00","Dementia in Alzheimer disease, atypical or mixed type G30.8"
"F00.9","category","F00","Dementia in Alzheimer disease, unspecified G30.9"
"F01","category","F00-F09","Vascular dementia"
"F01.0","category","F01","Vascular dementia of acute onset"
"F01.1","category","F01","Multi-infarct dementia"
"F01.2","category","F01","Subcortical vascular dementia"
"F01.3","category","F01","Mixed cortical and subcortical vascular dementia"
"F01.8","category","F01","Other vascular dementia"
"F01.9","category","F01","Vascular dementia, unspecified"
"F02","category","F00-F09","Dementia in other diseases classified elsewhere"
"F02.0","category","F02","Dementia in Pick disease G31.0"
"F02.1","category","F02","Dementia in Creutzfeldt-Jakob disease A81.0"
"F02.2","category","F02","Dementia in Huntington disease G10"
"F02.3","category","F02","Dementia in Parkinson disease G20"
"F02.4","category","F02","Dementia in human immunodeficiency virus [HIV] disease B22.0"
"F02.8","category","F02","Dementia in other specified diseases classified elsewhere"
"F03","category","F00-F09","Unspecified dementia"
"F04","category","F00-F09","Organic amnesic syndrome, not induced by alcohol and other psychoactive substances"
"F05","category","F00-F09","Delirium, not induced by alcohol and other psychoactive substances"
"F05.0","category","F05","Delirium not superimposed on dementia, so described"
"F05.1","category","F05","Delirium superimposed on dementia"
"F05.8","category","F05","Other delirium"
"F05.9","category","F05","Delirium, unspecified"
"F06","category","F00-F09","Other mental disorders due to brain damage and dysfunction and to physical disease"
"F06.0","category","F06","Organic hallucinosis"
"F06.1","category","F06","Organic catatonic disorder"
"F06.2","category","F06","Organic delusional [schizophrenia-like] disorder"
"F06.3","category","F06","Organic mood [affective] disorders"
"F06.4","category","F06","Organic anxiety disorder"
"F06.5","category","F06","Organic dissociative disorder"
"F06.6","category","F06","Organic emotionally labile [asthenic] disorder"
"F06.7","category","F06","Mild cognitive disorder"
"F06.8","category","F06","Other specified mental disorders due to brain damage and dysfunction and to physical disease"
"F06.9","category","F06","Unspecified mental disorder due to brain damage and dysfunction and to physical disease"
"F07","category","F00-F09","Personality and behavioural disorders due to brain disease, damage and dysfunction"
"F07.0","category","F07","Organic personality disorder"
"F07.1","category","F07","Postencephalitic syndrome"
"F07.2","category","F07","Postconcussional syndrome"
"F07.8","category","F07","Other organic personality and behavioural disorders due to brain disease, damage and dysfunction"
"F07.9","category","F07","Unspecified organic personality and behavioural disorder due to brain disease, damage and dysfunction"
"F09","category","F00-F09","Unspecified organic or symptomatic mental disorder"
"F10-F19","block","V","Mental and behavioural disorders due to psychoactive substance use"
"F10","category","F10-F19","Mental and behavioural disorders due to use of alcohol"
"F11","category","F10-F19","Mental and behavioural disorders due to use of opioids"
"F12","category","F10-F19","Mental and behavioural disorders due to use of cannabinoids"
"F13","category","F10-F19","Mental and behavioural disorders due to use of sedatives or hypnotics"
"F14","category","F10-F19","Mental and behavioural disorders due to use of cocaine"
"F15","category","F10-F19","Mental and behavioural disorders due to use of other stimulants, including caffeine"
"F16","category","F10-F19","Mental and behavioural disorders due to use of hallucinogens"
"F17","category","F10-F19","Mental and behavioural disorders due to use of tobacco"
"F18","category","F10-F19","Mental and behavioural disorders due to use of volatile solvents"
"F19","category","F10-F19","Mental and behavioural disorders due to multiple drug use and use of other psychoactive substances"
"F20-F29","block","V","Schizophrenia, schizotypal and delusional disorders"
"F20","category","F20-F29","Schizophrenia"
"F20.0","category","F20","Paranoid schizophrenia"
"F20.1","category","F20","Hebephrenic schizophrenia"
"F20.2","category","F20","Catatonic schizophrenia"
"F20.3","category","F20","Undifferentiated schizophrenia"
"F20.4","category","F20","Post-schizophrenic depression"
"F20.5","category","F20","Residual schizophrenia"
"F20.6","category","F20","Simple schizophrenia"
"F20.8","category","F20","Other schizophrenia"
"F20.9","category","F20","Schizophrenia, unspecified"
"F21","category","F20-F29","Schizotypal disorder"
"F22","category","F20-F29","Persistent delusional disorders"
"F22.0","category","F22","Delusional disorder"
"F22.8","category","F22","Other persistent delusional disorders"
"F22.9","category","F22","Persistent delusional disorder, unspecified"
"F23","category","F20-F29","Acute and transient psychotic disorders"
"F23.0","category","F23","Acute polymorphic psychotic disorder without symptoms of schizophrenia"
"F23.1","category","F23","Acute polymorphic psychotic disorder with symptoms of schizophrenia"
"F23.2","category","F23","Acute schizophrenia-like psychotic disorder"
"F23.3","category","F23","Other acute predominantly delusional psychotic disorders"
"F23.8","category","F23","Other acute and transient psychotic disorders"
"F23.9","category","F23","Acute and transient psychotic disorder, unspecified"
"F24","category","F20-F29","Induced delusional disorder"
"F25","category","F20-F29","Schizoaffective disorders"
"F25.0","category","F25","Schizoaffective disorder, manic type"
"F25.1","category","F25","Schizoaffective disorder, depressive type"
"F25.2","category","F25","Schizoaffective disorder, mixed type"
"F25.8","category","F25","Other schizoaffective disorders"
"F25.9","category","F25","Schizoaffective disorder, unspecified"
"F28","category","F20-F29","Other nonorganic psychotic disorders"
"F29","category","F20-F29","Unspecified nonorganic psychosis"
"F30-F39","block","V","Mood [affective] disorders"
"F30","category","F30-F39","Manic episode"
"F30.0","category","F30","Hypomania"
"F30.1","category","F30","Mania without psychotic symptoms"
"F30.2","category","F30","Mania with psychotic symptoms"
"F30.8","category","F30","Other manic episodes"
"F30.9","category","F30","Manic episode, unspecified"
"F31","category","F30-F39","Bipolar affective disorder"
"F31.0","category","F31","Bipolar affective disorder, current episode hypomanic"
"F31.1","category","F31","Bipolar affective disorder, current episode manic without psychotic symptoms"
"F31.2","category","F31","Bipolar affective disorder, current episode manic with psychotic symptoms"
"F31.3","category","F31","Bipolar affective disorder, current episode mild or moderate depression"
"F31.4","category","F31","Bipolar affective disorder, current episode severe depression without psychotic symptoms"
"F31.5","category","F31","Bipolar affective disorder, current episode severe depression with psychotic symptoms"
"F31.6","category","F31","Bipolar affective disorder, current episode mixed"
"F31.7","category","F31","Bipolar affective disorder, currently in remission"
"F31.8","category","F31","Other bipolar affective disorders"
"F31.9","category","F31","Bipolar affective disorder, unspecified"
"F32","category","F30-F39","Depressive episode"
"F32.0","category","F32","Mild depressive episode"
"F32.1","category","F32","Moderate depressive episode"
"F32.2","category","F32","Severe depressive episode without psychotic symptoms"
"F32.3","category","F32","Severe depressive episode with psychotic symptoms"
"F32.8","category","F32","Other depressive episodes"
"F32.9","category","F32","Depressive episode, unspecified"
"F33","category","F30-F39","Recurrent depressive disorder"
"F33.0","category","F33","Recurrent depressive disorder, current episode mild"
"F33.1","category","F33","Recurrent depressive disorder, current episode moderate"
"F33.2","category","F33","Recurrent depressive disorder, current episode severe without psychotic symptoms"
"F33.3","category","F33","Recurrent depressive disorder, current episode severe with psychotic symptoms"
"F33.4","category","F33","Recurrent depressive disorder, currently in remission"
"F33.8","category","F33","Other recurrent depressive disorders"
"F33.9","category","F33","Recurrent depressive disorder, unspecified"
"F34","category","F30-F39","Persistent mood [affective] disorders"
"F34.0","category","F34","Cyclothymia"
"F34.1","category","F34","Dysthymia"
"F34.8","category","F34","Other persistent mood [affective] disorders"
"F34.9","category","F34","Persistent mood [affective] disorder, unspecified"
"F38","category","F30-F39","Other mood [affective] disorders"
"F38.0","category","F38","Other single mood [affective] disorders"
"F38.1","category","F38","Other recurrent mood [affective] disorders"
"F38.8","category","F38","Other specified mood [affective] disorders"
"F39","category","F30-F39","Unspecified mood [affective] disorder"
"F40-F48","block","V","Neurotic, stress-related and somatoform disorders"
"F40","category","F40-F48","Phobic anxiety disorders"
"F40.0","category","F40","Agoraphobia"
"F40.1","category","F40","Social phobias"
"F40.2","category","F40","Specific (isolated) phobias"
"F40.8","category","F40","Other phobic anxiety disorders"
"F40.9","category","F40","Phobic anxiety disorder, unspecified"
"F41","category","F40-F48","Other anxiety disorders"
"F41.0","category","F41","Panic disorder [episodic paroxysmal anxiety]"
"F41.1","category","F41","Generalized anxiety disorder"
"F41.2","category","F41","Mixed anxiety and depressive disorder"
"F41.3","category","F41","Other mixed anxiety disorders"
"F41.8","category","F41","Other specified anxiety disorders"
"F41.9","category","F41","Anxiety disorder, unspecified"
"F42","category","F40-F48","Obsessive-compulsive disorder"
"F42.0","category","F42","Predominantly obsessional thoughts or ruminations"
"F42.1","category","F42","Predominantly compulsive acts [obsessional rituals]"
"F42.2","category","F42","Mixed obsessional thoughts and acts"
"F42.8","category","F42","Other obsessive-compulsive disorders"
"F42.9","category","F42","Obsessive-compulsive disorder, unspecified"
"F43","category","F40-F48","Reaction to severe stress, and adjustment disorders"
"F43.0","category","F43","Acute stress reaction"
"F43.1","category","F43","Post-traumatic stress disorder"
"F43.2","category","F43","Adjustment disorders"
"F43.8","category","F43","Other reactions to severe stress"
"F43.9","category","F43","Reaction to severe stress, unspecified"
"F44","category","F40-F48","Dissociative [conversion] disorders"
"F44.0","category","F44","Dissociative amnesia"
"F44.1","category","F44","Dissociative fugue"
"F44.2","category","F44","Dissociative stupor"
"F44.3","category","F44","Trance and possession disorders"
"F44.4","category","F44","Dissociative motor disorders"
"F44.5","category","F44","Dissociative convulsions"
"F44.6","category","F44","Dissociative anaesthesia and sensory loss"
"F44.7","category","F44","Mixed dissociative [conversion] disorders"
"F44.8","category","F44","Other dissociative [conversion] disorders"
"F44.9","category","F44","Dissociative [conversion] disorder, unspecified"
"F45","category","F40-F48","Somatoform disorders"
"F45.0","category","F45","Somatization disorder"
"F45.1","category","F45","Undifferentiated somatoform disorder"
"F45.2","category","F45","Hypochondriacal disorder"
"F45.3","category","F45","Somatoform autonomic dysfunction"
"F45.4","category","F45","Persistent somatoform pain disorder"
"F45.8","category","F45","Other somatoform disorders"
"F45.9","category","F45","Somatoform disorder, unspecified"
"F48","category","F40-F48","Other neurotic disorders"
"F48.0","category","F48","Neurasthenia"
"F48.1","category","F48","Depersonalization-derealization syndrome"
"F48.8","category","F48","Other specified neurotic disorders"
"F48.9","category","F48","Neurotic disorder, unspecified"
"F50-F59","block","V","Behavioural syndromes associated with physiological disturbances and physical factors"
"F50","category","F50-F59","Eating disorders"
"F50.0","category","F50","Anorexia nervosa"
"F50.1","category","F50","Atypical anorexia nervosa"
"F50.2","category","F50","Bulimia nervosa"
"F50.3","category","F50","Atypical bulimia nervosa"
"F50.4","category","F50","Overeating associated with other psychological disturbances"
"F50.5","category","F50","Vomiting associated with other psychological disturbances"
"F50.8","category","F50","Other eating disorders"
"F50.9","category","F50","Eating disorder, unspecified"
"F51","category","F50-F59","Nonorganic sleep disorders"
"F51.0","category","F51","Nonorganic insomnia"
"F51.1","category","F51","Nonorganic hypersomnia"
"F51.2","category","F51","Nonorganic disorder of the sleep-wake schedule"
"F51.3","category","F51","Sleepwalking [somnambulism]"
"F51.4","category","F51","Sleep terrors [night terrors]"
"F51.5","category","F51","Nightmares"
"F51.8","category","F51","Other nonorganic sleep disorders"
"F51.9","category","F51","Nonorganic sleep disorder, unspecified"
"F52","category","F50-F59","Sexual dysfunction, not caused by organic disorder or disease"
"F52.0","category","F52","Lack or loss of sexual desire"
"F52.1","category","F52","Sexual aversion and lack of sexual enjoyment"
"F52.2","category","F52","Failure of genital response"
"F52.3","category","F52","Orgasmic dysfunction"
"F52.4","category","F52","Premature ejaculation"
"F52.5","category","F52","Nonorganic vaginismus"
"F52.6","category","F52","Nonorganic dyspareunia"
"F52.7","category","F52","Excessive sexual drive"
"F52.8","category","F52","Other sexual dysfunction, not caused by organic disorder or disease"
"F52.9","category","F52","Unspecified sexual dysfunction, not caused by organic disorder or disease"
"F53","category","F50-F59","Mental and behavioural disorders associated with the puerperium, not elsewhere classified"
"F53.0","category","F53","Mild mental and behavioural disorders associated with the puerperium, not elsewhere classified"
"F53.1","category","F53","Severe mental and behavioural disorders associated with the puerperium, not elsewhere classified"
"F53.8","category","F53","Other mental and behavioural disorders associated with the puerperium, not elsewhere classified"
"F53.9","category","F53","Puerperal mental disorder, unspecified"
"F54","category","F50-F59","Psychological and behavioural factors associated with disorders or diseases classified elsewhere"
"F55","category","F50-F59","Abuse of non-dependence-producing substances"
"F59","category","F50-F59","Unspecified behavioural syndromes associated with physiological disturbances and physical factors"
"F60-F69","block","V","Disorders of adult personality and behaviour"
"F60","category","F60-F69","Specific personality disorders"
"F60.0","category","F60","Paranoid personality disorder"
"F60.1","category","F60","Schizoid personality disorder"
"F60.2","category","F60","Dissocial personality disorder"
"F60.3","category","F60","Emotionally unstable personality disorder"
"F60.4","category","F60","Histrionic personality disorder"
"F60.5","category","F60","Anankastic personality disorder"
"F60.6","category","F60","Anxious [avoidant] personality disorder"
"F60.7","category","F60","Dependent personality disorder"
"F60.8","category","F60","Other specific personality disorders"
"F60.9","category","F60","Personality disorder, unspecified"
"F61","category","F60-F69","Mixed and other personality disorders"
"F62","category","F60-F69","Enduring personality changes, not attributable to brain damage and disease"
"F62.0","category","F62","Enduring personality change after catastrophic experience"
"F62.1","category","F62","Enduring personality change after psychiatric illness"
"F62.8","category","F62","Other enduring personality changes"
"F62.9","category","F62","Enduring personality change, unspecified"
"F63","category","F60-F69","Habit and impulse disorders"
"F63.0","category","F63","Pathological gambling"
"F63.1","category","F63","Pathological fire-setting [pyromania]"
"F63.2","category","F63","Pathological stealing [kleptomania]"
"F63.3","category","F63","Trichotillomania"
"F63.8","category","F63","Other habit and impulse disorders"
"F63.9","category","F63","Habit and impulse disorder, unspecified"
"F64","category","F60-F69","Gender identity disorders"
"F64.0","category","F64","Transsexualism"
"F64.1","category","F64","Dual-role transvestism"
"F64.2","category","F64","Gender identity disorder of childhood"
"F64.8","category","F64","Other gender identity disorders"
"F64.9","category","F64","Gender identity disorder, unspecified"
"F65","category","F60-F69","Disorders of sexual preference"
"F65.0","category","F65","Fetishism"
"F65.1","category","F65","Fetishistic transvestism"
"F65.2","category","F65","Exhibitionism"
"F65.3","category","F65","Voyeurism"
"F65.4","category","F65","Paedophilia"
"F65.5","category","F65","Sadomasochism"
"F65.6","category","F65","Multiple disorders of sexual preference"
"F65.8","category","F65","Other disorders of sexual preference"
"F65.9","category","F65","Disorder of sexual preference, unspecified"
"F66","category","F60-F69","Psychological and behavioural disorders associated with sexual development and orientation"
"F66.0","category","F66","Sexual maturation disorder"
"F66.1","category","F66","Egodystonic sexual orientation"
"F66.2","category","F66","Sexual relationship disorder"
"F66.8","category","F66","Other psychosexual development disorders"
"F66.9","category","F66","Psychosexual development disorder, unspecified"
"F68","category","F60-F69","Other disorders of adult personality and behaviour"
"F68.0","category","F68","Elaboration of physical symptoms for psychological reasons"
"F68.1","category","F68","Intentional production or feigning of symptoms or disabilities, either physical or psychological [factitious disorder]"
"F68.8","category","F68","Other specified disorders of adult personality and behaviour"
"F69","category","F60-F69","Unspecified disorder of adult personality and behaviour"
"F70-F79","block","V","Mental retardation"
"F70","category","F70-F79","Mild mental retardation"
"F71","category","F70-F79","Moderate mental retardation"
"F72","category","F70-F79","Severe mental retardation"
"F73","category","F70-F79","Profound mental retardation"
"F78","category","F70-F79","Other mental retardation"
"F79","category","F70-F79","Unspecified mental retardation"
"F80-F89","block","V","Disorders of psychological development"
"F80","category","F80-F89","Specific developmental disorders of speech and language"
"F80.0","category","F80","Specific speech articulation disorder"
"F80.1","category","F80","Expressive language disorder"
"F80.2","category","F80","Receptive language disorder"
"F80.3","category","F80","Acquired aphasia with epilepsy [Landau-Kleffner]"
"F80.8","category","F80","Other developmental disorders of speech and language"
"F80.9","category","F80","Developmental disorder of speech and language, unspecified"
"F81","category","F80-F89","Specific developmental disorders of scholastic skills"
"F81.0","category","F81","Specific reading disorder"
"F81.1","category","F81","Specific spelling disorder"
"F81.2","category","F81","Specific disorder of arithmetical skills"
"F81.3","category","F81","Mixed disorder of scholastic skills"
"F81.8","category","F81","Other developmental disorders of scholastic skills"
"F81.9","category","F81","Developmental disorder of scholastic skills, unspecified"
"F82","category","F80-F89","Specific developmental disorder of motor function"
"F83","category","F80-F89","Mixed specific developmental disorders"
"F84","category","F80-F89","Pervasive developmental disorders"
"F84.0","category","F84","Childhood autism"
"F84.1","category","F84","Atypical autism"
"F84.2","category","F84","Rett syndrome"
"F84.3","category","F84","Other childhood disintegrative disorder"
"F84.4","category","F84","Overactive disorder associated with mental retardation and stereotyped movements"
"F84.5","category","F84","Asperger syndrome"
"F84.8","category","F84","Other pervasive developmental disorders"
"F84.9","category","F84","Pervasive developmental disorder, unspecified"
"F88","category","F80-F89","Other disorders of psychological development"
"F89","category","F80-F89","Unspecified disorder of psychological development"
"F90-F98","block","V","Behavioural and emotional disorders with onset usually occurring in childhood and adolescence"
"F90","category","F90-F98","Hyperkinetic disorders"
"F90.0","category","F90","Disturbance of activity and attention"
"F90.1","category","F90","Hyperkinetic conduct disorder"
"F90.8","category","F90","Other hyperkinetic disorders"
"F90.9","category","F90","Hyperkinetic disorder, unspecified"
"F91","category","F90-F98","Conduct disorders"
"F91.0","category","F91","Conduct disorder confined to the family context"
"F91.1","category","F91","Unsocialized conduct disorder"
"F91.2","category","F91","Socialized conduct disorder"
"F91.3","category","F91","Oppositional defiant disorder"
"F91.8","category","F91","Other conduct disorders"
"F91.9","category","F91","Conduct disorder, unspecified"
"F92","category","F90-F98","Mixed disorders of conduct and emotions"
"F92.0","category","F92","Depressive conduct disorder"
"F92.8","category","F92","Other mixed disorders of conduct and emotions"
"F92.9","category","F92","Mixed disorder of conduct and emotions, unspecified"
"F93","category","F90-F98","Emotional disorders with onset specific to childhood"
"F93.0","category","F93","Separation anxiety disorder of childhood"
"F93.1","category","F93","Phobic anxiety disorder of childhood"
"F93.2","category","F93","Social anxiety disorder of childhood"
"F93.3","category","F93","Sibling rivalry disorder"
"F93.8","category","F93","Other childhood emotional disorders"
"F93.9","category","F93","Childhood emotional disorder, unspecified"
"F94","category","F90-F98","Disorders of social functioning with onset specific to childhood and adolescence"
"F94.0","category","F94","Elective mutism"
"F94.1","category","F94","Reactive attachment disorder of childhood"
"F94.2","category","F94","Disinhibited attachment disorder of childhood"
"F94.8","category","F94","Other childhood disorders of social functioning"
"F94.9","category","F94","Childhood disorder of social functioning, unspecified"
"F95","category","F90-F98","Tic disorders"
"F95.0","category","F95","Transient tic disorder"
"F95.1","category","F95","Chronic motor or vocal tic disorder"
"F95.2","category","F95","Combined vocal and multiple motor tic disorder [de la Tourette]"
"F95.8","category","F95","Other tic disorders"
"F95.9","category","F95","Tic disorder, unspecified"
"F98","category","F90-F98","Other behavioural and emotional disorders with onset usually occurring in childhood and adolescence"
"F98.0","category","F98","Nonorganic enuresis"
"F98.1","category","F98","Nonorganic encopresis"
"F98.2","category","F98","Feeding disorder of infancy and childhood"
"F98.3","category","F98","Pica of infancy and childhood"
"F98.4","category","F98","Stereotyped movement disorders"
"F98.5","category","F98","Stuttering [stammering]"
"F98.6","category","F98","Cluttering"
"F98.8","category","F98","Other specified behavioural and emotional disorders with onset usually occurring in childhood and adolescence"
"F98.9","category","F98","Unspecified behavioural and emotional disorders with onset usually occurring in childhood and adolescence"
"F99-F99","block","V","Unspecified mental disorder"
"F99","category","F99-F99","Mental disorder, not otherwise specified"
"VI","chapter","","Diseases of the nervous system"
"G00-G09","block","VI","Inflammatory diseases of the central nervous system"
"G00","category","G00-G09","Bacterial meningitis, not elsewhere classified"
"G00.0","category","G00","Haemophilus meningitis"
"G00.1","category","G00","Pneumococcal meningitis"
"G00.2","category","G00","Streptococcal meningitis"
"G00.3","category","G00","Staphylococcal meningitis"
"G00.8","category","G00","Other bacterial meningitis"
"G00.9","category","G00","Bacterial meningitis, unspecified"
"G01","category","G00-G09","Meningitis in bacterial diseases classified elsewhere"
"G02","category","G00-G09","Meningitis in other infectious and parasitic diseases classified elsewhere"
"G02.0","category","G02","Meningitis in viral diseases classified elsewhere"
"G02.1","category","G02","Meningitis in mycoses"
"G02.8","category","G02","Meningitis in other specified infectious and parasitic diseases classified elsewhere"
"G03","category","G00-G09","Meningitis due to other and unspecified causes"
"G03.0","category","G03","Nonpyogenic meningitis"
"G03.1","category","G03","Chronic meningitis"
"G03.2","category","G03","Benign recurrent meningitis [Mollaret]"
"G03.8","category","G03","Meningitis due to other specified causes"
"G03.9","category","G03","Meningitis, unspecified"
"G04","category","G00-G09","Encephalitis, myelitis and encephalomyelitis"
"G04.0","category","G04","Acute disseminated encephalitis"
"G04.1","category","G04","Human T-cell lymphotropic virus associated myelopathy"
"G04.2","category","G04","Bacterial meningoencephalitis and meningomyelitis, not elsewhere classified"
"G04.8","category","G04","Other encephalitis, myelitis and encephalomyelitis"
"G04.9","category","G04","Encephalitis, myelitis and encephalomyelitis, unspecified"
"G05","category","G00-G09","Encephalitis, myelitis and encephalomyelitis in diseases classified elsewhere"
"G05.0","category","G05","Encephalitis, myelitis and encephalomyelitis in bacterial diseases classified elsewhere"
"G05.1","category","G05","Encephalitis, myelitis and encephalomyelitis in viral diseases classified elsewhere"
"G05.2","category","G05","Encephalitis, myelitis and encephalomyelitis in other infectious and parasitic diseases classified elsewhere"
"G05.8","category","G05","Encephalitis, myelitis and encephalomyelitis in other diseases classified elsewhere"
"G06","category","G00-G09","Intracranial and intraspinal abscess and granuloma"
"G06.0","category","G06","Intracranial abscess and granuloma"
"G06.1","category","G06","Intraspinal abscess and granuloma"
"G06.2","category","G06","Extradural and subdural abscess, unspecified"
"G07","category","G00-G09","Intracranial and intraspinal abscess and granuloma in diseases classified elsewhere"
"G08","category","G00-G09","Intracranial and intraspinal phlebitis and thrombophlebitis"
"G09","category","G00-G09","Sequelae of inflammatory diseases of central nervous system"
"G10-G14","block","VI","Systemic atrophies primarily affecting the central nervous system"
"G10","category","G10-G14","Huntington disease"
"G11","category","G10-G14","Hereditary ataxia"
"G11.0","category","G11","Congenital nonprogressive ataxia"
"G11.1","category","G11","Early-onset cerebellar ataxia"
"G11.2","category","G11","Late-onset cerebellar ataxia"
"G11.3","category","G11","Cerebellar ataxia with defective DNA repair"
"G11.4","category","G11","Hereditary spastic paraplegia"
"G11.8","category","G11","Other hereditary ataxias"
"G11.9","category","G11","Hereditary ataxia, unspecified"
"G12","category","G10-G14","Spinal muscular atrophy and related syndromes"
"G12.0","category","G12","Infantile spinal muscular atrophy, type I [Werdnig-Hoffman]"
"G12.1","category","G12","Other inherited spinal muscular atrophy"
"G12.2","category","G12","Motor neuron disease"
"G12.8","category","G12","Other spinal muscular atrophies and related syndromes"
"G12.9","category","G12","Spinal muscular atrophy, unspecified"
"G13","category","G10-G14","Systemic atrophies primarily affecting central nervous system in diseases classified elsewhere"
"G13.0","category","G13","Paraneoplastic neuromyopathy and neuropathy"
"G13.1","category","G13","Other systemic atrophy primarily affecting central nervous system in neoplastic disease"
"G13.2","category","G13","Systemic atrophy primarily affecting central nervous system in myxoedema E00.1 E03.-"
"G13.8","category","G13","Systemic atrophy primarily affecting central nervous system in other diseases classified elsewhere"
"G14","category","G10-G14","Postpolio syndrome"
"G20-G26","block","VI","Extrapyramidal and movement disorders"
"G20","category","G20-G26","Parkinson disease"
"G21","category","G20-G26","Secondary parkinsonism"
"G21.0","category","G21","Malignant neuroleptic syndrome"
"G21.1","category","G21","Other drug-induced secondary parkinsonism"
"G21.2","category","G21","Secondary parkinsonism due to other external agents"
"G21.3","category","G21","Postencephalitic parkinsonism"
"G21.4","category","G21","Vascular parkinsonism"
"G21.8","category","G21","Other secondary parkinsonism"
"G21.9","category","G21","Secondary parkinsonism, unspecified"
"G22","category","G20-G26","Parkinsonism in diseases classified elsewhere"
"G23","category","G20-G26","Other degenerative diseases of basal ganglia"
"G23.0","category","G23","Hallervorden-Spatz disease"
"G23.1","category","G23","Progressive supranuclear ophthalmoplegia [Steele-Richardson-Olszewski]"
"G23.2","category","G23","Multiple system atrophy, parkinsonian type [MSA-P]"
"G23.3","category","G23","Multiple system atrophy, cerebellar type [MSA-C]"
"G23.8","category","G23","Other specified degenerative diseases of basal ganglia"
"G23.9","category","G23","Degenerative disease of basal ganglia, unspecified"
"G24","category","G20-G26","Dystonia"
"G24.0","category","G24","Drug-induced dystonia"
"G24.1","category","G24","Idiopathic familial dystonia"
"G24.2","category","G24","Idiopathic nonfamilial dystonia"
"G24.3","category","G24","Spasmodic torticollis"
"G24.4","category","G24","Idiopathic orofacial dystonia"
"G24.5","category","G24","Blepharospasm"
"G24.8","category","G24","Other dystonia"
"G24.9","category","G24","Dystonia, unspecified"
"G25","category","G20-G26","Other extrapyramidal and movement disorders"
"G25.0","category","G25","Essential tremor"
"G25.1","category","G25","Drug-induced tremor"
"G25.2","category","G25","Other specified forms of tremor"
"G25.3","category","G25","Myoclonus"
"G25.4","category","G25","Drug-induced chorea"
"G25.5","category","G25","Other chorea"
"G25.6","category","G25","Drug-induced tics and other tics of organic origin"
"G25.8","category","G25","Other specified extrapyramidal and movement disorders"
"G25.9","category","G25","Extrapyramidal and movement disorder, unspecified"
"G26","category","G20-G26","Extrapyramidal and movement disorders in diseases classified elsewhere"
"G30-G32","block","VI","Other degenerative diseases of the nervous system"
"G30","category","G30-G32","Alzheimer disease"
"G30.0","category","G30","Alzheimer disease with early onset"
"G30.1","category","G30","Alzheimer disease with late onset"
"G30.8","category","G30","Other Alzheimer disease"
"G30.9","category","G30","Alzheimer disease, unspecified"
"G31","category","G30-G32","Other degenerative diseases of nervous system, not elsewhere classified"
"G31.0","category","G31","Circumscribed brain atrophy"
"G31.1","category","G31","Senile degeneration of brain, not elsewhere classified"
"G31.2","category","G31","Degeneration of nervous system due to alcohol"
"G31.8","category","G31","Other specified degenerative diseases of nervous system"
"G31.9","category","G31","Degenerative disease of nervous system, unspecified"
"G32","category","G30-G32","Other degenerative disorders of nervous system in diseases classified elsewhere"
"G32.0","category","G32","Subacute combined degeneration of spinal cord in diseases classified elsewhere"
"G32.8","category","G32","Other specified degenerative disorders of nervous system in diseases classified elsewhere"
"G35-G37","block","VI","Demyelinating diseases of the central nervous system"
"G35","category","G35-G37","Multiple sclerosis"
"G36","category","G35-G37","Other acute disseminated demyelination"
"G36.0","category","G36","Neuromyelitis optica [Devic]"
"G36.1","category","G36","Acute and subacute haemorrhagic leukoencephalitis [Hurst]"
"G36.8","category","G36","Other specified acute disseminated demyelination"
"G36.9","category","G36","Acute disseminated demyelination, unspecified"
"G37","category","G35-G37","Other demyelinating diseases of central nervous system"
"G37.0","category","G37","Diffuse sclerosis"
"G37.1","category","G37","Central demyelination of corpus callosum"
"G37.2","category","G37","Central pontine myelinolysis"
"G37.3","category","G37","Acute transverse myelitis in demyelinating disease of central nervous system"
"G37.4","category","G37","Subacute necrotizing myelitis"
"G37.5","category","G37","Concentric sclerosis [Baló]"
"G37.8","category","G37","Other specified demyelinating diseases of central nervous system"
"G37.9","category","G37","Demyelinating disease of central nervous system, unspecified"
"G40-G47","block","VI","Episodic and paroxysmal disorders"
"G40","category","G40-G47","Epilepsy"
"G40.0","category","G40","Localization-related (focal)(partial) idiopathic epilepsy and epileptic syndromes with seizures of localized onset"
"G40.1","category","G40","Localization-related (focal)(partial) symptomatic epilepsy and epileptic syndromes with simple partial seizures"
"G40.2","category","G40","Localization-related (focal)(partial) symptomatic epilepsy and epileptic syndromes with complex partial seizures"
"G40.3","category","G40","Generalized idiopathic epilepsy and epileptic syndromes"
"G40.4","category","G40","Other generalized epilepsy and epileptic syndromes"
"G40.5","category","G40","Special epileptic syndromes"
"G40.6","category","G40","Grand mal seizures, unspecified (with or without petit mal)"
"G40.7","category","G40","Petit mal, unspecified, without grand mal seizures"
"G40.8","category","G40","Other epilepsy"
"G40.9","category","G40","Epilepsy, unspecified"
"G41","category","G40-G47","Status epilepticus"
"G41.0","category","G41","Grand mal status epilepticus"
"G41.1","category","G41","Petit mal status epilepticus"
"G41.2","category","G41","Complex partial status epilepticus"
"G41.8","category","G41","Other status epilepticus"
"G41.9","category","G41","Status epilepticus, unspecified"
"G43","category","G40-G47","Migraine"
"G43.0","category","G43","Migraine without aura [common migraine]"
"G43.1","category","G43","Migraine with aura [classical migraine]"
"G43.2","category","G43","Status migrainosus"
"G43.3","category","G43","Complicated migraine"
"G43.8","category","G43","Other migraine"
"G43.9","category","G43","Migraine, unspecified"
"G44","category","G40-G47","Other headache syndromes"
"G44.0","category","G44","Cluster headache syndrome"
"G44.1","category","G44","Vascular headache, not elsewhere classified"
"G44.2","category","G44","Tension-type headache"
"G44.3","category","G44","Chronic post-traumatic headache"
"G44.4","category","G44","Drug-induced headache, not elsewhere classified"
"G44.8","category","G44","Other specified headache syndromes"
"G45","category","G40-G47","Transient cerebral ischaemic attacks and related syndromes"
"G45.0","category","G45","Vertebro-basilar artery syndrome"
"G45.1","category","G45","Carotid artery syndrome (hemispheric)"
"G45.2","category","G45","Multiple and bilateral precerebral artery syndromes"
"G45.3","category","G45","Amaurosis fugax"
"G45.4","category","G45","Transient global amnesia"
"G45.8","category","G45","Other transient cerebral ischaemic attacks and related syndromes"
"G45.9","category","G45","Transient cerebral ischaemic attack, unspecified"
"G46","category","G40-G47","Vascular syndromes of brain in cerebrovascular diseases I60-I67"
"G46.0","category","G46","Middle cerebral artery syndrome I66.0"
"G46.1","category","G46","Anterior cerebral artery syndrome I66.1"
"G46.2","category","G46","Posterior cerebral artery syndrome I66.2"
"G46.3","category","G46","Brain stem stroke syndrome I60-I67"
"G46.4","category","G46","Cerebellar stroke syndrome I60-I67"
"G46.5","category","G46","Pure motor lacunar syndrome I60-I67"
"G46.6","category","G46","Pure sensory lacunar syndrome I60-I67"
"G46.7","category","G46","Other lacunar syndromes I60-I67"
"G46.8","category","G46","Other vascular syndromes of brain in cerebrovascular diseases I60-I67"
"G47","category","G40-G47","Sleep disorders"
"G47.0","category","G47","Disorders of initiating and maintaining sleep [insomnias]"
"G47.1","category","G47","Disorders of excessive somnolence [hypersomnias]"
"G47.2","category","G47","Disorders of the sleep-wake schedule"
"G47.3","category","G47","Sleep apnoea"
"G47.4","category","G47","Narcolepsy and cataplexy"
"G47.8","category","G47","Other sleep disorders"
"G47.9","category","G47","Sleep disorder, unspecified"
"G50-G59","block","VI","Nerve, nerve root and plexus disorders"
"G50","category","G50-G59","Disorders of trigeminal nerve"
"G50.0","category","G50","Trigeminal neuralgia"
"G50.1","category","G50","Atypical facial pain"
"G50.8","category","G50","Other disorders of trigeminal nerve"
"G50.9","category","G50","Disorder of trigeminal nerve, unspecified"
"G51","category","G50-G59","Facial nerve disorders"
"G51.0","category","G51","Bell palsy"
"G51.1","category","G51","Geniculate ganglionitis"
"G51.2","category","G51","Melkersson syndrome"
"G51.3","category","G51","Clonic hemifacial spasm"
"G51.4","category","G51","Facial myokymia"
"G51.8","category","G51","Other disorders of facial nerve"
"G51.9","category","G51","Disorder of facial nerve, unspecified"
"G52","category","G50-G59","Disorders of other cranial nerves"
"G52.0","category","G52","Disorders of olfactory nerve"
"G52.1","category","G52","Disorders of glossopharyngeal nerve"
"G52.2","category","G52","Disorders of vagus nerve"
"G52.3","category","G52","Disorders of hypoglossal nerve"
"G52.7","category","G52","Disorders of multiple cranial nerves"
"G52.8","category","G52","Disorders of other specified cranial nerves"
"G52.9","category","G52","Cranial nerve disorder, unspecified"
"G53","category","G50-G59","Cranial nerve disorders in diseases classified elsewhere"
"G53.0","category","G53","Postzoster neuralgia B02.2"
"G53.1","category","G53","Multiple cranial nerve palsies in infectious and parasitic diseases classified elsewhere A00-B99"
"G53.2","category","G53","Multiple cranial nerve palsies in sarcoidosis D86.8"
"G53.3","category","G53","Multiple cranial nerve palsies in neoplastic disease C00-D48"
"G53.8","category","G53","Other cranial nerve disorders in other diseases classified elsewhere"
"G54","category","G50-G59","Nerve root and plexus disorders"
"G54.0","category","G54","Brachial plexus disorders"
"G54.1","category","G54","Lumbosacral plexus disorders"
"G54.2","category","G54","Cervical root disorders, not elsewhere classified"
"G54.3","category","G54","Thoracic root disorders, not elsewhere classified"
"G54.4","category","G54","Lumbosacral root disorders, not elsewhere classified"
"G54.5","category","G54","Neuralgic amyotrophy"
"G54.6","category","G54","Phantom limb syndrome with pain"
"G54.7","category","G54","Phantom limb syndrome without pain"
"G54.8","category","G54","Other nerve root and plexus disorders"
"G54.9","category","G54","Nerve root and plexus disorder, unspecified"
"G55","category","G50-G59","Nerve root and plexus compressions in diseases classified elsewhere"
"G55.0","category","G55","Nerve root and plexus compressions in neoplastic disease C00-D48"
"G55.1","category","G55","Nerve root and plexus compressions in intervertebral disc disorders M50-M51"
"G55.2","category","G55","Nerve root and plexus compressions in spondylosis M47.-"
"G55.3","category","G55","Nerve root and plexus compressions in other dorsopathies M45-M46 M48.- M53-M54"
"G55.8","category","G55","Nerve root and plexus compressions in other diseases classified elsewhere"
"G56","category","G50-G59","Mononeuropathies of upper limb"
"G56.0","category","G56","Carpal tunnel syndrome"
"G56.1","category","G56","Other lesions of median nerve"
"G56.2","category","G56","Lesion of ulnar nerve"
"G56.3","category","G56","Lesion of radial nerve"
"G56.8","category","G56","Other mononeuropathies of upper limb"
"G56.9","category","G56","Mononeuropathy of upper limb, unspecified"
"G57","category","G50-G59","Mononeuropathies of lower limb"
"G57.0","category","G57","Lesion of sciatic nerve"
"G57.1","category","G57","Meralgia paraesthetica"
"G57.2","category","G57","Lesion of femoral nerve"
"G57.3","category","G57","Lesion of lateral popliteal nerve"
"G57.4","category","G57","Lesion of medial popliteal nerve"
"G57.5","category","G57","Tarsal tunnel syndrome"
"G57.6","category","G57","Lesion of plantar nerve"
"G57.8","category","G57","Other mononeuropathies of lower limb"
"G57.9","category","G57","Mononeuropathy of lower limb, unspecified"
"G58","category","G50-G59","Other mononeuropathies"
"G58.0","category","G58","Intercostal neuropathy"
"G58.7","category","G58","Mononeuritis multiplex"
"G58.8","category","G58","Other specified mononeuropathies"
"G58.9","category","G58","Mononeuropathy, unspecified"
"G59","category","G50-G59","Mononeuropathy in diseases classified elsewhere"
"G59.0","category","G59","Diabetic mononeuropathy E10-E14 with common fourth character .4"
"G59.8","category","G59","Other mononeuropathies in diseases classified elsewhere"
"G60-G64","block","VI","Polyneuropathies and other disorders of the peripheral nervous system"
"G60","category","G60-G64","Hereditary and idiopathic neuropathy"
"G60.0","category","G60","Hereditary motor and sensory neuropathy"
"G60.1","category","G60","Refsum disease"
"G60.2","category","G60","Neuropathy in association with hereditary ataxia"
"G60.3","category","G60","Idiopathic progressive neuropathy"
"G60.8","category","G60","Other hereditary and idiopathic neuropathies"
"G60.9","category","G60","Hereditary and idiopathic neuropathy, unspecified"
"G61","category","G60-G64","Inflammatory polyneuropathy"
"G61.0","category","G61","Guillain-Barré syndrome"
"G61.1","category","G61","Serum neuropathy"
"G61.8","category","G61","Other inflammatory polyneuropathies"
"G61.9","category","G61","Inflammatory polyneuropathy, unspecified"
"G62","category","G60-G64","Other polyneuropathies"
"G62.0","category","G62","Drug-induced polyneuropathy"
"G62.1","category","G62","Alcoholic polyneuropathy"
"G62.2","category","G62","Polyneuropathy due to other toxic agents"
"G62.8","category","G62","Other specified polyneuropathies"
"G62.9","category","G62","Polyneuropathy, unspecified"
"G63","category","G60-G64","Polyneuropathy in diseases classified elsewhere"
"G63.0","category","G63","Polyneuropathy in infectious and parasitic diseases classified elsewhere"
"G63.1","category","G63","Polyneuropathy in neoplastic disease C00-D48"
"G63.2","category","G63","Diabetic polyneuropathy E10-E14 with common fourth character .4"
"G63.3","category","G63","Polyneuropathy in other endocrine and metabolic diseases E00-E07 E15-E16 E20-E34 E70-E89"
"G63.4","category","G63","Polyneuropathy in nutritional deficiency E40-E64"
"G63.5","category","G63","Polyneuropathy in systemic connective tissue disorders M30-M35"
"G63.6","category","G63","Polyneuropathy in other musculoskeletal disorders M00-M25 M40-M96"
"G63.8","category","G63","Polyneuropathy in other diseases classified elsewhere"
"G64","category","G60-G64","Other disorders of peripheral nervous system"
"G70-G73","block","VI","Diseases of myoneural junction and muscle"
"G70","category","G70-G73","Myasthenia gravis and other myoneural disorders"
"G70.0","category","G70","Myasthenia gravis"
"G70.1","category","G70","Toxic myoneural disorders"
"G70.2","category","G70","Congenital and developmental myasthenia"
"G70.8","category","G70","Other specified myoneural disorders"
"G70.9","category","G70","Myoneural disorder, unspecified"
"G71","category","G70-G73","Primary disorders of muscles"
"G71.0","category","G71","Muscular dystrophy"
"G71.1","category","G71","Myotonic disorders"
"G71.2","category","G71","Congenital myopathies"
"G71.3","category","G71","Mitochondrial myopathy, not elsewhere classified"
"G71.8","category","G71","Other primary disorders of muscles"
"G71.9","category","G71","Primary disorder of muscle, unspecified"
"G72","category","G70-G73","Other myopathies"
"G72.0","category","G72","Drug-induced myopathy"
"G72.1","category","G72","Alcoholic myopathy"
"G72.2","category","G72","Myopathy due to other toxic agents"
"G72.3","category","G72","Periodic paralysis"
"G72.4","category","G72","Inflammatory myopathy, not elsewhere classified"
"G72.8","category","G72","Other specified myopathies"
"G72.9","category","G72","Myopathy, unspecified"
"G73","category","G70-G73","Disorders of myoneural junction and muscle in diseases classified elsewhere"
"G73.0","category","G73","Myasthenic syndromes in endocrine diseases"
"G73.1","category","G73","Lambert-Eaton syndrome C00-D48"
"G73.2","category","G73","Other myasthenic syndromes in neoplastic disease C00-D48"
"G73.3","category","G73","Myasthenic syndromes in other diseases classified elsewhere"
"G73.4","category","G73","Myopathy in infectious and parasitic diseases classified elsewhere"
"G73.5","category","G73","Myopathy in endocrine diseases"
"G73.6","category","G73","Myopathy in metabolic diseases"
"G73.7","category","G73","Myopathy in other diseases classified elsewhere"
"G80-G83","block","VI","Cerebral palsy and other paralytic syndromes"
"G80","category","G80-G83","Cerebral palsy"
"G80.0","category","G80","Spastic quadriplegic cerebral palsy"
"G80.1","category","G80","Spastic diplegic cerebral palsy"
"G80.2","category","G80","Spastic hemiplegic cerebral palsy"
"G80.3","category","G80","Dyskinetic cerebral palsy"
"G80.4","category","G80","Ataxic cerebral palsy"
"G80.8","category","G80","Other cerebral palsy"
"G80.9","category","G80","Cerebral palsy, unspecified"
"G81","category","G80-G83","Hemiplegia"
"G81.0","category","G81","Flaccid hemiplegia"
"G81.1","category","G81","Spastic hemiplegia"
"G81.9","category","G81","Hemiplegia, unspecified"
"G82","category","G80-G83","Paraplegia and tetraplegia"
"G82.0","category","G82","Flaccid paraplegia"
"G82.1","category","G82","Spastic paraplegia"
"G82.2","category","G82","Paraplegia, unspecified"
"G82.3","category","G82","Flaccid tetraplegia"
"G82.4","category","G82","Spastic tetraplegia"
"G82.5","category","G82","Tetraplegia, unspecified"
"G83","category","G80-G83","Other paralytic syndromes"
"G83.0","category","G83","Diplegia of upper limbs"
"G83.1","category","G83","Monoplegia of lower limb"
"G83.2","category","G83","Monoplegia of upper limb"
"G83.3","category","G83","Monoplegia, unspecified"
"G83.4","category","G83","Cauda equina syndrome"
"G83.5","category","G83","Locked-in syndrome"
"G83.6","category","G83","Upper motor neuron facial paralysis"
"G83.8","category","G83","Other specified paralytic syndromes"
"G83.9","category","G83","Paralytic syndrome, unspecified"
"G90-G99","block","VI","Other disorders of the nervous system"
"G90","category","G90-G99","Disorders of autonomic nervous system"
"G90.0","category","G90","Idiopathic peripheral autonomic neuropathy"
"G90.1","category","G90","Familial dysautonomia [Riley-Day]"
"G90.2","category","G90","Horner syndrome"
"G90.4","category","G90","Autonomic dysreflexia"
"G90.5","category","G90","Complex regional pain syndrome type I"
"G90.6","category","G90","Complex regional pain syndrome type II"
"G90.7","category","G90","Complex regional pain syndrome, other and unspecified type"
"G90.8","category","G90","Other disorders of autonomic nervous system"
"G90.9","category","G90","Disorder of autonomic nervous system, unspecified"
"G91","category","G90-G99","Hydrocephalus"
"G91.0","category","G91","Communicating hydrocephalus"
"G91.1","category","G91","Obstructive hydrocephalus"
"G91.2","category","G91","Normal-pressure hydrocephalus"
"G91.3","category","G91","Post-traumatic hydrocephalus, unspecified"
"G91.8","category","G91","Other hydrocephalus"
"G91.9","category","G91","Hydrocephalus, unspecified"
"G92","category","G90-G99","Toxic encephalopathy"
"G93","category","G90-G99","Other disorders of brain"
"G93.0","category","G93","Cerebral cysts"
"G93.1","category","G93","Anoxic brain damage, not elsewhere classified"
"G93.2","category","G93","Benign intracranial hypertension"
"G93.3","category","G93","Postviral fatigue syndrome"
"G93.4","category","G93","Encephalopathy, unspecified"
"G93.5","category","G93","Compression of brain"
"G93.6","category","G93","Cerebral oedema"
"G93.7","category","G93","Reye syndrome"
"G93.8","category","G93","Other specified disorders of brain"
"G93.9","category","G93","Disorder of brain, unspecified"
"G94","category","G90-G99","Other disorders of brain in diseases classified elsewhere"
"G94.0","category","G94","Hydrocephalus in infectious and parasitic diseases classified elsewhere A00-B99"
"G94.1","category","G94","Hydrocephalus in neoplastic disease C00-D48"
"G94.2","category","G94","Hydrocephalus in other diseases classified elsewhere"
"G94.3","category","G94","Encephalopathy in diseases classified elsewhere"
"G94.8","category","G94","Other specified disorders of brain in diseases classified elsewhere"
"G95","category","G90-G99","Other diseases of spinal cord"
"G95.0","category","G95","Syringomyelia and syringobulbia"
"G95.1","category","G95","Vascular myelopathies"
"G95.2","category","G95","Cord compression, unspecified"
"G95.8","category","G95","Other specified diseases of spinal cord"
"G95.9","category","G95","Disease of spinal cord, unspecified"
"G96","category","G90-G99","Other disorders of central nervous system"
"G96.0","category","G96","Cerebrospinal fluid leak"
"G96.1","category","G96","Disorders of meninges, not elsewhere classified"
"G96.8","category","G96","Other specified disorders of central nervous system"
"G96.9","category","G96","Disorder of central nervous system, unspecified"
"G97","category","G90-G99","Postprocedural disorders of nervous system, not elsewhere classified"
"G97.0","category","G97","Cerebrospinal fluid leak from spinal puncture"
"G97.1","category","G97","Other reaction to spinal and lumbar puncture"
"G97.2","category","G97","Intracranial hypotension following ventricular shunting"
"G97.8","category","G97","Other postprocedural disorders of nervous system"
"G97.9","category","G97","Postprocedural disorder of nervous system, unspecified"
"G98","category","G90-G99","Other disorders of nervous system, not elsewhere classified"
"G99","category","G90-G99","Other disorders of nervous system in diseases classified elsewhere"
"G99.0","category","G99","Autonomic neuropathy in endocrine and metabolic diseases"
"G99.1","category","G99","Other disorders of autonomic nervous system in other diseases classified elsewhere"
"G99.2","category","G99","Myelopathy in diseases classified elsewhere"
"G99.8","category","G99","Other specified disorders of nervous system in diseases classified elsewhere"
"VII","chapter","","Diseases of the eye and adnexa"
"H00-H06","block","VII","Disorders of eyelid, lacrimal system and orbit"
"H00","category","H00-H06","Hordeolum and chalazion"
"H00.0","category","H00","Hordeolum and other deep inflammation of eyelid"
"H00.1","category","H00","Chalazion"
"H01","category","H00-H06","Other inflammation of eyelid"
"H01.0","category","H01","Blepharitis"
"H01.1","category","H01","Noninfectious dermatoses of eyelid"
"H01.8","category","H01","Other specified inflammation of eyelid"
"H01.9","category","H01","Inflammation of eyelid, unspecified"
"H02","category","H00-H06","Other disorders of eyelid"
"H02.0","category","H02","Entropion and trichiasis of eyelid"
"H02.1","category","H02","Ectropion of eyelid"
"H02.2","category","H02","Lagophthalmos"
"H02.3","category","H02","Blepharochalasis"
"H02.4","category","H02","Ptosis of eyelid"
"H02.5","category","H02","Other disorders affecting eyelid function"
"H02.6","category","H02","Xanthelasma of eyelid"
"H02.7","category","H02","Other degenerative disorders of eyelid and periocular area"
"H02.8","category","H02","Other specified disorders of eyelid"
"H02.9","category","H02","Disorder of eyelid, unspecified"
"H03","category","H00-H06","Disorders of eyelid in diseases classified elsewhere"
"H03.0","category","H03","Parasitic infestation of eyelid in diseases classified elsewhere"
"H03.1","category","H03","Involvement of eyelid in other infectious diseases classified elsewhere"
"H03.8","category","H03","Involvement of eyelid in other diseases classified elsewhere"
"H04","category","H00-H06","Disorders of lacrimal system"
"H04.0","category","H04","Dacryoadenitis"
"H04.1","category","H04","Other disorders of lacrimal gland"
"H04.2","category","H04","Epiphora"
"H04.3","category","H04","Acute and unspecified inflammation of lacrimal passages"
"H04.4","category","H04","Chronic inflammation of lacrimal passages"
"H04.5","category","H04","Stenosis and insufficiency of lacrimal passages"
"H04.6","category","H04","Other changes in lacrimal passages"
"H04.8","category","H04","Other disorders of lacrimal system"
"H04.9","category","H04","Disorder of lacrimal system, unspecified"
"H05","category","H00-H06","Disorders of orbit"
"H05.0","category","H05","Acute inflammation of orbit"
"H05.1","category","H05","Chronic inflammatory disorders of orbit"
"H05.2","category","H05","Exophthalmic conditions"
"H05.3","category","H05","Deformity of orbit"
"H05.4","category","H05","Enophthalmos"
"H05.5","category","H05","Retained (old) foreign body following penetrating wound of orbit"
"H05.8","category","H05","Other disorders of orbit"
"H05.9","category","H05","Disorder of orbit, unspecified"
"H06","category","H00-H06","Disorders of lacrimal system and orbit in diseases classified elsewhere"
"H06.0","category","H06","Disorders of lacrimal system in diseases classified elsewhere"
"H06.1","category","H06","Parasitic infestation of orbit in diseases classified elsewhere"
"H06.2","category","H06","Dysthyroid exophthalmos E05.-"
"H06.3","category","H06","Other disorders of orbit in diseases classified elsewhere"
"H10-H13","block","VII","Disorders of conjunctiva"
"H10","category","H10-H13","Conjunctivitis"
"H10.0","category","H10","Mucopurulent conjunctivitis"
"H10.1","category","H10","Acute atopic conjunctivitis"
"H10.2","category","H10","Other acute conjunctivitis"
"H10.3","category","H10","Acute conjunctivitis, unspecified"
"H10.4","category","H10","Chronic conjunctivitis"
"H10.5","category","H10","Blepharoconjunctivitis"
"H10.8","category","H10","Other conjunctivitis"
"H10.9","category","H10","Conjunctivitis, unspecified"
"H11","category","H10-H13","Other disorders of conjunctiva"
"H11.0","category","H11","Pterygium"
"H11.1","category","H11","Conjunctival degenerations and deposits"
"H11.2","category","H11","Conjunctival scars"
"H11.3","category","H11","Conjunctival haemorrhage"
"H11.4","category","H11","Other conjunctival vascular disorders and cysts"
"H11.8","category","H11","Other specified disorders of conjunctiva"
"H11.9","category","H11","Disorder of conjunctiva, unspecified"
"H13","category","H10-H13","Disorders of conjunctiva in diseases classified elsewhere"
"H13.0","category","H13","Filarial infection of conjunctiva B74.-"
"H13.1","category","H13","Conjunctivitis in infectious and parasitic diseases classified elsewhere"
"H13.2","category","H13","Conjunctivitis in other diseases classified elsewhere"
"H13.3","category","H13","Ocular pemphigoid L12.-"
"H13.8","category","H13","Other disorders of conjunctiva in diseases classified elsewhere"
"H15-H22","block","VII","Disorders of sclera, cornea, iris and ciliary body"
"H15","category","H15-H22","Disorders of sclera"
"H15.0","category","H15","Scleritis"
"H15.1","category","H15","Episcleritis"
"H15.8","category","H15","Other disorders of sclera"
"H15.9","category","H15","Disorder of sclera, unspecified"
"H16","category","H15-H22","Keratitis"
"H16.0","category","H16","Corneal ulcer"
"H16.1","category","H16","Other superficial keratitis without conjunctivitis"
"H16.2","category","H16","Keratoconjunctivitis"
"H16.3","category","H16","Interstitial and deep keratitis"
"H16.4","category","H16","Corneal neovascularization"
"H16.8","category","H16","Other keratitis"
"H16.9","category","H16","Keratitis, unspecified"
"H17","category","H15-H22","Corneal scars and opacities"
"H17.0","category","H17","Adherent leukoma"
"H17.1","category","H17","Other central corneal opacity"
"H17.8","category","H17","Other corneal scars and opacities"
"H17.9","category","H17","Corneal scar and opacity, unspecified"
"H18","category","H15-H22","Other disorders of cornea"
"H18.0","category","H18","Corneal pigmentations and deposits"
"H18.1","category","H18","Bullous keratopathy"
"H18.2","category","H18","Other corneal oedema"
"H18.3","category","H18","Changes in corneal membranes"
"H18.4","category","H18","Corneal degeneration"
"H18.5","category","H18","Hereditary corneal dystrophies"
"H18.6","category","H18","Keratoconus"
"H18.7","category","H18","Other corneal deformities"
"H18.8","category","H18","Other specified disorders of cornea"
"H18.9","category","H18","Disorder of cornea, unspecified"
"H19","category","H15-H22","Disorders of sclera and cornea in diseases classified elsewhere"
"H19.0","category","H19","Scleritis and episcleritis in diseases classified elsewhere"
"H19.1","category","H19","Herpesviral keratitis and keratoconjunctivitis B00.5"
"H19.2","category","H19","Keratitis and keratoconjunctivitis in other infectious and parasitic diseases classified elsewhere"
"H19.3","category","H19","Keratitis and keratoconjunctivitis in other diseases classified elsewhere"
"H19.8","category","H19","Other disorders of sclera and cornea in diseases classified elsewhere"
"H20","category","H15-H22","Iridocyclitis"
"H20.0","category","H20","Acute and subacute iridocyclitis"
"H20.1","category","H20","Chronic iridocyclitis"
"H20.2","category","H20","Lens-induced iridocyclitis"
"H20.8","category","H20","Other iridocyclitis"
"H20.9","category","H20","Iridocyclitis, unspecified"
"H21","category","H15-H22","Other disorders of iris and ciliary body"
"H21.0","category","H21","Hyphaema"
"H21.1","category","H21","Other vascular disorders of iris and ciliary body"
"H21.2","category","H21","Degeneration of iris and ciliary body"
"H21.3","category","H21","Cyst of iris, ciliary body and anterior chamber"
"H21.4","category","H21","Pupillary membranes"
"H21.5","category","H21","Other adhesions and disruptions of iris and ciliary body"
"H21.8","category","H21","Other specified disorders of iris and ciliary body"
"H21.9","category","H21","Disorder of iris and ciliary body, unspecified"
"H22","category","H15-H22","Disorders of iris and ciliary body in diseases classified elsewhere"
"H22.0","category","H22","Iridocyclitis in infectious and parasitic diseases classified elsewhere"
"H22.1","category","H22","Iridocyclitis in other diseases classified elsewhere"
"H22.8","category","H22","Other disorders of iris and ciliary body in diseases classified elsewhere"
"H25-H28","block","VII","Disorders of lens"
"H25","category","H25-H28","Senile cataract"
"H25.0","category","H25","Senile incipient cataract"
"H25.1","category","H25","Senile nuclear cataract"
"H25.2","category","H25","Senile cataract, morgagnian type"
"H25.8","category","H25","Other senile cataract"
"H25.9","category","H25","Senile cataract, unspecified"
"H26","category","H25-H28","Other cataract"
"H26.0","category","H26","Infantile, juvenile and presenile cataract"
"H26.1","category","H26","Traumatic cataract"
"H26.2","category","H26","Complicated cataract"
"H26.3","category","H26","Drug-induced cataract"
"H26.4","category","H26","After-cataract"
"H26.8","category","H26","Other specified cataract"
"H26.9","category","H26","Cataract, unspecified"
"H27","category","H25-H28","Other disorders of lens"
"H27.0","category","H27","Aphakia"
"H27.1","category","H27","Dislocation of lens"
"H27.8","category","H27","Other specified disorders of lens"
"H27.9","category","H27","Disorder of lens, unspecified"
"H28","category","H25-H28","Cataract and other disorders of lens in diseases classified elsewhere"
"H28.0","category","H28","Diabetic cataract E10-E14 with common fourth character .3"
"H28.1","category","H28","Cataract in other endocrine, nutritional and metabolic diseases"
"H28.2","category","H28","Cataract in other diseases classified elsewhere"
"H28.8","category","H28","Other disorders of lens in diseases classified elsewhere"
"H30-H36","block","VII","Disorders of choroid and retina"
"H30","category","H30-H36","Chorioretinal inflammation"
"H30.0","category","H30","Focal chorioretinal inflammation"
"H30.1","category","H30","Disseminated chorioretinal inflammation"
"H30.2","category","H30","Posterior cyclitis"
"H30.8","category","H30","Other chorioretinal inflammations"
"H30.9","category","H30","Chorioretinal inflammation, unspecified"
"H31","category","H30-H36","Other disorders of choroid"
"H31.0","category","H31","Chorioretinal scars"
"H31.1","category","H31","Choroidal degeneration"
"H31.2","category","H31","Hereditary choroidal dystrophy"
"H31.3","category","H31","Choroidal haemorrhage and rupture"
"H31.4","category","H31","Choroidal detachment"
"H31.8","category","H31","Other specified disorders of choroid"
"H31.9","category","H31","Disorder of choroid, unspecified"
"H32","category","H30-H36","Chorioretinal disorders in diseases classified elsewhere"
"H32.0","category","H32","Chorioretinal inflammation in infectious and parasitic diseases classified elsewhere"
"H32.8","category","H32","Other chorioretinal disorders in diseases classified elsewhere"
"H33","category","H30-H36","Retinal detachments and breaks"
"H33.0","category","H33","Retinal detachment with retinal break"
"H33.1","category","H33","Retinoschisis and retinal cysts"
"H33.2","category","H33","Serous retinal detachment"
"H33.3","category","H33","Retinal breaks without detachment"
"H33.4","category","H33","Traction detachment of retina"
"H33.5","category","H33","Other retinal detachments"
"H34","category","H30-H36","Retinal vascular occlusions"
"H34.0","category","H34","Transient retinal artery occlusion"
"H34.1","category","H34","Central retinal artery occlusion"
"H34.2","category","H34","Other retinal artery occlusions"
"H34.8","category","H34","Other retinal vascular occlusions"
"H34.9","category","H34","Retinal vascular occlusion, unspecified"
"H35","category","H30-H36","Other retinal disorders"
"H35.0","category","H35","Background retinopathy and retinal vascular changes"
"H35.1","category","H35","Retinopathy of prematurity"
"H35.2","category","H35","Other proliferative retinopathy"
"H35.3","category","H35","Degeneration of macula and posterior pole"
"H35.4","category","H35","Peripheral retinal degeneration"
"H35.5","category","H35","Hereditary retinal dystrophy"
"H35.6","category","H35","Retinal haemorrhage"
"H35.7","category","H35","Separation of retinal layers"
"H35.8","category","H35","Other specified retinal disorders"
"H35.9","category","H35","Retinal disorder, unspecified"
"H36","category","H30-H36","Retinal disorders in diseases classified elsewhere"
"H36.0","category","H36","Diabetic retinopathy E10-E14 with common fourth character .3"
"H36.8","category","H36","Other retinal disorders in diseases classified elsewhere"
"H40-H42","block","VII","Glaucoma"
"H40","category","H40-H42","Glaucoma"
"H40.0","category","H40","Glaucoma suspect"
"H40.1","category","H40","Primary open-angle glaucoma"
"H40.2","category","H40","Primary angle-closure glaucoma"
"H40.3","category","H40","Glaucoma secondary to eye trauma"
"H40.4","category","H40","Glaucoma secondary to eye inflammation"
"H40.5","category","H40","Glaucoma secondary to other eye disorders"
"H40.6","category","H40","Glaucoma secondary to drugs"
"H40.8","category","H40","Other glaucoma"
"H40.9","category","H40","Glaucoma, unspecified"
"H42","category","H40-H42","Glaucoma in diseases classified elsewhere"
"H42.0","category","H42","Glaucoma in endocrine, nutritional and metabolic diseases"
"H42.8","category","H42","Glaucoma in other diseases classified elsewhere"
"H43-H45","block","VII","Disorders of vitreous body and globe"
"H43","category","H43-H45","Disorders of vitreous body"
"H43.0","category","H43","Vitreous prolapse"
"H43.1","category","H43","Vitreous haemorrhage"
"H43.2","category","H43","Crystalline deposits in vitreous body"
"H43.3","category","H43","Other vitreous opacities"
"H43.8","category","H43","Other disorders of vitreous body"
"H43.9","category","H43","Disorder of vitreous body, unspecified"
"H44","category","H43-H45","Disorders of globe"
"H44.0","category","H44","Purulent endophthalmitis"
"H44.1","category","H44","Other endophthalmitis"
"H44.2","category","H44","Degenerative myopia"
"H44.3","category","H44","Other degenerative disorders of globe"
"H44.4","category","H44","Hypotony of eye"
"H44.5","category","H44","Degenerated conditions of globe"
"H44.6","category","H44","Retained (old) intraocular foreign body, magnetic"
"H44.7","category","H44","Retained (old) intraocular foreign body, nonmagnetic"
"H44.8","category","H44","Other disorders of globe"
"H44.9","category","H44","Disorder of globe, unspecified"
"H45","category","H43-H45","Disorders of vitreous body and globe in diseases classified elsewhere"
"H45.0","category","H45","Vitreous haemorrhage in diseases classified elsewhere"
"H45.1","category","H45","Endophthalmitis in diseases classified elsewhere"
"H45.8","category","H45","Other disorders of vitreous body and globe in diseases classified elsewhere"
"H46-H48","block","VII","Disorders of optic nerve and visual pathways"
"H46","category","H46-H48","Optic neuritis"
"H47","category","H46-H48","Other disorders of optic [2nd] nerve and visual pathways"
"H47.0","category","H47","Disorders of optic nerve, not elsewhere classified"
"H47.1","category","H47","Papilloedema, unspecified"
"H47.2","category","H47","Optic atrophy"
"H47.3","category","H47","Other disorders of optic disc"
"H47.4","category","H47","Disorders of optic chiasm"
"H47.5","category","H47","Disorders of other visual pathways"
"H47.6","category","H47","Disorders of visual cortex"
"H47.7","category","H47","Disorder of visual pathways, unspecified"
"H48","category","H46-H48","Disorders of optic [2nd] nerve and visual pathways in diseases classified elsewhere"
"H48.0","category","H48","Optic atrophy in diseases classified elsewhere"
"H48.1","category","H48","Retrobulbar neuritis in diseases classified elsewhere"
"H48.8","category","H48","Other disorders of optic nerve and visual pathways in diseases classified elsewhere"
"H49-H52","block","VII","Disorders of ocular muscles, binocular movement, accommodation and refraction"
"H49","category","H49-H52","Paralytic strabismus"
"H49.0","category","H49","Third [oculomotor] nerve palsy"
"H49.1","category","H49","Fourth [trochlear] nerve palsy"
"H49.2","category","H49","Sixth [abducent] nerve palsy"
"H49.3","category","H49","Total (external) ophthalmoplegia"
"H49.4","category","H49","Progressive external ophthalmoplegia"
"H49.8","category","H49","Other paralytic strabismus"
"H49.9","category","H49","Paralytic strabismus, unspecified"
"H50","category","H49-H52","Other strabismus"
"H50.0","category","H50","Convergent concomitant strabismus"
"H50.1","category","H50","Divergent concomitant strabismus"
"H50.2","category","H50","Vertical strabismus"
"H50.3","category","H50","Intermittent heterotropia"
"H50.4","category","H50","Other and unspecified heterotropia"
"H50.5","category","H50","Heterophoria"
"H50.6","category","H50","Mechanical strabismus"
"H50.8","category","H50","Other specified strabismus"
"H50.9","category","H50","Strabismus, unspecified"
"H51","category","H49-H52","Other disorders of binocular movement"
"H51.0","category","H51","Palsy of conjugate gaze"
"H51.1","category","H51","Convergence insufficiency and excess"
"H51.2","category","H51","Internuclear ophthalmoplegia"
"H51.8","category","H51","Other specified disorders of binocular movement"
"H51.9","category","H51","Disorder of binocular movement, unspecified"
"H52","category","H49-H52","Disorders of refraction and accommodation"
"H52.0","category","H52","Hypermetropia"
"H52.1","category","H52","Myopia"
"H52.2","category","H52","Astigmatism"
"H52.3","category","H52","Anisometropia and aniseikonia"
"H52.4","category","H52","Presbyopia"
"H52.5","category","H52","Disorders of accommodation"
"H52.6","category","H52","Other disorders of refraction"
"H52.7","category","H52","Disorder of refraction, unspecified"
"H53-H54","block","VII","Visual disturbances and blindness"
"H53","category","H53-H54","Visual disturbances"
"H53.0","category","H53","Amblyopia ex anopsia"
"H53.1","category","H53","Subjective visual disturbances"
"H53.2","category","H53","Diplopia"
"H53.3","category","H53","Other disorders of binocular vision"
"H53.4","category","H53","Visual field defects"
"H53.5","category","H53","Colour vision deficiencies"
"H53.6","category","H53","Night blindness"
"H53.8","category","H53","Other visual disturbances"
"H53.9","category","H53","Visual disturbance, unspecified"
"H54","category","H53-H54","Visual impairment including blindness (binocular or monocular)"
"H54.0","category","H54","Blindness, binocular"
"H54.1","category","H54","Severe visual impairment, binocular"
"H54.2","category","H54","Moderate visual impairment, binocular"
"H54.3","category","H54","Mild or no visual impairment, binocular"
"H54.4","category","H54","Blindness, monocular"
"H54.5","category","H54","Severe visual impairment, monocular"
"H54.6","category","H54","Moderate visual impairment, monocular"
"H54.9","category","H54","Unspecified visual impairment (binocular)"
"H55-H59","block","VII","Other disorders of eye and adnexa"
"H55","category","H55-H59","Nystagmus and other irregular eye movements"
"H57","category","H55-H59","Other disorders of eye and adnexa"
"H57.0","category","H57","Anomalies of pupillary function"
"H57.1","category","H57","Ocular pain"
"H57.8","category","H57","Other specified disorders of eye and adnexa"
"H57.9","category","H57","Disorder of eye and adnexa, unspecified"
"H58","category","H55-H59","Other disorders of eye and adnexa in diseases classified elsewhere"
"H58.0","category","H58","Anomalies of pupillary function in diseases classified elsewhere"
"H58.1","category","H58","Visual disturbances in diseases classified elsewhere"
"H58.8","category","H58","Other specified disorders of eye and adnexa in diseases classified elsewhere"
"H59","category","H55-H59","Postprocedural disorders of eye and adnexa, not elsewhere classified"
"H59.0","category","H59","Keratopathy (bullous aphakic) following cataract surgery"
"H59.8","category","H59","Other postprocedural disorders of eye and adnexa"
"H59.9","category","H59","Postprocedural disorder of eye and adnexa, unspecified"
"VIII","chapter","","Diseases of the ear and mastoid process"
"H60-H62","block","VIII","Diseases of external ear"
"H60","category","H60-H62","Otitis externa"
"H60.0","category","H60","Abscess of external ear"
"H60.1","category","H60","Cellulitis of external ear"
"H60.2","category","H60","Malignant otitis externa"
"H60.3","category","H60","Other infective otitis externa"
"H60.4","category","H60","Cholesteatoma of external ear"
"H60.5","category","H60","Acute otitis externa, noninfective"
"H60.8","category","H60","Other otitis externa"
"H60.9","category","H60","Otitis externa, unspecified"
"H61","category","H60-H62","Other disorders of external ear"
"H61.0","category","H61","Perichondritis of external ear"
"H61.1","category","H61","Noninfective disorders of pinna"
"H61.2","category","H61","Impacted cerumen"
"H61.3","category","H61","Acquired stenosis of external ear canal"
"H61.8","category","H61","Other specified disorders of external ear"
"H61.9","category","H61","Disorder of external ear, unspecified"
"H62","category","H60-H62","Disorders of external ear in diseases classified elsewhere"
"H62.0","category","H62","Otitis externa in bacterial diseases classified elsewhere"
"H62.1","category","H62","Otitis externa in viral diseases classified elsewhere"
"H62.2","category","H62","Otitis externa in mycoses"
"H62.3","category","H62","Otitis externa in other infectious and parasitic diseases classified elsewhere"
"H62.4","category","H62","Otitis externa in other diseases classified elsewhere"
"H62.8","category","H62","Other disorders of external ear in diseases classified elsewhere"
"H65-H75","block","VIII","Diseases of middle ear and mastoid"
"H65","category","H65-H75","Nonsuppurative otitis media"
"H65.0","category","H65","Acute serous otitis media"
"H65.1","category","H65","Other acute nonsuppurative otitis media"
"H65.2","category","H65","Chronic serous otitis media"
"H65.3","category","H65","Chronic mucoid otitis media"
"H65.4","category","H65","Other chronic nonsuppurative otitis media"
"H65.9","category","H65","Nonsuppurative otitis media, unspecified"
"H66","category","H65-H75","Suppurative and unspecified otitis media"
"H66.0","category","H66","Acute suppurative otitis media"
"H66.1","category","H66","Chronic tubotympanic suppurative otitis media"
"H66.2","category","H66","Chronic atticoantral suppurative otitis media"
"H66.3","category","H66","Other chronic suppurative otitis media"
"H66.4","category","H66","Suppurative otitis media, unspecified"
"H66.9","category","H66","Otitis media, unspecified"
"H67","category","H65-H75","Otitis media in diseases classified elsewhere"
"H67.0","category","H67","Otitis media in bacterial diseases classified elsewhere"
"H67.1","category","H67","Otitis media in viral diseases classified elsewhere"
"H67.8","category","H67","Otitis media in other diseases classified elsewhere"
"H68","category","H65-H75","Eustachian salpingitis and obstruction"
"H68.0","category","H68","Eustachian salpingitis"
"H68.1","category","H68","Obstruction of Eustachian tube"
"H69","category","H65-H75","Other disorders of Eustachian tube"
"H69.0","category","H69","Patulous Eustachian tube"
"H69.8","category","H69","Other specified disorders of Eustachian tube"
"H69.9","category","H69","Eustachian tube disorder, unspecified"
"H70","category","H65-H75","Mastoiditis and related conditions"
"H70.0","category","H70","Acute mastoiditis"
"H70.1","category","H70","Chronic mastoiditis"
"H70.2","category","H70","Petrositis"
"H70.8","category","H70","Other mastoiditis and related conditions"
"H70.9","category","H70","Mastoiditis, unspecified"
"H71","category","H65-H75","Cholesteatoma of middle ear"
"H72","category","H65-H75","Perforation of tympanic membrane"
"H72.0","category","H72","Central perforation of tympanic membrane"
"H72.1","category","H72","Attic perforation of tympanic membrane"
"H72.2","category","H72","Other marginal perforations of tympanic membrane"
"H72.8","category","H72","Other perforations of tympanic membrane"
"H72.9","category","H72","Perforation of tympanic membrane, unspecified"
"H73","category","H65-H75","Other disorders of tympanic membrane"
"H73.0","category","H73","Acute myringitis"
"H73.1","category","H73","Chronic myringitis"
"H73.8","category","H73","Other specified disorders of tympanic membrane"
"H73.9","category","H73","Disorder of tympanic membrane, unspecified"
"H74","category","H65-H75","Other disorders of middle ear and mastoid"
"H74.0","category","H74","Tympanosclerosis"
"H74.1","category","H74","Adhesive middle ear disease"
"H74.2","category","H74","Discontinuity and dislocation of ear ossicles"
"H74.3","category","H74","Other acquired abnormalities of ear ossicles"
"H74.4","category","H74","Polyp of middle ear"
"H74.8","category","H74","Other specified disorders of middle ear and mastoid"
"H74.9","category","H74","Disorder of middle ear and mastoid, unspecified"
"H75","category","H65-H75","Other disorders of middle ear and mastoid in diseases classified elsewhere"
"H75.0","category","H75","Mastoiditis in infectious and parasitic diseases classified elsewhere"
"H75.8","category","H75","Other specified disorders of middle ear and mastoid in diseases classified elsewhere"
"H80-H83","block","VIII","Diseases of inner ear"
"H80","category","H80-H83","Otosclerosis"
"H80.0","category","H80","Otosclerosis involving oval window, nonobliterative"
"H80.1","category","H80","Otosclerosis involving oval window, obliterative"
"H80.2","category","H80","Cochlear otosclerosis"
"H80.8","category","H80","Other otosclerosis"
"H80.9","category","H80","Otosclerosis, unspecified"
"H81","category","H80-H83","Disorders of vestibular function"
"H81.0","category","H81","Ménière disease"
"H81.1","category","H81","Benign paroxysmal vertigo"
"H81.2","category","H81","Vestibular neuronitis"
"H81.3","category","H81","Other peripheral vertigo"
"H81.4","category","H81","Vertigo of central origin"
"H81.8","category","H81","Other disorders of vestibular function"
"H81.9","category","H81","Disorder of vestibular function, unspecified"
"H82","category","H80-H83","Vertiginous syndromes in diseases classified elsewhere"
"H83","category","H80-H83","Other diseases of inner ear"
"H83.0","category","H83","Labyrinthitis"
"H83.1","category","H83","Labyrinthine fistula"
"H83.2","category","H83","Labyrinthine dysfunction"
"H83.3","category","H83","Noise effects on inner ear"
"H83.8","category","H83","Other specified diseases of inner ear"
"H83.9","category","H83","Disease of inner ear, unspecified"
"H90-H95","block","VIII","Other disorders of ear"
"H90","category","H90-H95","Conductive and sensorineural hearing loss"
"H90.0","category","H90","Conductive hearing loss, bilateral"
"H90.1","category","H90","Conductive hearing loss, unilateral with unrestricted hearing on the contralateral side"
"H90.2","category","H90","Conductive hearing loss, unspecified"
"H90.3","category","H90","Sensorineural hearing loss, bilateral"
"H90.4","category","H90","Sensorineural hearing loss, unilateral with unrestricted hearing on the contralateral side"
"H90.5","category","H90","Sensorineural hearing loss, unspecified"
"H90.6","category","H90","Mixed conductive and sensorineural hearing loss, bilateral"
"H90.7","category","H90","Mixed conductive and sensorineural hearing loss, unilateral with unrestricted hearing on the contralateral side"
"H90.8","category","H90","Mixed conductive and sensorineural hearing loss, unspecified"
"H91","category","H90-H95","Other hearing loss"
"H91.0","category","H91","Ototoxic hearing loss"
"H91.1","category","H91","Presbycusis"
"H91.2","category","H91","Sudden idiopathic hearing loss"
"H91.3","category","H91","Deaf mutism, not elsewhere classified"
"H91.8","category","H91","Other specified hearing loss"
"H91.9","category","H91","Hearing loss, unspecified"
"H92","category","H90-H95","Otalgia and effusion of ear"
"H92.0","category","H92","Otalgia"
"H92.1","category","H92","Otorrhoea"
"H92.2","category","H92","Otorrhagia"
"H93","category","H90-H95","Other disorders of ear, not elsewhere classified"
"H93.0","category","H93","Degenerative and vascular disorders of ear"
"H93.1","category","H93","Tinnitus"
"H93.2","category","H93","Other abnormal auditory perceptions"
"H93.3","category","H93","Disorders of acoustic nerve"
"H93.8","category","H93","Other specified disorders of ear"
"H93.9","category","H93","Disorder of ear, unspecified"
"H94","category","H90-H95","Other disorders of ear in diseases classified elsewhere"
"H94.0","category","H94","Acoustic neuritis in infectious and parasitic diseases classified elsewhere"
"H94.8","category","H94","Other specified disorders of ear in diseases classified elsewhere"
"H95","category","H90-H95","Postprocedural disorders of ear and mastoid process, not elsewhere classified"
"H95.0","category","H95","Recurrent cholesteatoma of postmastoidectomy cavity"
"H95.1","category","H95","Other disorders following mastoidectomy"
"H95.8","category","H95","Other postprocedural disorders of ear and mastoid process"
"H95.9","category","H95","Postprocedural disorder of ear and mastoid process, unspecified"
"IX","chapter","","Diseases of the circulatory system"
"I00-I02","block","IX","Acute rheumatic fever"
"I00","category","I00-I02","Rheumatic fever without mention of heart involvement"
"I01","category","I00-I02","Rheumatic fever with heart involvement"
"I01.0","category","I01","Acute rheumatic pericarditis"
"I01.1","category","I01","Acute rheumatic endocarditis"
"I01.2","category","I01","Acute rheumatic myocarditis"
"I01.8","category","I01","Other acute rheumatic heart disease"
"I01.9","category","I01","Acute rheumatic heart disease, unspecified"
"I02","category","I00-I02","Rheumatic chorea"
"I02.0","category","I02","Rheumatic chorea with heart involvement"
"I02.9","category","I02","Rheumatic chorea without heart involvement"
"I05-I09","block","IX","Chronic rheumatic heart diseases"
"I05","category","I05-I09","Rheumatic mitral valve diseases"
"I05.0","category","I05","Mitral stenosis"
"I05.1","category","I05","Rheumatic mitral insufficiency"
"I05.2","category","I05","Mitral stenosis with insufficiency"
"I05.8","category","I05","Other mitral valve diseases"
"I05.9","category","I05","Mitral valve disease, unspecified"
"I06","category","I05-I09","Rheumatic aortic valve diseases"
"I06.0","category","I06","Rheumatic aortic stenosis"
"I06.1","category","I06","Rheumatic aortic insufficiency"
"I06.2","category","I06","Rheumatic aortic stenosis with insufficiency"
"I06.8","category","I06","Other rheumatic aortic valve diseases"
"I06.9","category","I06","Rheumatic aortic valve disease, unspecified"
"I07","category","I05-I09","Rheumatic tricuspid valve diseases"
"I07.0","category","I07","Tricuspid stenosis"
"I07.1","category","I07","Tricuspid insufficiency"
"I07.2","category","I07","Tricuspid stenosis with insufficiency"
"I07.8","category","I07","Other tricuspid valve diseases"
"I07.9","category","I07","Tricuspid valve disease, unspecified"
"I08","category","I05-I09","Multiple valve diseases"
"I08.0","category","I08","Disorders of both mitral and aortic valves"
"I08.1","category","I08","Disorders of both mitral and tricuspid valves"
"I08.2","category","I08","Disorders of both aortic and tricuspid valves"
"I08.3","category","I08","Combined disorders of mitral, aortic and tricuspid valves"
"I08.8","category","I08","Other multiple valve diseases"
"I08.9","category","I08","Multiple valve disease, unspecified"
"I09","category","I05-I09","Other rheumatic heart diseases"
"I09.0","category","I09","Rheumatic myocarditis"
"I09.1","category","I09","Rheumatic diseases of endocardium, valve unspecified"
"I09.2","category","I09","Chronic rheumatic pericarditis"
"I09.8","category","I09","Other specified rheumatic heart diseases"
"I09.9","category","I09","Rheumatic heart disease, unspecified"
"I10-I15","block","IX","Hypertensive diseases"
"I10","category","I10-I15","Essential (primary) hypertension"
"I11","category","I10-I15","Hypertensive heart disease"
"I11.0","category","I11","Hypertensive heart disease with (congestive) heart failure"
"I11.9","category","I11","Hypertensive heart disease without (congestive) heart failure"
"I12","category","I10-I15","Hypertensive renal disease"
"I12.0","category","I12","Hypertensive renal disease with renal failure"
"I12.9","category","I12","Hypertensive renal disease without renal failure"
"I13","category","I10-I15","Hypertensive heart and renal disease"
"I13.0","category","I13","Hypertensive heart and renal disease with (congestive) heart failure"
"I13.1","category","I13","Hypertensive heart and renal disease with renal failure"
"I13.2","category","I13","Hypertensive heart and renal disease with both (congestive) heart failure and renal failure"
"I13.9","category","I13","Hypertensive heart and renal disease, unspecified"
"I15","category","I10-I15","Secondary hypertension"
"I15.0","category","I15","Renovascular hypertension"
"I15.1","category","I15","Hypertension secondary to other renal disorders"
"I15.2","category","I15","Hypertension secondary to endocrine disorders"
"I15.8","category","I15","Other secondary hypertension"
"I15.9","category","I15","Secondary hypertension, unspecified"
"I20-I25","block","IX","Ischaemic heart diseases"
"I20","category","I20-I25","Angina pectoris"
"I20.0","category","I20","Unstable angina"
"I20.1","category","I20","Angina pectoris with documented spasm"
"I20.8","category","I20","Other forms of angina pectoris"
"I20.9","category","I20","Angina pectoris, unspecified"
"I21","category","I20-I25","Acute myocardial infarction"
"I21.0","category","I21","Acute transmural myocardial infarction of anterior wall"
"I21.1","category","I21","Acute transmural myocardial infarction of inferior wall"
"I21.2","category","I21","Acute transmural myocardial infarction of other sites"
"I21.3","category","I21","Acute transmural myocardial infarction of unspecified site"
"I21.4","category","I21","Acute subendocardial myocardial infarction"
"I21.9","category","I21","Acute myocardial infarction, unspecified"
"I22","category","I20-I25","Subsequent myocardial infarction"
"I22.0","category","I22","Subsequent myocardial infarction of anterior wall"
"I22.1","category","I22","Subsequent myocardial infarction of inferior wall"
"I22.8","category","I22","Subsequent myocardial infarction of other sites"
"I22.9","category","I22","Subsequent myocardial infarction of unspecified site"
"I23","category","I20-I25","Certain current complications following acute myocardial infarction"
"I23.0","category","I23","Haemopericardium as current complication following acute myocardial infarction"
"I23.1","category","I23","Atrial septal defect as current complication following acute myocardial infarction"
"I23.2","category","I23","Ventricular septal defect as current complication following acute myocardial infarction"
"I23.3","category","I23","Rupture of cardiac wall without haemopericardium as current complication following acute myocardial infarction"
"I23.4","category","I23","Rupture of chordae tendineae as current complication following acute myocardial infarction"
"I23.5","category","I23","Rupture of papillary muscle as current complication following acute myocardial infarction"
"I23.6","category","I23","Thrombosis of atrium, auricular appendage, and ventricle as current complications following acute myocardial infarction"
"I23.8","category","I23","Other current complications following acute myocardial infarction"
"I24","category","I20-I25","Other acute ischaemic heart diseases"
"I24.0","category","I24","Coronary thrombosis not resulting in myocardial infarction"
"I24.1","category","I24","Dressler syndrome"
"I24.8","category","I24","Other forms of acute ischaemic heart disease"
"I24.9","category","I24","Acute ischaemic heart disease, unspecified"
"I25","category","I20-I25","Chronic ischaemic heart disease"
"I25.0","category","I25","Atherosclerotic cardiovascular disease, so described"
"I25.1","category","I25","Atherosclerotic heart disease"
"I25.2","category","I25","Old myocardial infarction"
"I25.3","category","I25","Aneurysm of heart"
"I25.4","category","I25","Coronary artery aneurysm and dissection"
"I25.5","category","I25","Ischaemic cardiomyopathy"
"I25.6","category","I25","Silent myocardial ischaemia"
"I25.8","category","I25","Other forms of chronic ischaemic heart disease"
"I25.9","category","I25","Chronic ischaemic heart disease, unspecified"
"I26-I28","block","IX","Pulmonary heart disease and diseases of pulmonary circulation"
"I26","category","I26-I28","Pulmonary embolism"
"I26.0","category","I26","Pulmonary embolism with mention of acute cor pulmonale"
"I26.9","category","I26","Pulmonary embolism without mention of acute cor pulmonale"
"I27","category","I26-I28","Other pulmonary heart diseases"
"I27.0","category","I27","Primary pulmonary hypertension"
"I27.1","category","I27","Kyphoscoliotic heart disease"
"I27.2","category","I27","Other secondary pulmonary hypertension"
"I27.8","category","I27","Other specified pulmonary heart diseases"
"I27.9","category","I27","Pulmonary heart disease, unspecified"
"I28","category","I26-I28","Other diseases of pulmonary vessels"
"I28.0","category","I28","Arteriovenous fistula of pulmonary vessels"
"I28.1","category","I28","Aneurysm of pulmonary artery"
"I28.8","category","I28","Other specified diseases of pulmonary vessels"
"I28.9","category","I28","Disease of pulmonary vessels, unspecified"
"I30-I52","block","IX","Other forms of heart disease"
"I30","category","I30-I52","Acute pericarditis"
"I30.0","category","I30","Acute nonspecific idiopathic pericarditis"
"I30.1","category","I30","Infective pericarditis"
"I30.8","category","I30","Other forms of acute pericarditis"
"I30.9","category","I30","Acute pericarditis, unspecified"
"I31","category","I30-I52","Other diseases of pericardium"
"I31.0","category","I31","Chronic adhesive pericarditis"
"I31.1","category","I31","Chronic constrictive pericarditis"
"I31.2","category","I31","Haemopericardium, not elsewhere classified"
"I31.3","category","I31","Pericardial effusion (noninflammatory)"
"I31.8","category","I31","Other specified diseases of pericardium"
"I31.9","category","I31","Disease of pericardium, unspecified"
"I32","category","I30-I52","Pericarditis in diseases classified elsewhere"
"I32.0","category","I32","Pericarditis in bacterial diseases classified elsewhere"
"I32.1","category","I32","Pericarditis in other infectious and parasitic diseases classified elsewhere"
"I32.8","category","I32","Pericarditis in other diseases classified elsewhere"
"I33","category","I30-I52","Acute and subacute endocarditis"
"I33.0","category","I33","Acute and subacute infective endocarditis"
"I33.9","category","I33","Acute endocarditis, unspecified"
"I34","category","I30-I52","Nonrheumatic mitral valve disorders"
"I34.0","category","I34","Mitral (valve) insufficiency"
"I34.1","category","I34","Mitral (valve) prolapse"
"I34.2","category","I34","Nonrheumatic mitral (valve) stenosis"
"I34.8","category","I34","Other nonrheumatic mitral valve disorders"
"I34.9","category","I34","Nonrheumatic mitral valve disorder, unspecified"
"I35","category","I30-I52","Nonrheumatic aortic valve disorders"
"I35.0","category","I35","Aortic (valve) stenosis"
"I35.1","category","I35","Aortic (valve) insufficiency"
"I35.2","category","I35","Aortic (valve) stenosis with insufficiency"
"I35.8","category","I35","Other aortic valve disorders"
"I35.9","category","I35","Aortic valve disorder, unspecified"
"I36","category","I30-I52","Nonrheumatic tricuspid valve disorders"
"I36.0","category","I36","Nonrheumatic tricuspid (valve) stenosis"
"I36.1","category","I36","Nonrheumatic tricuspid (valve) insufficiency"
"I36.2","category","I36","Nonrheumatic tricuspid (valve) stenosis with insufficiency"
"I36.8","category","I36","Other nonrheumatic tricuspid valve disorders"
"I36.9","category","I36","Nonrheumatic tricuspid valve disorder, unspecified"
"I37","category","I30-I52","Pulmonary valve disorders"
"I37.0","category","I37","Pulmonary valve stenosis"
"I37.1","category","I37","Pulmonary valve insufficiency"
"I37.2","category","I37","Pulmonary valve stenosis with insufficiency"
"I37.8","category","I37","Other pulmonary valve disorders"
"I37.9","category","I37","Pulmonary valve disorder, unspecified"
"I38","category","I30-I52","Endocarditis, valve unspecified"
"I39","category","I30-I52","Endocarditis and heart valve disorders in diseases classified elsewhere"
"I39.0","category","I39","Mitral valve disorders in diseases classified elsewhere"
"I39.1","category","I39","Aortic valve disorders in diseases classified elsewhere"
"I39.2","category","I39","Tricuspid valve disorders in diseases classified elsewhere"
"I39.3","category","I39","Pulmonary valve disorders in diseases classified elsewhere"
"I39.4","category","I39","Multiple valve disorders in diseases classified elsewhere"
"I39.8","category","I39","Endocarditis, valve unspecified, in diseases classified elsewhere"
"I40","category","I30-I52","Acute myocarditis"
"I40.0","category","I40","Infective myocarditis"
"I40.1","category","I40","Isolated myocarditis"
"I40.8","category","I40","Other acute myocarditis"
"I40.9","category","I40","Acute myocarditis, unspecified"
"I41","category","I30-I52","Myocarditis in diseases classified elsewhere"
"I41.0","category","I41","Myocarditis in bacterial diseases classified elsewhere"
"I41.1","category","I41","Myocarditis in viral diseases classified elsewhere"
"I41.2","category","I41","Myocarditis in other infectious and parasitic diseases classified elsewhere"
"I41.8","category","I41","Myocarditis in other diseases classified elsewhere"
"I42","category","I30-I52","Cardiomyopathy"
"I42.0","category","I42","Dilated cardiomyopathy"
"I42.1","category","I42","Obstructive hypertrophic cardiomyopathy"
"I42.2","category","I42","Other hypertrophic cardiomyopathy"
"I42.3","category","I42","Endomyocardial (eosinophilic) disease"
"I42.4","category","I42","Endocardial fibroelastosis"
"I42.5","category","I42","Other restrictive cardiomyopathy"
"I42.6","category","I42","Alcoholic cardiomyopathy"
"I42.7","category","I42","Cardiomyopathy due to drugs and other external agents"
"I42.8","category","I42","Other cardiomyopathies"
"I42.9","category","I42","Cardiomyopathy, unspecified"
"I43","category","I30-I52","Cardiomyopathy in diseases classified elsewhere"
"I43.0","category","I43","Cardiomyopathy in infectious and parasitic diseases classified elsewhere"
"I43.1","category","I43","Cardiomyopathy in metabolic diseases"
"I43.2","category","I43","Cardiomyopathy in nutritional diseases"
"I43.8","category","I43","Cardiomyopathy in other diseases classified elsewhere"
"I44","category","I30-I52","Atrioventricular and left bundle-branch block"
"I44.0","category","I44","Atrioventricular block, first degree"
"I44.1","category","I44","Atrioventricular block, second degree"
"I44.2","category","I44","Atrioventricular block, complete"
"I44.3","category","I44","Other and unspecified atrioventricular block"
"I44.4","category","I44","Left anterior fascicular block"
"I44.5","category","I44","Left posterior fascicular block"
"I44.6","category","I44","Other and unspecified fascicular block"
"I44.7","category","I44","Left bundle-branch block, unspecified"
"I45","category","I30-I52","Other conduction disorders"
"I45.0","category","I45","Right fascicular block"
"I45.1","category","I45","Other and unspecified right bundle-branch block"
"I45.2","category","I45","Bifascicular block"
"I45.3","category","I45","Trifascicular block"
"I45.4","category","I45","Nonspecific intraventricular block"
"I45.5","category","I45","Other specified heart block"
"I45.6","category","I45","Pre-excitation syndrome"
"I45.8","category","I45","Other specified conduction disorders"
"I45.9","category","I45","Conduction disorder, unspecified"
"I46","category","I30-I52","Cardiac arrest"
"I46.0","category","I46","Cardiac arrest with successful resuscitation"
"I46.1","category","I46","Sudden cardiac death, so described"
"I46.9","category","I46","Cardiac arrest, unspecified"
"I47","category","I30-I52","Paroxysmal tachycardia"
"I47.0","category","I47","Re-entry ventricular arrhythmia"
"I47.1","category","I47","Supraventricular tachycardia"
"I47.2","category","I47","Ventricular tachycardia"
"I47.9","category","I47","Paroxysmal tachycardia, unspecified"
"I48","category","I30-I52","Atrial fibrillation and flutter"
"I48.0","category","I48","Paroxysmal atrial fibrillation"
"I48.1","category","I48","Persistent atrial fibrillation"
"I48.2","category","I48","Chronic atrial fibrillation"
"I48.3","category","I48","Typical atrial flutter"
"I48.4","category","I48","Atypical atrial flutter"
"I48.9","category","I48","Atrial fibrillation and atrial flutter, unspecified"
"I49","category","I30-I52","Other cardiac arrhythmias"
"I49.0","category","I49","Ventricular fibrillation and flutter"
"I49.1","category","I49","Atrial premature depolarization"
"I49.2","category","I49","Junctional premature depolarization"
"I49.3","category","I49","Ventricular premature depolarization"
"I49.4","category","I49","Other and unspecified premature depolarization"
"I49.5","category","I49","Sick sinus syndrome"
"I49.8","category","I49","Other specified cardiac arrhythmias"
"I49.9","category","I49","Cardiac arrhythmia, unspecified"
"I50","category","I30-I52","Heart failure"
"I50.0","category","I50","Congestive heart failure"
"I50.1","category","I50","Left ventricular failure"
"I50.9","category","I50","Heart failure, unspecified"
"I51","category","I30-I52","Complications and ill-defined descriptions of heart disease"
"I51.0","category","I51","Cardiac septal defect, acquired"
"I51.1","category","I51","Rupture of chordae tendineae, not elsewhere classified"
"I51.2","category","I51","Rupture of papillary muscle, not elsewhere classified"
"I51.3","category","I51","Intracardiac thrombosis, not elsewhere classified"
"I51.4","category","I51","Myocarditis, unspecified"
"I51.5","category","I51","Myocardial degeneration"
"I51.6","category","I51","Cardiovascular disease, unspecified"
"I51.7","category","I51","Cardiomegaly"
"I51.8","category","I51","Other ill-defined heart diseases"
"I51.9","category","I51","Heart disease, unspecified"
"I52","category","I30-I52","Other heart disorders in diseases classified elsewhere"
"I52.0","category","I52","Other heart disorders in bacterial diseases classified elsewhere"
"I52.1","category","I52","Other heart disorders in other infectious and parasitic diseases classified elsewhere"
"I52.8","category","I52","Other heart disorders in other diseases classified elsewhere"
"I60-I69","block","IX","Cerebrovascular diseases"
"I60","category","I60-I69","Subarachnoid haemorrhage"
"I60.0","category","I60","Subarachnoid haemorrhage from carotid siphon and bifurcation"
"I60.1","category","I60","Subarachnoid haemorrhage from middle cerebral artery"
"I60.2","category","I60","Subarachnoid haemorrhage from anterior communicating artery"
"I60.3","category","I60","Subarachnoid haemorrhage from posterior communicating artery"
"I60.4","category","I60","Subarachnoid haemorrhage from basilar artery"
"I60.5","category","I60","Subarachnoid haemorrhage from vertebral artery"
"I60.6","category","I60","Subarachnoid haemorrhage from other intracranial arteries"
"I60.7","category","I60","Subarachnoid haemorrhage from intracranial artery, unspecified"
"I60.8","category","I60","Other subarachnoid haemorrhage"
"I60.9","category","I60","Subarachnoid haemorrhage, unspecified"
"I61","category","I60-I69","Intracerebral haemorrhage"
"I61.0","category","I61","Intracerebral haemorrhage in hemisphere, subcortical"
"I61.1","category","I61","Intracerebral haemorrhage in hemisphere, cortical"
"I61.2","category","I61","Intracerebral haemorrhage in hemisphere, unspecified"
"I61.3","category","I61","Intracerebral haemorrhage in brain stem"
"I61.4","category","I61","Intracerebral haemorrhage in cerebellum"
"I61.5","category","I61","Intracerebral haemorrhage, intraventricular"
"I61.6","category","I61","Intracerebral haemorrhage, multiple localized"
"I61.8","category","I61","Other intracerebral haemorrhage"
"I61.9","category","I61","Intracerebral haemorrhage, unspecified"
"I62","category","I60-I69","Other nontraumatic intracranial haemorrhage"
"I62.0","category","I62","Nontraumatic subdural haemorrhage"
"I62.1","category","I62","Nontraumatic extradural haemorrhage"
"I62.9","category","I62","Intracranial haemorrhage (nontraumatic), unspecified"
"I63","category","I60-I69","Cerebral infarction"
"I63.0","category","I63","Cerebral infarction due to thrombosis of precerebral arteries"
"I63.1","category","I63","Cerebral infarction due to embolism of precerebral arteries"
"I63.2","category","I63","Cerebral infarction due to unspecified occlusion or stenosis of precerebral arteries"
"I63.3","category","I63","Cerebral infarction due to thrombosis of cerebral arteries"
"I63.4","category","I63","Cerebral infarction due to embolism of cerebral arteries"
"I63.5","category","I63","Cerebral infarction due to unspecified occlusion or stenosis of cerebral arteries"
"I63.6","category","I63","Cerebral infarction due to cerebral venous thrombosis, nonpyogenic"
"I63.8","category","I63","Other cerebral infarction"
"I63.9","category","I63","Cerebral infarction, unspecified"
"I64","category","I60-I69","Stroke, not specified as haemorrhage or infarction"
"I65","category","I60-I69","Occlusion and stenosis of precerebral arteries, not resulting in cerebral infarction"
"I65.0","category","I65","Occlusion and stenosis of vertebral artery"
"I65.1","category","I65","Occlusion and stenosis of basilar artery"
"I65.2","category","I65","Occlusion and stenosis of carotid artery"
"I65.3","category","I65","Occlusion and stenosis of multiple and bilateral precerebral arteries"
"I65.8","category","I65","Occlusion and stenosis of other precerebral artery"
"I65.9","category","I65","Occlusion and stenosis of unspecified precerebral artery"
"I66","category","I60-I69","Occlusion and stenosis of cerebral arteries, not resulting in cerebral infarction"
"I66.0","category","I66","Occlusion and stenosis of middle cerebral artery"
"I66.1","category","I66","Occlusion and stenosis of anterior cerebral artery"
"I66.2","category","I66","Occlusion and stenosis of posterior cerebral artery"
"I66.3","category","I66","Occlusion and stenosis of cerebellar arteries"
"I66.4","category","I66","Occlusion and stenosis of multiple and bilateral cerebral arteries"
"I66.8","category","I66","Occlusion and stenosis of other cerebral artery"
"I66.9","category","I66","Occlusion and stenosis of unspecified cerebral artery"
"I67","category","I60-I69","Other cerebrovascular diseases"
"I67.0","category","I67","Dissection of cerebral arteries, nonruptured"
"I67.1","category","I67","Cerebral aneurysm, nonruptured"
"I67.2","category","I67","Cerebral atherosclerosis"
"I67.3","category","I67","Progressive vascular leukoencephalopathy"
"I67.4","category","I67","Hypertensive encephalopathy"
"I67.5","category","I67","Moyamoya disease"
"I67.6","category","I67","Nonpyogenic thrombosis of intracranial venous system"
"I67.7","category","I67","Cerebral arteritis, not elsewhere classified"
"I67.8","category","I67","Other specified cerebrovascular diseases"
"I67.9","category","I67","Cerebrovascular disease, unspecified"
"I68","category","I60-I69","Cerebrovascular disorders in diseases classified elsewhere"
"I68.0","category","I68","Cerebral amyloid angiopathy E85.-"
"I68.1","category","I68","Cerebral arteritis in infectious and parasitic diseases classified elsewhere"
"I68.2","category","I68","Cerebral arteritis in other diseases classified elsewhere"
"I68.8","category","I68","Other cerebrovascular disorders in diseases classified elsewhere"
"I69","category","I60-I69","Sequelae of cerebrovascular disease"
"I69.0","category","I69","Sequelae of subarachnoid haemorrhage"
"I69.1","category","I69","Sequelae of intracerebral haemorrhage"
"I69.2","category","I69","Sequelae of other nontraumatic intracranial haemorrhage"
"I69.3","category","I69","Sequelae of cerebral infarction"
"I69.4","category","I69","Sequelae of stroke, not specified as haemorrhage or infarction"
"I69.8","category","I69","Sequelae of other and unspecified cerebrovascular diseases"
"I70-I79","block","IX","Diseases of arteries, arterioles and capillaries"
"I70","category","I70-I79","Atherosclerosis"
"I70.0","category","I70","Atherosclerosis of aorta"
"I70.1","category","I70","Atherosclerosis of renal artery"
"I70.2","category","I70","Atherosclerosis of arteries of extremities"
"I70.8","category","I70","Atherosclerosis of other arteries"
"I70.9","category","I70","Generalized and unspecified atherosclerosis"
"I71","category","I70-I79","Aortic aneurysm and dissection"
"I71.0","category","I71","Dissection of aorta [any part]"
"I71.1","category","I71","Thoracic aortic aneurysm, ruptured"
"I71.2","category","I71","Thoracic aortic aneurysm, without mention of rupture"
"I71.3","category","I71","Abdominal aortic aneurysm, ruptured"
"I71.4","category","I71","Abdominal aortic aneurysm, without mention of rupture"
"I71.5","category","I71","Thoracoabdominal aortic aneurysm, ruptured"
"I71.6","category","I71","Thoracoabdominal aortic aneurysm, without mention of rupture"
"I71.8","category","I71","Aortic aneurysm of unspecified site, ruptured"
"I71.9","category","I71","Aortic aneurysm of unspecified site, without mention of rupture"
"I72","category","I70-I79","Other aneurysm and dissection"
"I72.0","category","I72","Aneurysm and dissection of carotid artery"
"I72.1","category","I72","Aneurysm and dissection of artery of upper extremity"
"I72.2","category","I72","Aneurysm and dissection of renal artery"
"I72.3","category","I72","Aneurysm and dissection of iliac artery"
"I72.4","category","I72","Aneurysm and dissection of artery of lower extremity"
"I72.5","category","I72","Aneurysm and dissection of other precerebral arteries"
"I72.6","category","I72","Aneurysm and dissection of vertebral artery"
"I72.8","category","I72","Aneurysm and dissection of other specified arteries"
"I72.9","category","I72","Aneurysm and dissection of unspecified site"
"I73","category","I70-I79","Other peripheral vascular diseases"
"I73.0","category","I73","Raynaud syndrome"
"I73.1","category","I73","Thromboangiitis obliterans [Buerger]"
"I73.8","category","I73","Other specified peripheral vascular diseases"
"I73.9","category","I73","Peripheral vascular disease, unspecified"
"I74","category","I70-I79","Arterial embolism and thrombosis"
"I74.0","category","I74","Embolism and thrombosis of abdominal aorta"
"I74.1","category","I74","Embolism and thrombosis of other and unspecified parts of aorta"
"I74.2","category","I74","Embolism and thrombosis of arteries of upper extremities"
"I74.3","category","I74","Embolism and thrombosis of arteries of lower extremities"
"I74.4","category","I74","Embolism and thrombosis of arteries of extremities, unspecified"
"I74.5","category","I74","Embolism and thrombosis of iliac artery"
"I74.8","category","I74","Embolism and thrombosis of other arteries"
"I74.9","category","I74","Embolism and thrombosis of unspecified artery"
"I77","category","I70-I79","Other disorders of arteries and arterioles"
"I77.0","category","I77","Arteriovenous fistula, acquired"
"I77.1","category","I77","Stricture of artery"
"I77.2","category","I77","Rupture of artery"
"I77.3","category","I77","Arterial fibromuscular dysplasia"
"I77.4","category","I77","Coeliac artery compression syndrome"
"I77.5","category","I77","Necrosis of artery"
"I77.6","category","I77","Arteritis, unspecified"
"I77.8","category","I77","Other specified disorders of arteries and arterioles"
"I77.9","category","I77","Disorder of arteries and arterioles, unspecified"
"I78","category","I70-I79","Diseases of capillaries"
"I78.0","category","I78","Hereditary haemorrhagic telangiectasia"
"I78.1","category","I78","Naevus, non-neoplastic"
"I78.8","category","I78","Other diseases of capillaries"
"I78.9","category","I78","Disease of capillaries, unspecified"
"I79","category","I70-I79","Disorders of arteries, arterioles and capillaries in diseases classified elsewhere"
"I79.0","category","I79","Aneurysm of aorta in diseases classified elsewhere"
"I79.1","category","I79","Aortitis in diseases classified elsewhere"
"I79.2","category","I79","Peripheral angiopathy in diseases classified elsewhere"
"I79.8","category","I79","Other disorders of arteries, arterioles and capillaries in diseases classified elsewhere"
"I80-I89","block","IX","Diseases of veins, lymphatic vessels and lymph nodes, not elsewhere classified"
"I80","category","I80-I89","Phlebitis and thrombophlebitis"
"I80.0","category","I80","Phlebitis and thrombophlebitis of superficial vessels of lower extremities"
"I80.1","category","I80","Phlebitis and thrombophlebitis of femoral vein"
"I80.2","category","I80","Phlebitis and thrombophlebitis of other deep vessels of lower extremities"
"I80.3","category","I80","Phlebitis and thrombophlebitis of lower extremities, unspecified"
"I80.8","category","I80","Phlebitis and thrombophlebitis of other sites"
"I80.9","category","I80","Phlebitis and thrombophlebitis of unspecified site"
"I81","category","I80-I89","Portal vein thrombosis"
"I82","category","I80-I89","Other venous embolism and thrombosis"
"I82.0","category","I82","Budd-Chiari syndrome"
"I82.1","category","I82","Thrombophlebitis migrans"
"I82.2","category","I82","Embolism and thrombosis of vena cava"
"I82.3","category","I82","Embolism and thrombosis of renal vein"
"I82.8","category","I82","Embolism and thrombosis of other specified veins"
"I82.9","category","I82","Embolism and thrombosis of unspecified vein"
"I83","category","I80-I89","Varicose veins of lower extremities"
"I83.0","category","I83","Varicose veins of lower extremities with ulcer"
"I83.1","category","I83","Varicose veins of lower extremities with inflammation"
"I83.2","category","I83","Varicose veins of lower extremities with both ulcer and inflammation"
"I83.9","category","I83","Varicose veins of lower extremities without ulcer or inflammation"
"I85","category","I80-I89","Oesophageal varices"
"I85.0","category","I85","Oesophageal varices with bleeding"
"I85.9","category","I85","Oesophageal varices without bleeding"
"I86","category","I80-I89","Varicose veins of other sites"
"I86.0","category","I86","Sublingual varices"
"I86.1","category","I86","Scrotal varices"
"I86.2","category","I86","Pelvic varices"
"I86.3","category","I86","Vulval varices"
"I86.4","category","I86","Gastric varices"
"I86.8","category","I86","Varicose veins of other specified sites"
"I87","category","I80-I89","Other disorders of veins"
"I87.0","category","I87","Postthrombotic syndrome"
"I87.1","category","I87","Compression of vein"
"I87.2","category","I87","Venous insufficiency (chronic)(peripheral)"
"I87.8","category","I87","Other specified disorders of veins"
"I87.9","category","I87","Disorder of vein, unspecified"
"I88","category","I80-I89","Nonspecific lymphadenitis"
"I88.0","category","I88","Nonspecific mesenteric lymphadenitis"
"I88.1","category","I88","Chronic lymphadenitis, except mesenteric"
"I88.8","category","I88","Other nonspecific lymphadenitis"
"I88.9","category","I88","Nonspecific lymphadenitis, unspecified"
"I89","category","I80-I89","Other noninfective disorders of lymphatic vessels and lymph nodes"
"I89.0","category","I89","Lymphoedema, not elsewhere classified"
"I89.1","category","I89","Lymphangitis"
"I89.8","category","I89","Other specified noninfective disorders of lymphatic vessels and lymph nodes"
"I89.9","category","I89","Noninfective disorder of lymphatic vessels and lymph nodes, unspecified"
"I95-I99","block","IX","Other and unspecified disorders of the circulatory system"
"I95","category","I95-I99","Hypotension"
"I95.0","category","I95","Idiopathic hypotension"
"I95.1","category","I95","Orthostatic hypotension"
"I95.2","category","I95","Hypotension due to drugs"
"I95.8","category","I95","Other hypotension"
"I95.9","category","I95","Hypotension, unspecified"
"I97","category","I95-I99","Postprocedural disorders of circulatory system, not elsewhere classified"
"I97.0","category","I97","Postcardiotomy syndrome"
"I97.1","category","I97","Other functional disturbances following cardiac surgery"
"I97.2","category","I97","Postmastectomy lymphoedema syndrome"
"I97.8","category","I97","Other postprocedural disorders of circulatory system, not elsewhere classified"
"I97.9","category","I97","Postprocedural disorder of circulatory system, unspecified"
"I98","category","I95-I99","Other disorders of circulatory system in diseases classified elsewhere"
"I98.0","category","I98","Cardiovascular syphilis"
"I98.1","category","I98","Cardiovascular disorders in other infectious and parasitic diseases classified elsewhere"
"I98.2","category","I98","Oesophageal varices without bleeding in diseases classified elsewhere"
"I98.3","category","I98","Oesophageal varices with bleeding in diseases classified elsewhere"
"I98.8","category","I98","Other specified disorders of circulatory system in diseases classified elsewhere"
"I99","category","I95-I99","Other and unspecified disorders of circulatory system"
"X","chapter","","Diseases of the respiratory system"
"J00-J06","block","X","Acute upper respiratory infections"
"J00","category","J00-J06","Acute nasopharyngitis [common cold]"
"J01","category","J00-J06","Acute sinusitis"
"J01.0","category","J01","Acute maxillary sinusitis"
"J01.1","category","J01","Acute frontal sinusitis"
"J01.2","category","J01","Acute ethmoidal sinusitis"
"J01.3","category","J01","Acute sphenoidal sinusitis"
"J01.4","category","J01","Acute pansinusitis"
"J01.8","category","J01","Other acute sinusitis"
"J01.9","category","J01","Acute sinusitis, unspecified"
"J02","category","J00-J06","Acute pharyngitis"
"J02.0","category","J02","Streptococcal pharyngitis"
"J02.8","category","J02","Acute pharyngitis due to other specified organisms"
"J02.9","category","J02","Acute pharyngitis, unspecified"
"J03","category","J00-J06","Acute tonsillitis"
"J03.0","category","J03","Streptococcal tonsillitis"
"J03.8","category","J03","Acute tonsillitis due to other specified organisms"
"J03.9","category","J03","Acute tonsillitis, unspecified"
"J04","category","J00-J06","Acute laryngitis and tracheitis"
"J04.0","category","J04","Acute laryngitis"
"J04.1","category","J04","Acute tracheitis"
"J04.2","category","J04","Acute laryngotracheitis"
"J05","category","J00-J06","Acute obstructive laryngitis [croup] and epiglottitis"
"J05.0","category","J05","Acute obstructive laryngitis [croup]"
"J05.1","category","J05","Acute epiglottitis"
"J06","category","J00-J06","Acute upper respiratory infections of multiple and unspecified sites"
"J06.0","category","J06","Acute laryngopharyngitis"
"J06.8","category","J06","Other acute upper respiratory infections of multiple sites"
"J06.9","category","J06","Acute upper respiratory infection, unspecified"
"J09-J18","block","X","Influenza and pneumonia"
"J09","category","J09-J18","Influenza due to identified zoonotic or pandemic influenza virus"
"J10","category","J09-J18","Influenza due to identified seasonal influenza virus"
"J10.0","category","J10","Influenza with pneumonia, seasonal influenza virus identified"
"J10.1","category","J10","Influenza with other respiratory manifestations, seasonal influenza virus identified"
"J10.8","category","J10","Influenza with other manifestations, seasonal influenza virus identified"
"J11","category","J09-J18","Influenza, virus not identified"
"J11.0","category","J11","Influenza with pneumonia, virus not identified"
"J11.1","category","J11","Influenza with other respiratory manifestations, virus not identified"
"J11.8","category","J11","Influenza with other manifestations, virus not identified"
"J12","category","J09-J18","Viral pneumonia, not elsewhere classified"
"J12.0","category","J12","Adenoviral pneumonia"
"J12.1","category","J12","Respiratory syncytial virus pneumonia"
"J12.2","category","J12","Parainfluenza virus pneumonia"
"J12.3","category","J12","Human metapneumovirus pneumonia"
"J12.8","category","J12","Other viral pneumonia"
"J12.9","category","J12","Viral pneumonia, unspecified"
"J13","category","J09-J18","Pneumonia due to Streptococcus pneumoniae"
"J14","category","J09-J18","Pneumonia due to Haemophilus influenzae"
"J15","category","J09-J18","Bacterial pneumonia, not elsewhere classified"
"J15.0","category","J15","Pneumonia due to Klebsiella pneumoniae"
"J15.1","category","J15","Pneumonia due to Pseudomonas"
"J15.2","category","J15","Pneumonia due to staphylococcus"
"J15.3","category","J15","Pneumonia due to streptococcus, group B"
"J15.4","category","J15","Pneumonia due to other streptococci"
"J15.5","category","J15","Pneumonia due to Escherichia coli"
"J15.6","category","J15","Pneumonia due to other Gram-negative bacteria"
"J15.7","category","J15","Pneumonia due to Mycoplasma pneumoniae"
"J15.8","category","J15","Other bacterial pneumonia"
"J15.9","category","J15","Bacterial pneumonia, unspecified"
"J16","category","J09-J18","Pneumonia due to other infectious organisms, not elsewhere classified"
"J16.0","category","J16","Chlamydial pneumonia"
"J16.8","category","J16","Pneumonia due to other specified infectious organisms"
"J17","category","J09-J18","Pneumonia in diseases classified elsewhere"
"J17.0","category","J17","Pneumonia in bacterial diseases classified elsewhere"
"J17.1","category","J17","Pneumonia in viral diseases classified elsewhere"
"J17.2","category","J17","Pneumonia in mycoses"
"J17.3","category","J17","Pneumonia in parasitic diseases"
"J17.8","category","J17","Pneumonia in other diseases classified elsewhere"
"J18","category","J09-J18","Pneumonia, organism unspecified"
"J18.0","category","J18","Bronchopneumonia, unspecified"
"J18.1","category","J18","Lobar pneumonia, unspecified"
"J18.2","category","J18","Hypostatic pneumonia, unspecified"
"J18.8","category","J18","Other pneumonia, organism unspecified"
"J18.9","category","J18","Pneumonia, unspecified"
"J20-J22","block","X","Other acute lower respiratory infections"
"J20","category","J20-J22","Acute bronchitis"
"J20.0","category","J20","Acute bronchitis due to Mycoplasma pneumoniae"
"J20.1","category","J20","Acute bronchitis due to Haemophilus influenzae"
"J20.2","category","J20","Acute bronchitis due to streptococcus"
"J20.3","category","J20","Acute bronchitis due to coxsackievirus"
"J20.4","category","J20","Acute bronchitis due to parainfluenza virus"
"J20.5","category","J20","Acute bronchitis due to respiratory syncytial virus"
"J20.6","category","J20","Acute bronchitis due to rhinovirus"
"J20.7","category","J20","Acute bronchitis due to echovirus"
"J20.8","category","J20","Acute bronchitis due to other specified organisms"
"J20.9","category","J20","Acute bronchitis, unspecified"
"J21","category","J20-J22","Acute bronchiolitis"
"J21.0","category","J21","Acute bronchiolitis due to respiratory syncytial virus"
"J21.1","category","J21","Acute bronchiolitis due to human metapneumovirus"
"J21.8","category","J21","Acute bronchiolitis due to other specified organisms"
"J21.9","category","J21","Acute bronchiolitis, unspecified"
"J22","category","J20-J22","Unspecified acute lower respiratory infection"
"J30-J39","block","X","Other diseases of upper respiratory tract"
"J30","category","J30-J39","Vasomotor and allergic rhinitis"
"J30.0","category","J30","Vasomotor rhinitis"
"J30.1","category","J30","Allergic rhinitis due to pollen"
"J30.2","category","J30","Other seasonal allergic rhinitis"
"J30.3","category","J30","Other allergic rhinitis"
"J30.4","category","J30","Allergic rhinitis, unspecified"
"J31","category","J30-J39","Chronic rhinitis, nasopharyngitis and pharyngitis"
"J31.0","category","J31","Chronic rhinitis"
"J31.1","category","J31","Chronic nasopharyngitis"
"J31.2","category","J31","Chronic pharyngitis"
"J32","category","J30-J39","Chronic sinusitis"
"J32.0","category","J32","Chronic maxillary sinusitis"
"J32.1","category","J32","Chronic frontal sinusitis"
"J32.2","category","J32","Chronic ethmoidal sinusitis"
"J32.3","category","J32","Chronic sphenoidal sinusitis"
"J32.4","category","J32","Chronic pansinusitis"
"J32.8","category","J32","Other chronic sinusitis"
"J32.9","category","J32","Chronic sinusitis, unspecified"
"J33","category","J30-J39","Nasal polyp"
"J33.0","category","J33","Polyp of nasal cavity"
"J33.1","category","J33","Polypoid sinus degeneration"
"J33.8","category","J33","Other polyp of sinus"
"J33.9","category","J33","Nasal polyp, unspecified"
"J34","category","J30-J39","Other disorders of nose and nasal sinuses"
"J34.0","category","J34","Abscess, furuncle and carbuncle of nose"
"J34.1","category","J34","Cyst and mucocele of nose and nasal sinus"
"J34.2","category","J34","Deviated nasal septum"
"J34.3","category","J34","Hypertrophy of nasal turbinates"
"J34.8","category","J34","Other specified disorders of nose and nasal sinuses"
"J35","category","J30-J39","Chronic diseases of tonsils and adenoids"
"J35.0","category","J35","Chronic tonsillitis"
"J35.1","category","J35","Hypertrophy of tonsils"
"J35.2","category","J35","Hypertrophy of adenoids"
"J35.3","category","J35","Hypertrophy of tonsils with hypertrophy of adenoids"
"J35.8","category","J35","Other chronic diseases of tonsils and adenoids"
"J35.9","category","J35","Chronic disease of tonsils and adenoids, unspecified"
"J36","category","J30-J39","Peritonsillar abscess"
"J37","category","J30-J39","Chronic laryngitis and laryngotracheitis"
"J37.0","category","J37","Chronic laryngitis"
"J37.1","category","J37","Chronic laryngotracheitis"
"J38","category","J30-J39","Diseases of vocal cords and larynx, not elsewhere classified"
"J38.0","category","J38","Paralysis of vocal cords and larynx"
"J38.1","category","J38","Polyp of vocal cord and larynx"
"J38.2","category","J38","Nodules of vocal cords"
"J38.3","category","J38","Other diseases of vocal cords"
"J38.4","category","J38","Oedema of larynx"
"J38.5","category","J38","Laryngeal spasm"
"J38.6","category","J38","Stenosis of larynx"
"J38.7","category","J38","Other diseases of larynx"
"J39","category","J30-J39","Other diseases of upper respiratory tract"
"J39.0","category","J39","Retropharyngeal and parapharyngeal abscess"
"J39.1","category","J39","Other abscess of pharynx"
"J39.2","category","J39","Other diseases of pharynx"
"J39.3","category","J39","Upper respiratory tract hypersensitivity reaction, site unspecified"
"J39.8","category","J39","Other specified diseases of upper respiratory tract"
"J39.9","category","J39","Disease of upper respiratory tract, unspecified"
"J40-J47","block","X","Chronic lower respiratory diseases"
"J40","category","J40-J47","Bronchitis, not specified as acute or chronic"
"J41","category","J40-J47","Simple and mucopurulent chronic bronchitis"
"J41.0","category","J41","Simple chronic bronchitis"
"J41.1","category","J41","Mucopurulent chronic bronchitis"
"J41.8","category","J41","Mixed simple and mucopurulent chronic bronchitis"
"J42","category","J40-J47","Unspecified chronic bronchitis"
"J43","category","J40-J47","Emphysema"
"J43.0","category","J43","MacLeod syndrome"
"J43.1","category","J43","Panlobular emphysema"
"J43.2","category","J43","Centrilobular emphysema"
"J43.8","category","J43","Other emphysema"
"J43.9","category","J43","Emphysema, unspecified"
"J44","category","J40-J47","Other chronic obstructive pulmonary disease"
"J44.0","category","J44","Chronic obstructive pulmonary disease with acute lower respiratory infection"
"J44.1","category","J44","Chronic obstructive pulmonary disease with acute exacerbation, unspecified"
"J44.8","category","J44","Other specified chronic obstructive pulmonary disease"
"J44.9","category","J44","Chronic obstructive pulmonary disease, unspecified"
"J45","category","J40-J47","Asthma"
"J45.0","category","J45","Predominantly allergic asthma"
"J45.1","category","J45","Nonallergic asthma"
"J45.8","category","J45","Mixed asthma"
"J45.9","category","J45","Asthma, unspecified"
"J46","category","J40-J47","Status asthmaticus"
"J47","category","J40-J47","Bronchiectasis"
"J60-J70","block","X","Lung diseases due to external agents"
"J60","category","J60-J70","Coalworker pneumoconiosis"
"J61","category","J60-J70","Pneumoconiosis due to asbestos and other mineral fibres"
"J62","category","J60-J70","Pneumoconiosis due to dust containing silica"
"J62.0","category","J62","Pneumoconiosis due to talc dust"
"J62.8","category","J62","Pneumoconiosis due to other dust containing silica"
"J63","category","J60-J70","Pneumoconiosis due to other inorganic dusts"
"J63.0","category","J63","Aluminosis (of lung)"
"J63.1","category","J63","Bauxite fibrosis (of lung)"
"J63.2","category","J63","Berylliosis"
"J63.3","category","J63","Graphite fibrosis (of lung)"
"J63.4","category","J63","Siderosis"
"J63.5","category","J63","Stannosis"
"J63.8","category","J63","Pneumoconiosis due to other specified inorganic dusts"
"J64","category","J60-J70","Unspecified pneumoconiosis"
"J65","category","J60-J70","Pneumoconiosis associated with tuberculosis"
"J66","category","J60-J70","Airway disease due to specific organic dust"
"J66.0","category","J66","Byssinosis"
"J66.1","category","J66","Flax-dresser disease"
"J66.2","category","J66","Cannabinosis"
"J66.8","category","J66","Airway disease due to other specific organic dusts"
"J67","category","J60-J70","Hypersensitivity pneumonitis due to organic dust"
"J67.0","category","J67","Farmer lung"
"J67.1","category","J67","Bagassosis"
"J67.2","category","J67","Bird fancier lung"
"J67.3","category","J67","Suberosis"
"J67.4","category","J67","Maltworker lung"
"J67.5","category","J67","Mushroom-worker lung"
"J67.6","category","J67","Maple-bark-stripper lung"
"J67.7","category","J67","Air-conditioner and humidifier lung"
"J67.8","category","J67","Hypersensitivity pneumonitis due to other organic dusts"
"J67.9","category","J67","Hypersensitivity pneumonitis due to unspecified organic dust"
"J68","category","J60-J70","Respiratory conditions due to inhalation of chemicals, gases, fumes and vapours"
"J68.0","category","J68","Bronchitis and pneumonitis due to chemicals, gases, fumes and vapours"
"J68.1","category","J68","Pulmonary oedema due to chemicals, gases, fumes and vapours"
"J68.2","category","J68","Upper respiratory inflammation due to chemicals, gases, fumes and vapours, not elsewhere classified"
"J68.3","category","J68","Other acute and subacute respiratory conditions due to chemicals, gases, fumes and vapours"
"J68.4","category","J68","Chronic respiratory conditions due to chemicals, gases, fumes and vapours"
"J68.8","category","J68","Other respiratory conditions due to chemicals, gases, fumes and vapours"
"J68.9","category","J68","Unspecified respiratory condition due to chemicals, gases, fumes and vapours"
"J69","category","J60-J70","Pneumonitis due to solids and liquids"
"J69.0","category","J69","Pneumonitis due to food and vomit"
"J69.1","category","J69","Pneumonitis due to oils and essences"
"J69.8","category","J69","Pneumonitis due to other solids and liquids"
"J70","category","J60-J70","Respiratory conditions due to other external agents"
"J70.0","category","J70","Acute pulmonary manifestations due to radiation"
"J70.1","category","J70","Chronic and other pulmonary manifestations due to radiation"
"J70.2","category","J70","Acute drug-induced interstitial lung disorders"
"J70.3","category","J70","Chronic drug-induced interstitial lung disorders"
"J70.4","category","J70","Drug-induced interstitial lung disorders, unspecified"
"J70.8","category","J70","Respiratory conditions due to other specified external agents"
"J70.9","category","J70","Respiratory conditions due to unspecified external agent"
"J80-J84","block","X","Other respiratory diseases principally affecting the interstitium"
"J80","category","J80-J84","Adult respiratory distress syndrome"
"J81","category","J80-J84","Pulmonary oedema"
"J82","category","J80-J84","Pulmonary eosinophilia, not elsewhere classified"
"J84","category","J80-J84","Other interstitial pulmonary diseases"
"J84.0","category","J84","Alveolar and parietoalveolar conditions"
"J84.1","category","J84","Other interstitial pulmonary diseases with fibrosis"
"J84.8","category","J84","Other specified interstitial pulmonary diseases"
"J84.9","category","J84","Interstitial pulmonary disease, unspecified"
"J85-J86","block","X","Suppurative and necrotic conditions of lower respiratory tract"
"J85","category","J85-J86","Abscess of lung and mediastinum"
"J85.0","category","J85","Gangrene and necrosis of lung"
"J85.1","category","J85","Abscess of lung with pneumonia"
"J85.2","category","J85","Abscess of lung without pneumonia"
"J85.3","category","J85","Abscess of mediastinum"
"J86","category","J85-J86","Pyothorax"
"J86.0","category","J86","Pyothorax with fistula"
"J86.9","category","J86","Pyothorax without fistula"
"J90-J94","block","X","Other diseases of pleura"
"J90","category","J90-J94","Pleural effusion, not elsewhere classified"
"J91","category","J90-J94","Pleural effusion in conditions classified elsewhere"
"J92","category","J90-J94","Pleural plaque"
"J92.0","category","J92","Pleural plaque with presence of asbestos"
"J92.9","category","J92","Pleural plaque without asbestos"
"J93","category","J90-J94","Pneumothorax"
"J93.0","category","J93","Spontaneous tension pneumothorax"
"J93.1","category","J93","Other spontaneous pneumothorax"
"J93.8","category","J93","Other pneumothorax"
"J93.9","category","J93","Pneumothorax, unspecified"
"J94","category","J90-J94","Other pleural conditions"
"J94.0","category","J94","Chylous effusion"
"J94.1","category","J94","Fibrothorax"
"J94.2","category","J94","Haemothorax"
"J94.8","category","J94","Other specified pleural conditions"
"J94.9","category","J94","Pleural condition, unspecified"
"J95-J99","block","X","Other diseases of the respiratory system"
"J95","category","J95-J99","Postprocedural respiratory disorders, not elsewhere classified"
"J95.0","category","J95","Tracheostomy malfunction"
"J95.1","category","J95","Acute pulmonary insufficiency following thoracic surgery"
"J95.2","category","J95","Acute pulmonary insufficiency following nonthoracic surgery"
"J95.3","category","J95","Chronic pulmonary insufficiency following surgery"
"J95.4","category","J95","Mendelson syndrome"
"J95.5","category","J95","Postprocedural subglottic stenosis"
"J95.8","category","J95","Other postprocedural respiratory disorders"
"J95.9","category","J95","Postprocedural respiratory disorder, unspecified"
"J96","category","J95-J99","Respiratory failure, not elsewhere classified"
"J96.0","category","J96","Acute respiratory failure"
"J96.1","category","J96","Chronic respiratory failure"
"J96.9","category","J96","Respiratory failure, unspecified"
"J98","category","J95-J99","Other respiratory disorders"
"J98.0","category","J98","Diseases of bronchus, not elsewhere classified"
"J98.1","category","J98","Pulmonary collapse"
"J98.2","category","J98","Interstitial emphysema"
"J98.3","category","J98","Compensatory emphysema"
"J98.4","category","J98","Other disorders of lung"
"J98.5","category","J98","Diseases of mediastinum, not elsewhere classified"
"J98.6","category","J98","Disorders of diaphragm"
"J98.7","category","J98","Respiratory infections, not elsewhere classified"
"J98.8","category","J98","Other specified respiratory disorders"
"J98.9","category","J98","Respiratory disorder, unspecified"
"J99","category","J95-J99","Respiratory disorders in diseases classified elsewhere"
"J99.0","category","J99","Rheumatoid lung disease M05.1"
"J99.1","category","J99","Respiratory disorders in other diffuse connective tissue disorders"
"J99.8","category","J99","Respiratory disorders in other diseases classified elsewhere"
"XI","chapter","","Diseases of the digestive system"
"K00-K14","block","XI","Diseases of oral cavity, salivary glands and jaws"
"K00","category","K00-K14","Disorders of tooth development and eruption"
"K00.0","category","K00","Anodontia"
"K00.1","category","K00","Supernumerary teeth"
"K00.2","category","K00","Abnormalities of size and form of teeth"
"K00.3","category","K00","Mottled teeth"
"K00.4","category","K00","Disturbances in tooth formation"
"K00.5","category","K00","Hereditary disturbances in tooth structure, not elsewhere classified"
"K00.6","category","K00","Disturbances in tooth eruption"
"K00.7","category","K00","Teething syndrome"
"K00.8","category","K00","Other disorders of tooth development"
"K00.9","category","K00","Disorder of tooth development, unspecified"
"K01","category","K00-K14","Embedded and impacted teeth"
"K01.0","category","K01","Embedded teeth"
"K01.1","category","K01","Impacted teeth"
"K02","category","K00-K14","Dental caries"
"K02.0","category","K02","Caries limited to enamel"
"K02.1","category","K02","Caries of dentine"
"K02.2","category","K02","Caries of cementum"
"K02.3","category","K02","Arrested dental caries"
"K02.4","category","K02","Odontoclasia"
"K02.5","category","K02","Caries with pulp exposure"
"K02.8","category","K02","Other dental caries"
"K02.9","category","K02","Dental caries, unspecified"
"K03","category","K00-K14","Other diseases of hard tissues of teeth"
"K03.0","category","K03","Excessive attrition of teeth"
"K03.1","category","K03","Abrasion of teeth"
"K03.2","category","K03","Erosion of teeth"
"K03.3","category","K03","Pathological resorption of teeth"
"K03.4","category","K03","Hypercementosis"
"K03.5","category","K03","Ankylosis of teeth"
"K03.6","category","K03","Deposits [accretions] on teeth"
"K03.7","category","K03","Posteruptive colour changes of dental hard tissues"
"K03.8","category","K03","Other specified diseases of hard tissues of teeth"
"K03.9","category","K03","Disease of hard tissues of teeth, unspecified"
"K04","category","K00-K14","Diseases of pulp and periapical tissues"
"K04.0","category","K04","Pulpitis"
"K04.1","category","K04","Necrosis of pulp"
"K04.2","category","K04","Pulp degeneration"
"K04.3","category","K04","Abnormal hard tissue formation in pulp"
"K04.4","category","K04","Acute apical periodontitis of pulpal origin"
"K04.5","category","K04","Chronic apical periodontitis"
"K04.6","category","K04","Periapical abscess with sinus"
"K04.7","category","K04","Periapical abscess without sinus"
"K04.8","category","K04","Radicular cyst"
"K04.9","category","K04","Other and unspecified diseases of pulp and periapical tissues"
"K05","category","K00-K14","Gingivitis and periodontal diseases"
"K05.0","category","K05","Acute gingivitis"
"K05.1","category","K05","Chronic gingivitis"
"K05.2","category","K05","Acute periodontitis"
"K05.3","category","K05","Chronic periodontitis"
"K05.4","category","K05","Periodontosis"
"K05.5","category","K05","Other periodontal diseases"
"K05.6","category","K05","Periodontal disease, unspecified"
"K06","category","K00-K14","Other disorders of gingiva and edentulous alveolar ridge"
"K06.0","category","K06","Gingival recession"
"K06.1","category","K06","Gingival enlargement"
"K06.2","category","K06","Gingival and edentulous alveolar ridge lesions associated with trauma"
"K06.8","category","K06","Other specified disorders of gingiva and edentulous alveolar ridge"
"K06.9","category","K06","Disorder of gingiva and edentulous alveolar ridge, unspecified"
"K07","category","K00-K14","Dentofacial anomalies [including malocclusion]"
"K07.0","category","K07","Major anomalies of jaw size"
"K07.1","category","K07","Anomalies of jaw-cranial base relationship"
"K07.2","category","K07","Anomalies of dental arch relationship"
"K07.3","category","K07","Anomalies of tooth position"
"K07.4","category","K07","Malocclusion, unspecified"
"K07.5","category","K07","Dentofacial functional abnormalities"
"K07.6","category","K07","Temporomandibular joint disorders"
"K07.8","category","K07","Other dentofacial anomalies"
"K07.9","category","K07","Dentofacial anomaly, unspecified"
"K08","category","K00-K14","Other disorders of teeth and supporting structures"
"K08.0","category","K08","Exfoliation of teeth due to systemic causes"
"K08.1","category","K08","Loss of teeth due to accident, extraction or local periodontal disease"
"K08.2","category","K08","Atrophy of edentulous alveolar ridge"
"K08.3","category","K08","Retained dental root"
"K08.8","category","K08","Other specified disorders of teeth and supporting structures"
"K08.9","category","K08","Disorder of teeth and supporting structures, unspecified"
"K09","category","K00-K14","Cysts of oral region, not elsewhere classified"
"K09.0","category","K09","Developmental odontogenic cysts"
"K09.1","category","K09","Developmental (nonodontogenic) cysts of oral region"
"K09.2","category","K09","Other cysts of jaw"
"K09.8","category","K09","Other cysts of oral region, not elsewhere classified"
"K09.9","category","K09","Cyst of oral region, unspecified"
"K10","category","K00-K14","Other diseases of jaws"
"K10.0","category","K10","Developmental disorders of jaws"
"K10.1","category","K10","Giant cell granuloma, central"
"K10.2","category","K10","Inflammatory conditions of jaws"
"K10.3","category","K10","Alveolitis of jaws"
"K10.8","category","K10","Other specified diseases of jaws"
"K10.9","category","K10","Disease of jaws, unspecified"
"K11","category","K00-K14","Diseases of salivary glands"
"K11.0","category","K11","Atrophy of salivary gland"
"K11.1","category","K11","Hypertrophy of salivary gland"
"K11.2","category","K11","Sialoadenitis"
"K11.3","category","K11","Abscess of salivary gland"
"K11.4","category","K11","Fistula of salivary gland"
"K11.5","category","K11","Sialolithiasis"
"K11.6","category","K11","Mucocele of salivary gland"
"K11.7","category","K11","Disturbances of salivary secretion"
"K11.8","category","K11","Other diseases of salivary glands"
"K11.9","category","K11","Disease of salivary gland, unspecified"
"K12","category","K00-K14","Stomatitis and related lesions"
"K12.0","category","K12","Recurrent oral aphthae"
"K12.1","category","K12","Other forms of stomatitis"
"K12.2","category","K12","Cellulitis and abscess of mouth"
"K12.3","category","K12","Oral mucositis (ulcerative)"
"K13","category","K00-K14","Other diseases of lip and oral mucosa"
"K13.0","category","K13","Diseases of lips"
"K13.1","category","K13","Cheek and lip biting"
"K13.2","category","K13","Leukoplakia and other disturbances of oral epithelium, including tongue"
"K13.3","category","K13","Hairy leukoplakia"
"K13.4","category","K13","Granuloma and granuloma-like lesions of oral mucosa"
"K13.5","category","K13","Oral submucous fibrosis"
"K13.6","category","K13","Irritative hyperplasia of oral mucosa"
"K13.7","category","K13","Other and unspecified lesions of oral mucosa"
"K14","category","K00-K14","Diseases of tongue"
"K14.0","category","K14","Glossitis"
"K14.1","category","K14","Geographic tongue"
"K14.2","category","K14","Median rhomboid glossitis"
"K14.3","category","K14","Hypertrophy of tongue papillae"
"K14.4","category","K14","Atrophy of tongue papillae"
"K14.5","category","K14","Plicated tongue"
"K14.6","category","K14","Glossodynia"
"K14.8","category","K14","Other diseases of tongue"
"K14.9","category","K14","Disease of tongue, unspecified"
"K20-K31","block","XI","Diseases of oesophagus, stomach and duodenum"
"K20","category","K20-K31","Oesophagitis"
"K21","category","K20-K31","Gastro-oesophageal reflux disease"
"K21.0","category","K21","Gastro-oesophageal reflux disease with oesophagitis"
"K21.9","category","K21","Gastro-oesophageal reflux disease without oesophagitis"
"K22","category","K20-K31","Other diseases of oesophagus"
"K22.0","category","K22","Achalasia of cardia"
"K22.1","category","K22","Ulcer of oesophagus"
"K22.2","category","K22","Oesophageal obstruction"
"K22.3","category","K22","Perforation of oesophagus"
"K22.4","category","K22","Dyskinesia of oesophagus"
"K22.5","category","K22","Diverticulum of oesophagus, acquired"
"K22.6","category","K22","Gastro-oesophageal laceration-haemorrhage syndrome"
"K22.7","category","K22","Barrett oesophagus"
"K22.8","category","K22","Other specified diseases of oesophagus"
"K22.9","category","K22","Disease of oesophagus, unspecified"
"K23","category","K20-K31","Disorders of oesophagus in diseases classified elsewhere"
"K23.0","category","K23","Tuberculous oesophagitis A18.8"
"K23.1","category","K23","Megaoesophagus in Chagas disease B57.3"
"K23.8","category","K23","Disorders of oesophagus in other diseases classified elsewhere"
"K25","category","K20-K31","Gastric ulcer"
"K26","category","K20-K31","Duodenal ulcer"
"K27","category","K20-K31","Peptic ulcer, site unspecified"
"K28","category","K20-K31","Gastrojejunal ulcer"
"K29","category","K20-K31","Gastritis and duodenitis"
"K29.0","category","K29","Acute haemorrhagic gastritis"
"K29.1","category","K29","Other acute gastritis"
"K29.2","category","K29","Alcoholic gastritis"
"K29.3","category","K29","Chronic superficial gastritis"
"K29.4","category","K29","Chronic atrophic gastritis"
"K29.5","category","K29","Chronic gastritis, unspecified"
"K29.6","category","K29","Other gastritis"
"K29.7","category","K29","Gastritis, unspecified"
"K29.8","category","K29","Duodenitis"
"K29.9","category","K29","Gastroduodenitis, unspecified"
"K30","category","K20-K31","Functional dyspepsia"
"K31","category","K20-K31","Other diseases of stomach and duodenum"
"K31.0","category","K31","Acute dilatation of stomach"
"K31.1","category","K31","Adult hypertrophic pyloric stenosis"
"K31.2","category","K31","Hourglass stricture and stenosis of stomach"
"K31.3","category","K31","Pylorospasm, not elsewhere classified"
"K31.4","category","K31","Gastric diverticulum"
"K31.5","category","K31","Obstruction of duodenum"
"K31.6","category","K31","Fistula of stomach and duodenum"
"K31.7","category","K31","Polyp of stomach and duodenum"
"K31.8","category","K31","Other specified diseases of stomach and duodenum"
"K31.9","category","K31","Disease of stomach and duodenum, unspecified"
"K35-K38","block","XI","Diseases of appendix"
"K35","category","K35-K38","Acute appendicitis"
"K35.2","category","K35","Acute appendicitis with generalized peritonitis"
"K35.3","category","K35","Acute appendicitis with localized peritonitis"
"K35.8","category","K35","Acute appendicitis, other and unspecified"
"K36","category","K35-K38","Other appendicitis"
"K37","category","K35-K38","Unspecified appendicitis"
"K38","category","K35-K38","Other diseases of appendix"
"K38.0","category","K38","Hyperplasia of appendix"
"K38.1","category","K38","Appendicular concretions"
"K38.2","category","K38","Diverticulum of appendix"
"K38.3","category","K38","Fistula of appendix"
"K38.8","category","K38","Other specified diseases of appendix"
"K38.9","category","K38","Disease of appendix, unspecified"
"K40-K46","block","XI","Hernia"
"K40","category","K40-K46","Inguinal hernia"
"K40.0","category","K40","Bilateral inguinal hernia, with obstruction, without gangrene"
"K40.1","category","K40","Bilateral inguinal hernia, with gangrene"
"K40.2","category","K40","Bilateral inguinal hernia, without obstruction or gangrene"
"K40.3","category","K40","Unilateral or unspecified inguinal hernia, with obstruction, without gangrene"
"K40.4","category","K40","Unilateral or unspecified inguinal hernia, with gangrene"
"K40.9","category","K40","Unilateral or unspecified inguinal hernia, without obstruction or gangrene"
"K41","category","K40-K46","Femoral hernia"
"K41.0","category","K41","Bilateral femoral hernia, with obstruction, without gangrene"
"K41.1","category","K41","Bilateral femoral hernia, with gangrene"
"K41.2","category","K41","Bilateral femoral hernia, without obstruction or gangrene"
"K41.3","category","K41","Unilateral or unspecified femoral hernia, with obstruction, without gangrene"
"K41.4","category","K41","Unilateral or unspecified femoral hernia, with gangrene"
"K41.9","category","K41","Unilateral or unspecified femoral hernia, without obstruction or gangrene"
"K42","category","K40-K46","Umbilical hernia"
"K42.0","category","K42","Umbilical hernia with obstruction, without gangrene"
"K42.1","category","K42","Umbilical hernia with gangrene"
"K42.9","category","K42","Umbilical hernia without obstruction or gangrene"
"K43","category","K40-K46","Ventral hernia"
"K43.0","category","K43","Incisional hernia with obstruction, without gangrene"
"K43.1","category","K43","Incisional hernia with gangrene"
"K43.2","category","K43","Incisional hernia without obstruction or gangrene"
"K43.3","category","K43","Parastomal hernia with obstruction, without gangrene"
"K43.4","category","K43","Parastomal hernia with gangrene"
"K43.5","category","K43","Parastomal hernia without obstruction or gangrene"
"K43.6","category","K43","Other and unspecified ventral hernia with obstruction without gangrene"
"K43.7","category","K43","Other and unspecified ventral hernia with gangrene"
"K43.9","category","K43","Other and unspecified ventral hernia without obstruction or gangrene"
"K44","category","K40-K46","Diaphragmatic hernia"
"K44.0","category","K44","Diaphragmatic hernia with obstruction, without gangrene"
"K44.1","category","K44","Diaphragmatic hernia with gangrene"
"K44.9","category","K44","Diaphragmatic hernia without obstruction or gangrene"
"K45","category","K40-K46","Other abdominal hernia"
"K45.0","category","K45","Other specified abdominal hernia with obstruction, without gangrene"
"K45.1","category","K45","Other specified abdominal hernia with gangrene"
"K45.8","category","K45","Other specified abdominal hernia without obstruction or gangrene"
"K46","category","K40-K46","Unspecified abdominal hernia"
"K46.0","category","K46","Unspecified abdominal hernia with obstruction, without gangrene"
"K46.1","category","K46","Unspecified abdominal hernia with gangrene"
"K46.9","category","K46","Unspecified abdominal hernia without obstruction or gangrene"
"K50-K52","block","XI","Noninfective enteritis and colitis"
"K50","category","K50-K52","Crohn disease [regional enteritis]"
"K50.0","category","K50","Crohn disease of small intestine"
"K50.1","category","K50","Crohn disease of large intestine"
"K50.8","category","K50","Other Crohn disease"
"K50.9","category","K50","Crohn disease, unspecified"
"K51","category","K50-K52","Ulcerative colitis"
"K51.0","category","K51","Ulcerative (chronic) pancolitis"
"K51.2","category","K51","Ulcerative (chronic) proctitis"
"K51.3","category","K51","Ulcerative (chronic) rectosigmoiditis"
"K51.4","category","K51","Inflammatory polyps"
"K51.5","category","K51","Left sided colitis"
"K51.8","category","K51","Other ulcerative colitis"
"K51.9","category","K51","Ulcerative colitis, unspecified"
"K52","category","K50-K52","Other noninfective gastroenteritis and colitis"
"K52.0","category","K52","Gastroenteritis and colitis due to radiation"
"K52.1","category","K52","Toxic gastroenteritis and colitis"
"K52.2","category","K52","Allergic and dietetic gastroenteritis and colitis"
"K52.3","category","K52","Indeterminate colitis"
"K52.8","category","K52","Other specified noninfective gastroenteritis and colitis"
"K52.9","category","K52","Noninfective gastroenteritis and colitis, unspecified"
"K55-K64","block","XI","Other diseases of intestines"
"K55","category","K55-K64","Vascular disorders of intestine"
"K55.0","category","K55","Acute vascular disorders of intestine"
"K55.1","category","K55","Chronic vascular disorders of intestine"
"K55.2","category","K55","Angiodysplasia of colon"
"K55.3","category","K55","Angiodysplasia of small intestine"
"K55.8","category","K55","Other vascular disorders of intestine"
"K55.9","category","K55","Vascular disorder of intestine, unspecified"
"K56","category","K55-K64","Paralytic ileus and intestinal obstruction without hernia"
"K56.0","category","K56","Paralytic ileus"
"K56.1","category","K56","Intussusception"
"K56.2","category","K56","Volvulus"
"K56.3","category","K56","Gallstone ileus"
"K56.4","category","K56","Other impaction of intestine"
"K56.5","category","K56","Intestinal adhesions [bands] with obstruction"
"K56.6","category","K56","Other and unspecified intestinal obstruction"
"K56.7","category","K56","Ileus, unspecified"
"K57","category","K55-K64","Diverticular disease of intestine"
"K57.0","category","K57","Diverticular disease of small intestine with perforation and abscess"
"K57.1","category","K57","Diverticular disease of small intestine without perforation or abscess"
"K57.2","category","K57","Diverticular disease of large intestine with perforation and abscess"
"K57.3","category","K57","Diverticular disease of large intestine without perforation or abscess"
"K57.4","category","K57","Diverticular disease of both small and large intestine with perforation and abscess"
"K57.5","category","K57","Diverticular disease of both small and large intestine without perforation or abscess"
"K57.8","category","K57","Diverticular disease of intestine, part unspecified, with perforation and abscess"
"K57.9","category","K57","Diverticular disease of intestine, part unspecified, without perforation or abscess"
"K58","category","K55-K64","Irritable bowel syndrome"
"K58.1","category","K58","Irritable bowel syndrome with predominant diarrhoea [IBS-D]"
"K58.2","category","K58","Irritable bowel syndrome with predominant constipation [IBS-C]"
"K58.3","category","K58","Irritable bowel syndrome with mixed bowel habits [IBS-M]"
"K58.8","category","K58","Other and unspecified irritable bowel syndrome"
"K59","category","K55-K64","Other functional intestinal disorders"
"K59.0","category","K59","Constipation"
"K59.1","category","K59","Functional diarrhoea"
"K59.2","category","K59","Neurogenic bowel, not elsewhere classified"
"K59.3","category","K59","Megacolon, not elsewhere classified"
"K59.4","category","K59","Anal spasm"
"K59.8","category","K59","Other specified functional intestinal disorders"
"K59.9","category","K59","Functional intestinal disorder, unspecified"
"K60","category","K55-K64","Fissure and fistula of anal and rectal regions"
"K60.0","category","K60","Acute anal fissure"
"K60.1","category","K60","Chronic anal fissure"
"K60.2","category","K60","Anal fissure, unspecified"
"K60.3","category","K60","Anal fistula"
"K60.4","category","K60","Rectal fistula"
"K60.5","category","K60","Anorectal fistula"
"K61","category","K55-K64","Abscess of anal and rectal regions"
"K61.0","category","K61","Anal abscess"
"K61.1","category","K61","Rectal abscess"
"K61.2","category","K61","Anorectal abscess"
"K61.3","category","K61","Ischiorectal abscess"
"K61.4","category","K61","Intrasphincteric abscess"
"K62","category","K55-K64","Other diseases of anus and rectum"
"K62.0","category","K62","Anal polyp"
"K62.1","category","K62","Rectal polyp"
"K62.2","category","K62","Anal prolapse"
"K62.3","category","K62","Rectal prolapse"
"K62.4","category","K62","Stenosis of anus and rectum"
"K62.5","category","K62","Haemorrhage of anus and rectum"
"K62.6","category","K62","Ulcer of anus and rectum"
"K62.7","category","K62","Radiation proctitis"
"K62.8","category","K62","Other specified diseases of anus and rectum"
"K62.9","category","K62","Disease of anus and rectum, unspecified"
"K63","category","K55-K64","Other diseases of intestine"
"K63.0","category","K63","Abscess of intestine"
"K63.1","category","K63","Perforation of intestine (nontraumatic)"
"K63.2","category","K63","Fistula of intestine"
"K63.3","category","K63","Ulcer of intestine"
"K63.4","category","K63","Enteroptosis"
"K63.5","category","K63","Polyp of colon"
"K63.8","category","K63","Other specified diseases of intestine"
"K63.9","category","K63","Disease of intestine, unspecified"
"K64","category","K55-K64","Haemorrhoids and perianal venous thrombosis"
"K64.0","category","K64","First degree haemorrhoids"
"K64.1","category","K64","Second degree haemorrhoids"
"K64.2","category","K64","Third degree haemorrhoids"
"K64.3","category","K64","Fourth degree haemorrhoids"
"K64.4","category","K64","Residual haemorrhoidal skin tags"
"K64.5","category","K64","Perianal venous thrombosis"
"K64.8","category","K64","Other specified haemorrhoids"
"K64.9","category","K64","Haemorrhoids, unspecified"
"K65-K67","block","XI","Diseases of peritoneum"
"K65","category","K65-K67","Peritonitis"
"K65.0","category","K65","Acute peritonitis"
"K65.8","category","K65","Other peritonitis"
"K65.9","category","K65","Peritonitis, unspecified"
"K66","category","K65-K67","Other disorders of peritoneum"
"K66.0","category","K66","Peritoneal adhesions"
"K66.1","category","K66","Haemoperitoneum"
"K66.2","category","K66","Retroperitoneal fibrosis"
"K66.8","category","K66","Other specified disorders of peritoneum"
"K66.9","category","K66","Disorder of peritoneum, unspecified"
"K67","category","K65-K67","Disorders of peritoneum in infectious diseases classified elsewhere"
"K67.0","category","K67","Chlamydial peritonitis A74.8"
"K67.1","category","K67","Gonococcal peritonitis A54.8"
"K67.2","category","K67","Syphilitic peritonitis A52.7"
"K67.3","category","K67","Tuberculous peritonitis A18.3"
"K67.8","category","K67","Other disorders of peritoneum in infectious diseases classified elsewhere"
"K70-K77","block","XI","Diseases of liver"
"K70","category","K70-K77","Alcoholic liver disease"
"K70.0","category","K70","Alcoholic fatty liver"
"K70.1","category","K70","Alcoholic hepatitis"
"K70.2","category","K70","Alcoholic fibrosis and sclerosis of liver"
"K70.3","category","K70","Alcoholic cirrhosis of liver"
"K70.4","category","K70","Alcoholic hepatic failure"
"K70.9","category","K70","Alcoholic liver disease, unspecified"
"K71","category","K70-K77","Toxic liver disease"
"K71.0","category","K71","Toxic liver disease with cholestasis"
"K71.1","category","K71","Toxic liver disease with hepatic necrosis"
"K71.2","category","K71","Toxic liver disease with acute hepatitis"
"K71.3","category","K71","Toxic liver disease with chronic persistent hepatitis"
"K71.4","category","K71","Toxic liver disease with chronic lobular hepatitis"
"K71.5","category","K71","Toxic liver disease with chronic active hepatitis"
"K71.6","category","K71","Toxic liver disease with hepatitis, not elsewhere classified"
"K71.7","category","K71","Toxic liver disease with fibrosis and cirrhosis of liver"
"K71.8","category","K71","Toxic liver disease with other disorders of liver"
"K71.9","category","K71","Toxic liver disease, unspecified"
"K72","category","K70-K77","Hepatic failure, not elsewhere classified"
"K72.0","category","K72","Acute and subacute hepatic failure"
"K72.1","category","K72","Chronic hepatic failure"
"K72.9","category","K72","Hepatic failure, unspecified"
"K73","category","K70-K77","Chronic hepatitis, not elsewhere classified"
"K73.0","category","K73","Chronic persistent hepatitis, not elsewhere classified"
"K73.1","category","K73","Chronic lobular hepatitis, not elsewhere classified"
"K73.2","category","K73","Chronic active hepatitis, not elsewhere classified"
"K73.8","category","K73","Other chronic hepatitis, not elsewhere classified"
"K73.9","category","K73","Chronic hepatitis, unspecified"
"K74","category","K70-K77","Fibrosis and cirrhosis of liver"
"K74.0","category","K74","Hepatic fibrosis"
"K74.1","category","K74","Hepatic sclerosis"
"K74.2","category","K74","Hepatic fibrosis with hepatic sclerosis"
"K74.3","category","K74","Primary biliary cirrhosis"
"K74.4","category","K74","Secondary biliary cirrhosis"
"K74.5","category","K74","Biliary cirrhosis, unspecified"
"K74.6","category","K74","Other and unspecified cirrhosis of liver"
"K75","category","K70-K77","Other inflammatory liver diseases"
"K75.0","category","K75","Abscess of liver"
"K75.1","category","K75","Phlebitis of portal vein"
"K75.2","category","K75","Nonspecific reactive hepatitis"
"K75.3","category","K75","Granulomatous hepatitis, not elsewhere classified"
"K75.4","category","K75","Autoimmune hepatitis"
"K75.8","category","K75","Other specified inflammatory liver diseases"
"K75.9","category","K75","Inflammatory liver disease, unspecified"
"K76","category","K70-K77","Other diseases of liver"
"K76.0","category","K76","Fatty (change of) liver, not elsewhere classified"
"K76.1","category","K76","Chronic passive congestion of liver"
"K76.2","category","K76","Central haemorrhagic necrosis of liver"
"K76.3","category","K76","Infarction of liver"
"K76.4","category","K76","Peliosis hepatis"
"K76.5","category","K76","Hepatic veno-occlusive disease"
"K76.6","category","K76","Portal hypertension"
"K76.7","category","K76","Hepatorenal syndrome"
"K76.8","category","K76","Other specified diseases of liver"
"K76.9","category","K76","Liver disease, unspecified"
"K77","category","K70-K77","Liver disorders in diseases classified elsewhere"
"K77.0","category","K77","Liver disorders in infectious and parasitic diseases classified elsewhere"
"K77.8","category","K77","Liver disorders in other diseases classified elsewhere"
"K80-K87","block","XI","Disorders of gallbladder, biliary tract and pancreas"
"K80","category","K80-K87","Cholelithiasis"
"K80.0","category","K80","Calculus of gallbladder with acute cholecystitis"
"K80.1","category","K80","Calculus of gallbladder with other cholecystitis"
"K80.2","category","K80","Calculus of gallbladder without cholecystitis"
"K80.3","category","K80","Calculus of bile duct with cholangitis"
"K80.4","category","K80","Calculus of bile duct with cholecystitis"
"K80.5","category","K80","Calculus of bile duct without cholangitis or cholecystitis"
"K80.8","category","K80","Other cholelithiasis"
"K81","category","K80-K87","Cholecystitis"
"K81.0","category","K81","Acute cholecystitis"
"K81.1","category","K81","Chronic cholecystitis"
"K81.8","category","K81","Other cholecystitis"
"K81.9","category","K81","Cholecystitis, unspecified"
"K82","category","K80-K87","Other diseases of gallbladder"
"K82.0","category","K82","Obstruction of gallbladder"
"K82.1","category","K82","Hydrops of gallbladder"
"K82.2","category","K82","Perforation of gallbladder"
"K82.3","category","K82","Fistula of gallbladder"
"K82.4","category","K82","Cholesterolosis of gallbladder"
"K82.8","category","K82","Other specified diseases of gallbladder"
"K82.9","category","K82","Disease of gallbladder, unspecified"
"K83","category","K80-K87","Other diseases of biliary tract"
"K83.0","category","K83","Cholangitis"
"K83.1","category","K83","Obstruction of bile duct"
"K83.2","category","K83","Perforation of bile duct"
"K83.3","category","K83","Fistula of bile duct"
"K83.4","category","K83","Spasm of sphincter of Oddi"
"K83.5","category","K83","Biliary cyst"
"K83.8","category","K83","Other specified diseases of biliary tract"
"K83.9","category","K83","Disease of biliary tract, unspecified"
"K85","category","K80-K87","Acute pancreatitis"
"K85.0","category","K85","Idiopathic acute pancreatitis"
"K85.1","category","K85","Biliary acute pancreatitis"
"K85.2","category","K85","Alcohol-induced acute pancreatitis"
"K85.3","category","K85","Drug-induced acute pancreatitis"
"K85.8","category","K85","Other acute pancreatitis"
"K85.9","category","K85","Acute pancreatitis, unspecified"
"K86","category","K80-K87","Other diseases of pancreas"
"K86.0","category","K86","Alcohol-induced chronic pancreatitis"
"K86.1","category","K86","Other chronic pancreatitis"
"K86.2","category","K86","Cyst of pancreas"
"K86.3","category","K86","Pseudocyst of pancreas"
"K86.8","category","K86","Other specified diseases of pancreas"
"K86.9","category","K86","Disease of pancreas, unspecified"
"K87","category","K80-K87","Disorders of gallbladder, biliary tract and pancreas in diseases classified elsewhere"
"K87.0","category","K87","Disorders of gallbladder and biliary tract in diseases classified elsewhere"
"K87.1","category","K87","Disorders of pancreas in diseases classified elsewhere"
"K90-K93","block","XI","Other diseases of the digestive system"
"K90","category","K90-K93","Intestinal malabsorption"
"K90.0","category","K90","Coeliac disease"
"K90.1","category","K90","Tropical sprue"
"K90.2","category","K90","Blind loop syndrome, not elsewhere classified"
"K90.3","category","K90","Pancreatic steatorrhoea"
"K90.4","category","K90","Malabsorption due to intolerance, not elsewhere classified"
"K90.8","category","K90","Other intestinal malabsorption"
"K90.9","category","K90","Intestinal malabsorption, unspecified"
"K91","category","K90-K93","Postprocedural disorders of digestive system, not elsewhere classified"
"K91.0","category","K91","Vomiting following gastrointestinal surgery"
"K91.1","category","K91","Postgastric surgery syndromes"
"K91.2","category","K91","Postsurgical malabsorption, not elsewhere classified"
"K91.3","category","K91","Postoperative intestinal obstruction"
"K91.4","category","K91","Colostomy and enterostomy malfunction"
"K91.5","category","K91","Postcholecystectomy syndrome"
"K91.8","category","K91","Other postprocedural disorders of digestive system, not elsewhere classified"
"K91.9","category","K91","Postprocedural disorder of digestive system, unspecified"
"K92","category","K90-K93","Other diseases of digestive system"
"K92.0","category","K92","Haematemesis"
"K92.1","category","K92","Melaena"
"K92.2","category","K92","Gastrointestinal haemorrhage, unspecified"
"K92.8","category","K92","Other specified diseases of digestive system"
"K92.9","category","K92","Disease of digestive system, unspecified"
"K93","category","K90-K93","Disorders of other digestive organs in diseases classified elsewhere"
"K93.0","category","K93","Tuberculous disorders of intestines, peritoneum and mesenteric glands A18.3"
"K93.1","category","K93","Megacolon in Chagas disease B57.3"
"K93.8","category","K93","Disorders of other specified digestive organs in diseases classified elsewhere"
"XII","chapter","","Diseases of the skin and subcutaneous tissue"
"L00-L08","block","XII","Infections of the skin and subcutaneous tissue"
"L00","category","L00-L08","Staphylococcal scalded skin syndrome"
"L01","category","L00-L08","Impetigo"
"L01.0","category","L01","Impetigo [any organism] [any site]"
"L01.1","category","L01","Impetiginization of other dermatoses"
"L02","category","L00-L08","Cutaneous abscess, furuncle and carbuncle"
"L02.0","category","L02","Cutaneous abscess, furuncle and carbuncle of face"
"L02.1","category","L02","Cutaneous abscess, furuncle and carbuncle of neck"
"L02.2","category","L02","Cutaneous abscess, furuncle and carbuncle of trunk"
"L02.3","category","L02","Cutaneous abscess, furuncle and carbuncle of buttock"
"L02.4","category","L02","Cutaneous abscess, furuncle and carbuncle of limb"
"L02.8","category","L02","Cutaneous abscess, furuncle and carbuncle of other sites"
"L02.9","category","L02","Cutaneous abscess, furuncle and carbuncle, unspecified"
"L03","category","L00-L08","Cellulitis"
"L03.0","category","L03","Cellulitis of finger and toe"
"L03.1","category","L03","Cellulitis of other parts of limb"
"L03.2","category","L03","Cellulitis of face"
"L03.3","category","L03","Cellulitis of trunk"
"L03.8","category","L03","Cellulitis of other sites"
"L03.9","category","L03","Cellulitis, unspecified"
"L04","category","L00-L08","Acute lymphadenitis"
"L04.0","category","L04","Acute lymphadenitis of face, head and neck"
"L04.1","category","L04","Acute lymphadenitis of trunk"
"L04.2","category","L04","Acute lymphadenitis of upper limb"
"L04.3","category","L04","Acute lymphadenitis of lower limb"
"L04.8","category","L04","Acute lymphadenitis of other sites"
"L04.9","category","L04","Acute lymphadenitis, unspecified"
"L05","category","L00-L08","Pilonidal cyst"
"L05.0","category","L05","Pilonidal cyst with abscess"
"L05.9","category","L05","Pilonidal cyst without abscess"
"L08","category","L00-L08","Other local infections of skin and subcutaneous tissue"
"L08.0","category","L08","Pyoderma"
"L08.1","category","L08","Erythrasma"
"L08.8","category","L08","Other specified local infections of skin and subcutaneous tissue"
"L08.9","category","L08","Local infection of skin and subcutaneous tissue, unspecified"
"L10-L14","block","XII","Bullous disorders"
"L10","category","L10-L14","Pemphigus"
"L10.0","category","L10","Pemphigus vulgaris"
"L10.1","category","L10","Pemphigus vegetans"
"L10.2","category","L10","Pemphigus foliaceus"
"L10.3","category","L10","Brazilian pemphigus [fogo selvagem]"
"L10.4","category","L10","Pemphigus erythematosus"
"L10.5","category","L10","Drug-induced pemphigus"
"L10.8","category","L10","Other pemphigus"
"L10.9","category","L10","Pemphigus, unspecified"
"L11","category","L10-L14","Other acantholytic disorders"
"L11.0","category","L11","Acquired keratosis follicularis"
"L11.1","category","L11","Transient acantholytic dermatosis [Grover]"
"L11.8","category","L11","Other specified acantholytic disorders"
"L11.9","category","L11","Acantholytic disorder, unspecified"
"L12","category","L10-L14","Pemphigoid"
"L12.0","category","L12","Bullous pemphigoid"
"L12.1","category","L12","Cicatricial pemphigoid"
"L12.2","category","L12","Chronic bullous disease of childhood"
"L12.3","category","L12","Acquired epidermolysis bullosa"
"L12.8","category","L12","Other pemphigoid"
"L12.9","category","L12","Pemphigoid, unspecified"
"L13","category","L10-L14","Other bullous disorders"
"L13.0","category","L13","Dermatitis herpetiformis"
"L13.1","category","L13","Subcorneal pustular dermatitis"
"L13.8","category","L13","Other specified bullous disorders"
"L13.9","category","L13","Bullous disorder, unspecified"
"L14","category","L10-L14","Bullous disorders in diseases classified elsewhere"
"L20-L30","block","XII","Dermatitis and eczema"
"L20","category","L20-L30","Atopic dermatitis"
"L20.0","category","L20","Besnier prurigo"
"L20.8","category","L20","Other atopic dermatitis"
"L20.9","category","L20","Atopic dermatitis, unspecified"
"L21","category","L20-L30","Seborrhoeic dermatitis"
"L21.0","category","L21","Seborrhoea capitis"
"L21.1","category","L21","Seborrhoeic infantile dermatitis"
"L21.8","category","L21","Other seborrhoeic dermatitis"
"L21.9","category","L21","Seborrhoeic dermatitis, unspecified"
"L22","category","L20-L30","Diaper [napkin] dermatitis"
"L23","category","L20-L30","Allergic contact dermatitis"
"L23.0","category","L23","Allergic contact dermatitis due to metals"
"L23.1","category","L23","Allergic contact dermatitis due to adhesives"
"L23.2","category","L23","Allergic contact dermatitis due to cosmetics"
"L23.3","category","L23","Allergic contact dermatitis due to drugs in contact with skin"
"L23.4","category","L23","Allergic contact dermatitis due to dyes"
"L23.5","category","L23","Allergic contact dermatitis due to other chemical products"
"L23.6","category","L23","Allergic contact dermatitis due to food in contact with skin"
"L23.7","category","L23","Allergic contact dermatitis due to plants, except food"
"L23.8","category","L23","Allergic contact dermatitis due to other agents"
"L23.9","category","L23","Allergic contact dermatitis, unspecified cause"
"L24","category","L20-L30","Irritant contact dermatitis"
"L24.0","category","L24","Irritant contact dermatitis due to detergents"
"L24.1","category","L24","Irritant contact dermatitis due to oils and greases"
"L24.2","category","L24","Irritant contact dermatitis due to solvents"
"L24.3","category","L24","Irritant contact dermatitis due to cosmetics"
"L24.4","category","L24","Irritant contact dermatitis due to drugs in contact with skin"
"L24.5","category","L24","Irritant contact dermatitis due to other chemical products"
"L24.6","category","L24","Irritant contact dermatitis due to food in contact with skin"
"L24.7","category","L24","Irritant contact dermatitis due to plants, except food"
"L24.8","category","L24","Irritant contact dermatitis due to other agents"
"L24.9","category","L24","Irritant contact dermatitis, unspecified cause"
"L25","category","L20-L30","Unspecified contact dermatitis"
"L25.0","category","L25","Unspecified contact dermatitis due to cosmetics"
"L25.1","category","L25","Unspecified contact dermatitis due to drugs in contact with skin"
"L25.2","category","L25","Unspecified contact dermatitis due to dyes"
"L25.3","category","L25","Unspecified contact dermatitis due to other chemical products"
"L25.4","category","L25","Unspecified contact dermatitis due to food in contact with skin"
"L25.5","category","L25","Unspecified contact dermatitis due to plants, except food"
"L25.8","category","L25","Unspecified contact dermatitis due to other agents"
"L25.9","category","L25","Unspecified contact dermatitis, unspecified cause"
"L26","category","L20-L30","Exfoliative dermatitis"
"L27","category","L20-L30","Dermatitis due to substances taken internally"
"L27.0","category","L27","Generalized skin eruption due to drugs and medicaments"
"L27.1","category","L27","Localized skin eruption due to drugs and medicaments"
"L27.2","category","L27","Dermatitis due to ingested food"
"L27.8","category","L27","Dermatitis due to other substances taken internally"
"L27.9","category","L27","Dermatitis due to unspecified substance taken internally"
"L28","category","L20-L30","Lichen simplex chronicus and prurigo"
"L28.0","category","L28","Lichen simplex chronicus"
"L28.1","category","L28","Prurigo nodularis"
"L28.2","category","L28","Other prurigo"
"L29","category","L20-L30","Pruritus"
"L29.0","category","L29","Pruritus ani"
"L29.1","category","L29","Pruritus scroti"
"L29.2","category","L29","Pruritus vulvae"
"L29.3","category","L29","Anogenital pruritus, unspecified"
"L29.8","category","L29","Other pruritus"
"L29.9","category","L29","Pruritus, unspecified"
"L30","category","L20-L30","Other dermatitis"
"L30.0","category","L30","Nummular dermatitis"
"L30.1","category","L30","Dyshidrosis [pompholyx]"
"L30.2","category","L30","Cutaneous autosensitization"
"L30.3","category","L30","Infective dermatitis"
"L30.4","category","L30","Erythema intertrigo"
"L30.5","category","L30","Pityriasis alba"
"L30.8","category","L30","Other specified dermatitis"
"L30.9","category","L30","Dermatitis, unspecified"
"L40-L45","block","XII","Papulosquamous disorders"
"L40","category","L40-L45","Psoriasis"
"L40.0","category","L40","Psoriasis vulgaris"
"L40.1","category","L40","Generalized pustular psoriasis"
"L40.2","category","L40","Acrodermatitis continua"
"L40.3","category","L40","Pustulosis palmaris et plantaris"
"L40.4","category","L40","Guttate psoriasis"
"L40.5","category","L40","Arthropathic psoriasis M07.0-M07.3 M09.0"
"L40.8","category","L40","Other psoriasis"
"L40.9","category","L40","Psoriasis, unspecified"
"L41","category","L40-L45","Parapsoriasis"
"L41.0","category","L41","Pityriasis lichenoides et varioliformis acuta"
"L41.1","category","L41","Pityriasis lichenoides chronica"
"L41.3","category","L41","Small plaque parapsoriasis"
"L41.4","category","L41","Large plaque parapsoriasis"
"L41.5","category","L41","Retiform parapsoriasis"
"L41.8","category","L41","Other parapsoriasis"
"L41.9","category","L41","Parapsoriasis, unspecified"
"L42","category","L40-L45","Pityriasis rosea"
"L43","category","L40-L45","Lichen planus"
"L43.0","category","L43","Hypertrophic lichen planus"
"L43.1","category","L43","Bullous lichen planus"
"L43.2","category","L43","Lichenoid drug reaction"
"L43.3","category","L43","Subacute (active) lichen planus"
"L43.8","category","L43","Other lichen planus"
"L43.9","category","L43","Lichen planus, unspecified"
"L44","category","L40-L45","Other papulosquamous disorders"
"L44.0","category","L44","Pityriasis rubra pilaris"
"L44.1","category","L44","Lichen nitidus"
"L44.2","category","L44","Lichen striatus"
"L44.3","category","L44","Lichen ruber moniliformis"
"L44.4","category","L44","Infantile papular acrodermatitis [Giannotti-Crosti]"
"L44.8","category","L44","Other specified papulosquamous disorders"
"L44.9","category","L44","Papulosquamous disorder, unspecified"
"L45","category","L40-L45","Papulosquamous disorders in diseases classified elsewhere"
"L50-L54","block","XII","Urticaria and erythema"
"L50","category","L50-L54","Urticaria"
"L50.0","category","L50","Allergic urticaria"
"L50.1","category","L50","Idiopathic urticaria"
"L50.2","category","L50","Urticaria due to cold and heat"
"L50.3","category","L50","Dermatographic urticaria"
"L50.4","category","L50","Vibratory urticaria"
"L50.5","category","L50","Cholinergic urticaria"
"L50.6","category","L50","Contact urticaria"
"L50.8","category","L50","Other urticaria"
"L50.9","category","L50","Urticaria, unspecified"
"L51","category","L50-L54","Erythema multiforme"
"L51.0","category","L51","Nonbullous erythema multiforme"
"L51.1","category","L51","Bullous erythema multiforme"
"L51.2","category","L51","Toxic epidermal necrolysis [Lyell]"
"L51.8","category","L51","Other erythema multiforme"
"L51.9","category","L51","Erythema multiforme, unspecified"
"L52","category","L50-L54","Erythema nodosum"
"L53","category","L50-L54","Other erythematous conditions"
"L53.0","category","L53","Toxic erythema"
"L53.1","category","L53","Erythema annulare centrifugum"
"L53.2","category","L53","Erythema marginatum"
"L53.3","category","L53","Other chronic figurate erythema"
"L53.8","category","L53","Other specified erythematous conditions"
"L53.9","category","L53","Erythematous condition, unspecified"
"L54","category","L50-L54","Erythema in diseases classified elsewhere"
"L54.0","category","L54","Erythema marginatum in acute rheumatic fever I00"
"L54.8","category","L54","Erythema in other diseases classified elsewhere"
"L55-L59","block","XII","Radiation-related disorders of the skin and subcutaneous tissue"
"L55","category","L55-L59","Sunburn"
"L55.0","category","L55","Sunburn of first degree"
"L55.1","category","L55","Sunburn of second degree"
"L55.2","category","L55","Sunburn of third degree"
"L55.8","category","L55","Other sunburn"
"L55.9","category","L55","Sunburn, unspecified"
"L56","category","L55-L59","Other acute skin changes due to ultraviolet radiation"
"L56.0","category","L56","Drug phototoxic response"
"L56.1","category","L56","Drug photoallergic response"
"L56.2","category","L56","Photocontact dermatitis [berloque dermatitis]"
"L56.3","category","L56","Solar urticaria"
"L56.4","category","L56","Polymorphous light eruption"
"L56.8","category","L56","Other specified acute skin changes due to ultraviolet radiation"
"L56.9","category","L56","Acute skin change due to ultraviolet radiation, unspecified"
"L57","category","L55-L59","Skin changes due to chronic exposure to nonionizing radiation"
"L57.0","category","L57","Actinic keratosis"
"L57.1","category","L57","Actinic reticuloid"
"L57.2","category","L57","Cutis rhomboidalis nuchae"
"L57.3","category","L57","Poikiloderma of Civatte"
"L57.4","category","L57","Cutis laxa senilis"
"L57.5","category","L57","Actinic granuloma"
"L57.8","category","L57","Other skin changes due to chronic exposure to nonionizing radiation"
"L57.9","category","L57","Skin changes due to chronic exposure to nonionizing radiation, unspecified"
"L58","category","L55-L59","Radiodermatitis"
"L58.0","category","L58","Acute radiodermatitis"
"L58.1","category","L58","Chronic radiodermatitis"
"L58.9","category","L58","Radiodermatitis, unspecified"
"L59","category","L55-L59","Other disorders of skin and subcutaneous tissue related to radiation"
"L59.0","category","L59","Erythema ab igne [dermatitis ab igne]"
"L59.8","category","L59","Other specified disorders of skin and subcutaneous tissue related to radiation"
"L59.9","category","L59","Disorder of skin and subcutaneous tissue related to radiation, unspecified"
"L60-L75","block","XII","Disorders of skin appendages"
"L60","category","L60-L75","Nail disorders"
"L60.0","category","L60","Ingrowing nail"
"L60.1","category","L60","Onycholysis"
"L60.2","category","L60","Onychogryphosis"
"L60.3","category","L60","Nail dystrophy"
"L60.4","category","L60","Beau lines"
"L60.5","category","L60","Yellow nail syndrome"
"L60.8","category","L60","Other nail disorders"
"L60.9","category","L60","Nail disorder, unspecified"
"L62","category","L60-L75","Nail disorders in diseases classified elsewhere"
"L62.0","category","L62","Clubbed nail pachydermoperiostosis M89.4"
"L62.8","category","L62","Nail disorders in other diseases classified elsewhere"
"L63","category","L60-L75","Alopecia areata"
"L63.0","category","L63","Alopecia (capitis) totalis"
"L63.1","category","L63","Alopecia universalis"
"L63.2","category","L63","Ophiasis"
"L63.8","category","L63","Other alopecia areata"
"L63.9","category","L63","Alopecia areata, unspecified"
"L64","category","L60-L75","Androgenic alopecia"
"L64.0","category","L64","Drug-induced androgenic alopecia"
"L64.8","category","L64","Other androgenic alopecia"
"L64.9","category","L64","Androgenic alopecia, unspecified"
"L65","category","L60-L75","Other nonscarring hair loss"
"L65.0","category","L65","Telogen effluvium"
"L65.1","category","L65","Anagen effluvium"
"L65.2","category","L65","Alopecia mucinosa"
"L65.8","category","L65","Other specified nonscarring hair loss"
"L65.9","category","L65","Nonscarring hair loss, unspecified"
"L66","category","L60-L75","Cicatricial alopecia [scarring hair loss]"
"L66.0","category","L66","Pseudopelade"
"L66.1","category","L66","Lichen planopilaris"
"L66.2","category","L66","Folliculitis decalvans"
"L66.3","category","L66","Perifolliculitis capitis abscedens"
"L66.4","category","L66","Folliculitis ulerythematosa reticulata"
"L66.8","category","L66","Other cicatricial alopecia"
"L66.9","category","L66","Cicatricial alopecia, unspecified"
"L67","category","L60-L75","Hair colour and hair shaft abnormalities"
"L67.0","category","L67","Trichorrhexis nodosa"
"L67.1","category","L67","Variations in hair colour"
"L67.8","category","L67","Other hair colour and hair shaft abnormalities"
"L67.9","category","L67","Hair colour and hair shaft abnormality, unspecified"
"L68","category","L60-L75","Hypertrichosis"
"L68.0","category","L68","Hirsutism"
"L68.1","category","L68","Acquired hypertrichosis lanuginosa"
"L68.2","category","L68","Localized hypertrichosis"
"L68.3","category","L68","Polytrichia"
"L68.8","category","L68","Other hypertrichosis"
"L68.9","category","L68","Hypertrichosis, unspecified"
"L70","category","L60-L75","Acne"
"L70.0","category","L70","Acne vulgaris"
"L70.1","category","L70","Acne conglobata"
"L70.2","category","L70","Acne varioliformis"
"L70.3","category","L70","Acne tropica"
"L70.4","category","L70","Infantile acne"
"L70.5","category","L70","Acné excoriée"
"L70.8","category","L70","Other acne"
"L70.9","category","L70","Acne, unspecified"
"L71","category","L60-L75","Rosacea"
"L71.0","category","L71","Perioral dermatitis"
"L71.1","category","L71","Rhinophyma"
"L71.8","category","L71","Other rosacea"
"L71.9","category","L71","Rosacea, unspecified"
"L72","category","L60-L75","Follicular cysts of skin and subcutaneous tissue"
"L72.0","category","L72","Epidermal cyst"
"L72.1","category","L72","Trichilemmal cyst"
"L72.2","category","L72","Steatocystoma multiplex"
"L72.8","category","L72","Other follicular cysts of skin and subcutaneous tissue"
"L72.9","category","L72","Follicular cyst of skin and subcutaneous tissue, unspecified"
"L73","category","L60-L75","Other follicular disorders"
"L73.0","category","L73","Acne keloid"
"L73.1","category","L73","Pseudofolliculitis barbae"
"L73.2","category","L73","Hidradenitis suppurativa"
"L73.8","category","L73","Other specified follicular disorders"
"L73.9","category","L73","Follicular disorder, unspecified"
"L74","category","L60-L75","Eccrine sweat disorders"
"L74.0","category","L74","Miliaria rubra"
"L74.1","category","L74","Miliaria crystallina"
"L74.2","category","L74","Miliaria profunda"
"L74.3","category","L74","Miliaria, unspecified"
"L74.4","category","L74","Anhidrosis"
"L74.8","category","L74","Other eccrine sweat disorders"
"L74.9","category","L74","Eccrine sweat disorder, unspecified"
"L75","category","L60-L75","Apocrine sweat disorders"
"L75.0","category","L75","Bromhidrosis"
"L75.1","category","L75","Chromhidrosis"
"L75.2","category","L75","Apocrine miliaria"
"L75.8","category","L75","Other apocrine sweat disorders"
"L75.9","category","L75","Apocrine sweat disorder, unspecified"
"L80-L99","block","XII","Other disorders of the skin and subcutaneous tissue"
"L80","category","L80-L99","Vitiligo"
"L81","category","L80-L99","Other disorders of pigmentation"
"L81.0","category","L81","Postinflammatory hyperpigmentation"
"L81.1","category","L81","Chloasma"
"L81.2","category","L81","Freckles"
"L81.3","category","L81","Café au lait spots"
"L81.4","category","L81","Other melanin hyperpigmentation"
"L81.5","category","L81","Leukoderma, not elsewhere classified"
"L81.6","category","L81","Other disorders of diminished melanin formation"
"L81.7","category","L81","Pigmented purpuric dermatosis"
"L81.8","category","L81","Other specified disorders of pigmentation"
"L81.9","category","L81","Disorder of pigmentation, unspecified"
"L82","category","L80-L99","Seborrhoeic keratosis"
"L83","category","L80-L99","Acanthosis nigricans"
"L84","category","L80-L99","Corns and callosities"
"L85","category","L80-L99","Other epidermal thickening"
"L85.0","category","L85","Acquired ichthyosis"
"L85.1","category","L85","Acquired keratosis [keratoderma] palmaris et plantaris"
"L85.2","category","L85","Keratosis punctata (palmaris et plantaris)"
"L85.3","category","L85","Xerosis cutis"
"L85.8","category","L85","Other specified epidermal thickening"
"L85.9","category","L85","Epidermal thickening, unspecified"
"L86","category","L80-L99","Keratoderma in diseases classified elsewhere"
"L87","category","L80-L99","Transepidermal elimination disorders"
"L87.0","category","L87","Keratosis follicularis et parafollicularis in cutem penetrans [Kyrle]"
"L87.1","category","L87","Reactive perforating collagenosis"
"L87.2","category","L87","Elastosis perforans serpiginosa"
"L87.8","category","L87","Other transepidermal elimination disorders"
"L87.9","category","L87","Transepidermal elimination disorder, unspecified"
"L88","category","L80-L99","Pyoderma gangrenosum"
"L89","category","L80-L99","Decubitus ulcer and pressure area"
"L89.0","category","L89","Stage I decubitus ulcer and pressure area"
"L89.1","category","L89","Stage II decubitus ulcer"
"L89.2","category","L89","Stage III decubitus ulcer"
"L89.3","category","L89","Stage IV decubitus ulcer"
"L89.9","category","L89","Decubitus ulcer and pressure area, unspecified"
"L90","category","L80-L99","Atrophic disorders of skin"
"L90.0","category","L90","Lichen sclerosus et atrophicus"
"L90.1","category","L90","Anetoderma of Schweninger-Buzzi"
"L90.2","category","L90","Anetoderma of Jadassohn-Pellizzari"
"L90.3","category","L90","Atrophoderma of Pasini and Pierini"
"L90.4","category","L90","Acrodermatitis chronica atrophicans"
"L90.5","category","L90","Scar conditions and fibrosis of skin"
"L90.6","category","L90","Striae atrophicae"
"L90.8","category","L90","Other atrophic disorders of skin"
"L90.9","category","L90","Atrophic disorder of skin, unspecified"
"L91","category","L80-L99","Hypertrophic disorders of skin"
"L91.0","category","L91","Hypertrophic scar"
"L91.8","category","L91","Other hypertrophic disorders of skin"
"L91.9","category","L91","Hypertrophic disorder of skin, unspecified"
"L92","category","L80-L99","Granulomatous disorders of skin and subcutaneous tissue"
"L92.0","category","L92","Granuloma annulare"
"L92.1","category","L92","Necrobiosis lipoidica, not elsewhere classified"
"L92.2","category","L92","Granuloma faciale [eosinophilic granuloma of skin]"
"L92.3","category","L92","Foreign body granuloma of skin and subcutaneous tissue"
"L92.8","category","L92","Other granulomatous disorders of skin and subcutaneous tissue"
"L92.9","category","L92","Granulomatous disorder of skin and subcutaneous tissue, unspecified"
"L93","category","L80-L99","Lupus erythematosus"
"L93.0","category","L93","Discoid lupus erythematosus"
"L93.1","category","L93","Subacute cutaneous lupus erythematosus"
"L93.2","category","L93","Other local lupus erythematosus"
"L94","category","L80-L99","Other localized connective tissue disorders"
"L94.0","category","L94","Localized scleroderma [morphea]"
"L94.1","category","L94","Linear scleroderma"
"L94.2","category","L94","Calcinosis cutis"
"L94.3","category","L94","Sclerodactyly"
"L94.4","category","L94","Gottron papules"
"L94.5","category","L94","Poikiloderma vasculare atrophicans"
"L94.6","category","L94","Ainhum"
"L94.8","category","L94","Other specified localized connective tissue disorders"
"L94.9","category","L94","Localized connective tissue disorder, unspecified"
"L95","category","L80-L99","Vasculitis limited to skin, not elsewhere classified"
"L95.0","category","L95","Livedoid vasculitis"
"L95.1","category","L95","Erythema elevatum diutinum"
"L95.8","category","L95","Other vasculitis limited to skin"
"L95.9","category","L95","Vasculitis limited to skin, unspecified"
"L97","category","L80-L99","Ulcer of lower limb, not elsewhere classified"
"L98","category","L80-L99","Other disorders of skin and subcutaneous tissue, not elsewhere classified"
"L98.0","category","L98","Pyogenic granuloma"
"L98.1","category","L98","Factitial dermatitis"
"L98.2","category","L98","Febrile neutrophilic dermatosis [Sweet]"
"L98.3","category","L98","Eosinophilic cellulitis [Wells]"
"L98.4","category","L98","Chronic ulcer of skin, not elsewhere classified"
"L98.5","category","L98","Mucinosis of skin"
"L98.6","category","L98","Other infiltrative disorders of skin and subcutaneous tissue"
"L98.7","category","L98","Excessive and redundant skin and subcutaneous tissue"
"L98.8","category","L98","Other specified disorders of skin and subcutaneous tissue"
"L98.9","category","L98","Disorder of skin and subcutaneous tissue, unspecified"
"L99","category","L80-L99","Other disorders of skin and subcutaneous tissue in diseases classified elsewhere"
"L99.0","category","L99","Amyloidosis of skin E85.-"
"L99.8","category","L99","Other specified disorders of skin and subcutaneous tissue in diseases classified elsewhere"
"XIII","chapter","","Diseases of the musculoskeletal system and connective tissue"
"M00-M25","block","XIII","Arthropathies"
"M00-M03","block","M00-M25","Infectious arthropathies"
"M00","category","M00-M03","Pyogenic arthritis"
"M00.0","category","M00","Staphylococcal arthritis and polyarthritis"
"M00.1","category","M00","Pneumococcal arthritis and polyarthritis"
"M00.2","category","M00","Other streptococcal arthritis and polyarthritis"
"M00.8","category","M00","Arthritis and polyarthritis due to other specified bacterial agents"
"M00.9","category","M00","Pyogenic arthritis, unspecified"
"M01","category","M00-M03","Direct infections of joint in infectious and parasitic diseases classified elsewhere"
"M01.0","category","M01","Meningococcal arthritis A39.8"
"M01.1","category","M01","Tuberculous arthritis A18.0"
"M01.2","category","M01","Arthritis in Lyme disease A69.2"
"M01.3","category","M01","Arthritis in other bacterial diseases classified elsewhere"
"M01.4","category","M01","Rubella arthritis B06.8"
"M01.5","category","M01","Arthritis in other viral diseases classified elsewhere"
"M01.6","category","M01","Arthritis in mycoses B35-B49"
"M01.8","category","M01","Arthritis in other infectious and parasitic diseases classified elsewhere"
"M02","category","M00-M03","Reactive arthropathies"
"M02.0","category","M02","Arthropathy following intestinal bypass"
"M02.1","category","M02","Postdysenteric arthropathy"
"M02.2","category","M02","Postimmunization arthropathy"
"M02.3","category","M02","Reiter disease"
"M02.8","category","M02","Other reactive arthropathies"
"M02.9","category","M02","Reactive arthropathy, unspecified"
"M03","category","M00-M03","Postinfective and reactive arthropathies in diseases classified elsewhere"
"M03.0","category","M03","Postmeningococcal arthritis A39.8"
"M03.1","category","M03","Postinfective arthropathy in syphilis"
"M03.2","category","M03","Other postinfectious arthropathies in diseases classified elsewhere"
"M03.6","category","M03","Reactive arthropathy in other diseases classified elsewhere"
"M05-M14","block","M00-M25","Inflammatory polyarthropathies"
"M05","category","M05-M14","Seropositive rheumatoid arthritis"
"M05.0","category","M05","Felty syndrome"
"M05.1","category","M05","Rheumatoid lung disease J99.0"
"M05.2","category","M05","Rheumatoid vasculitis"
"M05.3","category","M05","Rheumatoid arthritis with involvement of other organs and systems"
"M05.8","category","M05","Other seropositive rheumatoid arthritis"
"M05.9","category","M05","Seropositive rheumatoid arthritis, unspecified"
"M06","category","M05-M14","Other rheumatoid arthritis"
"M06.0","category","M06","Seronegative rheumatoid arthritis"
"M06.1","category","M06","Adult-onset Still disease"
"M06.2","category","M06","Rheumatoid bursitis"
"M06.3","category","M06","Rheumatoid nodule"
"M06.4","category","M06","Inflammatory polyarthropathy"
"M06.8","category","M06","Other specified rheumatoid arthritis"
"M06.9","category","M06","Rheumatoid arthritis, unspecified"
"M07","category","M05-M14","Psoriatic and enteropathic arthropathies"
"M07.0","category","M07","Distal interphalangeal psoriatic arthropathy L40.5"
"M07.1","category","M07","Arthritis mutilans L40.5"
"M07.2","category","M07","Psoriatic spondylitis L40.5"
"M07.3","category","M07","Other psoriatic arthropathies L40.5"
"M07.4","category","M07","Arthropathy in Crohn disease [regional enteritis] K50.-"
"M07.5","category","M07","Arthropathy in ulcerative colitis K51.-"
"M07.6","category","M07","Other enteropathic arthropathies"
"M08","category","M05-M14","Juvenile arthritis"
"M08.0","category","M08","Juvenile rheumatoid arthritis"
"M08.1","category","M08","Juvenile ankylosing spondylitis"
"M08.2","category","M08","Juvenile arthritis with systemic onset"
"M08.3","category","M08","Juvenile polyarthritis (seronegative)"
"M08.4","category","M08","Pauciarticular juvenile arthritis"
"M08.8","category","M08","Other juvenile arthritis"
"M08.9","category","M08","Juvenile arthritis, unspecified"
"M09","category","M05-M14","Juvenile arthritis in diseases classified elsewhere"
"M09.0","category","M09","Juvenile arthritis in psoriasis L40.5"
"M09.1","category","M09","Juvenile arthritis in Crohn disease [regional enteritis] K50.-"
"M09.2","category","M09","Juvenile arthritis in ulcerative colitis K51.-"
"M09.8","category","M09","Juvenile arthritis in other diseases classified elsewhere"
"M10","category","M05-M14","Gout"
"M10.0","category","M10","Idiopathic gout"
"M10.1","category","M10","Lead-induced gout"
"M10.2","category","M10","Drug-induced gout"
"M10.3","category","M10","Gout due to impairment of renal function"
"M10.4","category","M10","Other secondary gout"
"M10.9","category","M10","Gout, unspecified"
"M11","category","M05-M14","Other crystal arthropathies"
"M11.0","category","M11","Hydroxyapatite deposition disease"
"M11.1","category","M11","Familial chondrocalcinosis"
"M11.2","category","M11","Other chondrocalcinosis"
"M11.8","category","M11","Other specified crystal arthropathies"
"M11.9","category","M11","Crystal arthropathy, unspecified"
"M12","category","M05-M14","Other specific arthropathies"
"M12.0","category","M12","Chronic postrheumatic arthropathy [Jaccoud]"
"M12.1","category","M12","Kaschin-Beck disease"
"M12.2","category","M12","Villonodular synovitis (pigmented)"
"M12.3","category","M12","Palindromic rheumatism"
"M12.4","category","M12","Intermittent hydrarthrosis"
"M12.5","category","M12","Traumatic arthropathy"
"M12.8","category","M12","Other specific arthropathies, not elsewhere classified"
"M13","category","M05-M14","Other arthritis"
"M13.0","category","M13","Polyarthritis, unspecified"
"M13.1","category","M13","Monoarthritis, not elsewhere classified"
"M13.8","category","M13","Other specified arthritis"
"M13.9","category","M13","Arthritis, unspecified"
"M14","category","M05-M14","Arthropathies in other diseases classified elsewhere"
"M14.0","category","M14","Gouty arthropathy due to enzyme defects and other inherited disorders"
"M14.1","category","M14","Crystal arthropathy in other metabolic disorders"
"M14.2","category","M14","Diabetic arthropathy E10-E14 with common fourth character .6"
"M14.3","category","M14","Lipoid dermatoarthritis E78.8"
"M14.4","category","M14","Arthropathy in amyloidosis E85.-"
"M14.5","category","M14","Arthropathies in other endocrine, nutritional and metabolic disorders"
"M14.6","category","M14","Neuropathic arthropathy"
"M14.8","category","M14","Arthropathies in other specified diseases classified elsewhere"
"M15-M19","block","M00-M25","Arthrosis"
"M15","category","M15-M19","Polyarthrosis"
"M15.0","category","M15","Primary generalized (osteo)arthrosis"
"M15.1","category","M15","Heberden nodes (with arthropathy)"
"M15.2","category","M15","Bouchard nodes (with arthropathy)"
"M15.3","category","M15","Secondary multiple arthrosis"
"M15.4","category","M15","Erosive (osteo)arthrosis"
"M15.8","category","M15","Other polyarthrosis"
"M15.9","category","M15","Polyarthrosis, unspecified"
"M16","category","M15-M19","Coxarthrosis [arthrosis of hip]"
"M16.0","category","M16","Primary coxarthrosis, bilateral"
"M16.1","category","M16","Other primary coxarthrosis"
"M16.2","category","M16","Coxarthrosis resulting from dysplasia, bilateral"
"M16.3","category","M16","Other dysplastic coxarthrosis"
"M16.4","category","M16","Post-traumatic coxarthrosis, bilateral"
"M16.5","category","M16","Other post-traumatic coxarthrosis"
"M16.6","category","M16","Other secondary coxarthrosis, bilateral"
"M16.7","category","M16","Other secondary coxarthrosis"
"M16.9","category","M16","Coxarthrosis, unspecified"
"M17","category","M15-M19","Gonarthrosis [arthrosis of knee]"
"M17.0","category","M17","Primary gonarthrosis, bilateral"
"M17.1","category","M17","Other primary gonarthrosis"
"M17.2","category","M17","Post-traumatic gonarthrosis, bilateral"
"M17.3","category","M17","Other post-traumatic gonarthrosis"
"M17.4","category","M17","Other secondary gonarthrosis, bilateral"
"M17.5","category","M17","Other secondary gonarthrosis"
"M17.9","category","M17","Gonarthrosis, unspecified"
"M18","category","M15-M19","Arthrosis of first carpometacarpal joint"
"M18.0","category","M18","Primary arthrosis of first carpometacarpal joints, bilateral"
"M18.1","category","M18","Other primary arthrosis of first carpometacarpal joint"
"M18.2","category","M18","Post-traumatic arthrosis of first carpometacarpal joints, bilateral"
"M18.3","category","M18","Other post-traumatic arthrosis of first carpometacarpal joint"
"M18.4","category","M18","Other secondary arthrosis of first carpometacarpal joints, bilateral"
"M18.5","category","M18","Other secondary arthrosis of first carpometacarpal joint"
"M18.9","category","M18","Arthrosis of first carpometacarpal joint, unspecified"
"M19","category","M15-M19","Other arthrosis"
"M19.0","category","M19","Primary arthrosis of other joints"
"M19.1","category","M19","Post-traumatic arthrosis of other joints"
"M19.2","category","M19","Other secondary arthrosis"
"M19.8","category","M19","Other specified arthrosis"
"M19.9","category","M19","Arthrosis, unspecified"
"M20-M25","block","M00-M25","Other joint disorders"
"M20","category","M20-M25","Acquired deformities of fingers and toes"
"M20.0","category","M20","Deformity of finger(s)"
"M20.1","category","M20","Hallux valgus (acquired)"
"M20.2","category","M20","Hallux rigidus"
"M20.3","category","M20","Other deformity of hallux (acquired)"
"M20.4","category","M20","Other hammer toe(s) (acquired)"
"M20.5","category","M20","Other deformities of toe(s) (acquired)"
"M20.6","category","M20","Acquired deformity of toe(s), unspecified"
"M21","category","M20-M25","Other acquired deformities of limbs"
"M21.0","category","M21","Valgus deformity, not elsewhere classified"
"M21.1","category","M21","Varus deformity, not elsewhere classified"
"M21.2","category","M21","Flexion deformity"
"M21.3","category","M21","Wrist or foot drop (acquired)"
"M21.4","category","M21","Flat foot [pes planus] (acquired)"
"M21.5","category","M21","Acquired clawhand, clubhand, clawfoot and clubfoot"
"M21.6","category","M21","Other acquired deformities of ankle and foot"
"M21.7","category","M21","Unequal limb length (acquired)"
"M21.8","category","M21","Other specified acquired deformities of limbs"
"M21.9","category","M21","Acquired deformity of limb, unspecified"
"M22","category","M20-M25","Disorders of patella"
"M22.0","category","M22","Recurrent dislocation of patella"
"M22.1","category","M22","Recurrent subluxation of patella"
"M22.2","category","M22","Patellofemoral disorders"
"M22.3","category","M22","Other derangements of patella"
"M22.4","category","M22","Chondromalacia patellae"
"M22.8","category","M22","Other disorders of patella"
"M22.9","category","M22","Disorder of patella, unspecified"
"M23","category","M20-M25","Internal derangement of knee"
"M23.0","category","M23","Cystic meniscus"
"M23.1","category","M23","Discoid meniscus (congenital)"
"M23.2","category","M23","Derangement of meniscus due to old tear or injury"
"M23.3","category","M23","Other meniscus derangements"
"M23.4","category","M23","Loose body in knee"
"M23.5","category","M23","Chronic instability of knee"
"M23.6","category","M23","Other spontaneous disruption of ligament(s) of knee"
"M23.8","category","M23","Other internal derangements of knee"
"M23.9","category","M23","Internal derangement of knee, unspecified"
"M24","category","M20-M25","Other specific joint derangements"
"M24.0","category","M24","Loose body in joint"
"M24.1","category","M24","Other articular cartilage disorders"
"M24.2","category","M24","Disorder of ligament"
"M24.3","category","M24","Pathological dislocation and subluxation of joint, not elsewhere classified"
"M24.4","category","M24","Recurrent dislocation and subluxation of joint"
"M24.5","category","M24","Contracture of joint"
"M24.6","category","M24","Ankylosis of joint"
"M24.7","category","M24","Protrusio acetabuli"
"M24.8","category","M24","Other specific joint derangements, not elsewhere classified"
"M24.9","category","M24","Joint derangement, unspecified"
"M25","category","M20-M25","Other joint disorders, not elsewhere classified"
"M25.0","category","M25","Haemarthrosis"
"M25.1","category","M25","Fistula of joint"
"M25.2","category","M25","Flail joint"
"M25.3","category","M25","Other instability of joint"
"M25.4","category","M25","Effusion of joint"
"M25.5","category","M25","Pain in joint"
"M25.6","category","M25","Stiffness of joint, not elsewhere classified"
"M25.7","category","M25","Osteophyte"
"M25.8","category","M25","Other specified joint disorders"
"M25.9","category","M25","Joint disorder, unspecified"
"M30-M36","block","XIII","Systemic connective tissue disorders"
"M30","category","M30-M36","Polyarteritis nodosa and related conditions"
"M30.0","category","M30","Polyarteritis nodosa"
"M30.1","category","M30","Polyarteritis with lung involvement [Churg-Strauss]"
"M30.2","category","M30","Juvenile polyarteritis"
"M30.3","category","M30","Mucocutaneous lymph node syndrome [Kawasaki]"
"M30.8","category","M30","Other conditions related to polyarteritis nodosa"
"M31","category","M30-M36","Other necrotizing vasculopathies"
"M31.0","category","M31","Hypersensitivity angiitis"
"M31.1","category","M31","Thrombotic microangiopathy"
"M31.3","category","M31","Wegener granulomatosis"
"M31.4","category","M31","Aortic arch syndrome [Takayasu]"
"M31.5","category","M31","Giant cell arteritis with polymyalgia rheumatica"
"M31.6","category","M31","Other giant cell arteritis"
"M31.7","category","M31","Microscopic polyangiitis"
"M31.8","category","M31","Other specified necrotizing vasculopathies"
"M31.9","category","M31","Necrotizing vasculopathy, unspecified"
"M32","category","M30-M36","Systemic lupus erythematosus"
"M32.0","category","M32","Drug-induced systemic lupus erythematosus"
"M32.1","category","M32","Systemic lupus erythematosus with organ or system involvement"
"M32.8","category","M32","Other forms of systemic lupus erythematosus"
"M32.9","category","M32","Systemic lupus erythematosus, unspecified"
"M33","category","M30-M36","Dermatopolymyositis"
"M33.0","category","M33","Juvenile dermatomyositis"
"M33.1","category","M33","Other dermatomyositis"
"M33.2","category","M33","Polymyositis"
"M33.9","category","M33","Dermatopolymyositis, unspecified"
"M34","category","M30-M36","Systemic sclerosis"
"M34.0","category","M34","Progressive systemic sclerosis"
"M34.1","category","M34","CR(E)ST syndrome"
"M34.2","category","M34","Systemic sclerosis induced by drugs and chemicals"
"M34.8","category","M34","Other forms of systemic sclerosis"
"M34.9","category","M34","Systemic sclerosis, unspecified"
"M35","category","M30-M36","Other systemic involvement of connective tissue"
"M35.0","category","M35","Sicca syndrome [Sjögren]"
"M35.1","category","M35","Other overlap syndromes"
"M35.2","category","M35","Behçet disease"
"M35.3","category","M35","Polymyalgia rheumatica"
"M35.4","category","M35","Diffuse (eosinophilic) fasciitis"
"M35.5","category","M35","Multifocal fibrosclerosis"
"M35.6","category","M35","Relapsing panniculitis [Weber-Christian]"
"M35.7","category","M35","Hypermobility syndrome"
"M35.8","category","M35","Other specified systemic involvement of connective tissue"
"M35.9","category","M35","Systemic involvement of connective tissue, unspecified"
"M36","category","M30-M36","Systemic disorders of connective tissue in diseases classified elsewhere"
"M36.0","category","M36","Dermato(poly)myositis in neoplastic disease C00-D48"
"M36.1","category","M36","Arthropathy in neoplastic disease C00-D48"
"M36.2","category","M36","Haemophilic arthropathy D66-D68"
"M36.3","category","M36","Arthropathy in other blood disorders D50-D76"
"M36.4","category","M36","Arthropathy in hypersensitivity reactions classified elsewhere"
"M36.8","category","M36","Systemic disorders of connective tissue in other diseases classified elsewhere"
"M40-M54","block","XIII","Dorsopathies"
"M40-M43","block","M40-M54","Deforming dorsopathies"
"M40","category","M40-M43","Kyphosis and lordosis"
"M40.0","category","M40","Postural kyphosis"
"M40.1","category","M40","Other secondary kyphosis"
"M40.2","category","M40","Other and unspecified kyphosis"
"M40.3","category","M40","Flatback syndrome"
"M40.4","category","M40","Other lordosis"
"M40.5","category","M40","Lordosis, unspecified"
"M41","category","M40-M43","Scoliosis"
"M41.0","category","M41","Infantile idiopathic scoliosis"
"M41.1","category","M41","Juvenile idiopathic scoliosis"
"M41.2","category","M41","Other idiopathic scoliosis"
"M41.3","category","M41","Thoracogenic scoliosis"
"M41.4","category","M41","Neuromuscular scoliosis"
"M41.5","category","M41","Other secondary scoliosis"
"M41.8","category","M41","Other forms of scoliosis"
"M41.9","category","M41","Scoliosis, unspecified"
"M42","category","M40-M43","Spinal osteochondrosis"
"M42.0","category","M42","Juvenile osteochondrosis of spine"
"M42.1","category","M42","Adult osteochondrosis of spine"
"M42.9","category","M42","Spinal osteochondrosis, unspecified"
"M43","category","M40-M43","Other deforming dorsopathies"
"M43.0","category","M43","Spondylolysis"
"M43.1","category","M43","Spondylolisthesis"
"M43.2","category","M43","Other fusion of spine"
"M43.3","category","M43","Recurrent atlantoaxial subluxation with myelopathy"
"M43.4","category","M43","Other recurrent atlantoaxial subluxation"
"M43.5","category","M43","Other recurrent vertebral subluxation"
"M43.6","category","M43","Torticollis"
"M43.8","category","M43","Other specified deforming dorsopathies"
"M43.9","category","M43","Deforming dorsopathy, unspecified"
"M45-M49","block","M40-M54","Spondylopathies"
"M45","category","M45-M49","Ankylosing spondylitis"
"M46","category","M45-M49","Other inflammatory spondylopathies"
"M46.0","category","M46","Spinal enthesopathy"
"M46.1","category","M46","Sacroiliitis, not elsewhere classified"
"M46.2","category","M46","Osteomyelitis of vertebra"
"M46.3","category","M46","Infection of intervertebral disc (pyogenic)"
"M46.4","category","M46","Discitis, unspecified"
"M46.5","category","M46","Other infective spondylopathies"
"M46.8","category","M46","Other specified inflammatory spondylopathies"
"M46.9","category","M46","Inflammatory spondylopathy, unspecified"
"M47","category","M45-M49","Spondylosis"
"M47.0","category","M47","Anterior spinal and vertebral artery compression syndromes G99.2"
"M47.1","category","M47","Other spondylosis with myelopathy"
"M47.2","category","M47","Other spondylosis with radiculopathy"
"M47.8","category","M47","Other spondylosis"
"M47.9","category","M47","Spondylosis, unspecified"
"M48","category","M45-M49","Other spondylopathies"
"M48.0","category","M48","Spinal stenosis"
"M48.1","category","M48","Ankylosing hyperostosis [Forestier]"
"M48.2","category","M48","Kissing spine"
"M48.3","category","M48","Traumatic spondylopathy"
"M48.4","category","M48","Fatigue fracture of vertebra"
"M48.5","category","M48","Collapsed vertebra, not elsewhere classified"
"M48.8","category","M48","Other specified spondylopathies"
"M48.9","category","M48","Spondylopathy, unspecified"
"M49","category","M45-M49","Spondylopathies in diseases classified elsewhere"
"M49.0","category","M49","Tuberculosis of spine A18.0"
"M49.1","category","M49","Brucella spondylitis A23.-"
"M49.2","category","M49","Enterobacterial spondylitis A01-A04"
"M49.3","category","M49","Spondylopathy in other infectious and parasitic diseases classified elsewhere"
"M49.4","category","M49","Neuropathic spondylopathy"
"M49.5","category","M49","Collapsed vertebra in diseases classified elsewhere"
"M49.8","category","M49","Spondylopathy in other diseases classified elsewhere"
"M50-M54","block","M40-M54","Other dorsopathies"
"M50","category","M50-M54","Cervical disc disorders"
"M50.0","category","M50","Cervical disc disorder with myelopathy G99.2"
"M50.1","category","M50","Cervical disc disorder with radiculopathy"
"M50.2","category","M50","Other cervical disc displacement"
"M50.3","category","M50","Other cervical disc degeneration"
"M50.8","category","M50","Other cervical disc disorders"
"M50.9","category","M50","Cervical disc disorder, unspecified"
"M51","category","M50-M54","Other intervertebral disc disorders"
"M51.0","category","M51","Lumbar and other intervertebral disc disorders with myelopathy G99.2"
"M51.1","category","M51","Lumbar and other intervertebral disc disorders with radiculopathy G55.1"
"M51.2","category","M51","Other specified intervertebral disc displacement"
"M51.3","category","M51","Other specified intervertebral disc degeneration"
"M51.4","category","M51","Schmorl nodes"
"M51.8","category","M51","Other specified intervertebral disc disorders"
"M51.9","category","M51","Intervertebral disc disorder, unspecified"
"M53","category","M50-M54","Other dorsopathies, not elsewhere classified"
"M53.0","category","M53","Cervicocranial syndrome"
"M53.1","category","M53","Cervicobrachial syndrome"
"M53.2","category","M53","Spinal instabilities"
"M53.3","category","M53","Sacrococcygeal disorders, not elsewhere classified"
"M53.8","category","M53","Other specified dorsopathies"
"M53.9","category","M53","Dorsopathy, unspecified"
"M54","category","M50-M54","Dorsalgia"
"M54.0","category","M54","Panniculitis affecting regions of neck and back"
"M54.1","category","M54","Radiculopathy"
"M54.2","category","M54","Cervicalgia"
"M54.3","category","M54","Sciatica"
"M54.4","category","M54","Lumbago with sciatica"
"M54.5","category","M54","Low back pain"
"M54.6","category","M54","Pain in thoracic spine"
"M54.8","category","M54","Other dorsalgia"
"M54.9","category","M54","Dorsalgia, unspecified"
"M60-M79","block","XIII","Soft tissue disorders"
"M60-M63","block","M60-M79","Disorders of muscles"
"M60","category","M60-M63","Myositis"
"M60.0","category","M60","Infective myositis"
"M60.1","category","M60","Interstitial myositis"
"M60.2","category","M60","Foreign body granuloma of soft tissue, not elsewhere classified"
"M60.8","category","M60","Other myositis"
"M60.9","category","M60","Myositis, unspecified"
"M61","category","M60-M63","Calcification and ossification of muscle"
"M61.0","category","M61","Myositis ossificans traumatica"
"M61.1","category","M61","Myositis ossificans progressiva"
"M61.2","category","M61","Paralytic calcification and ossification of muscle"
"M61.3","category","M61","Calcification and ossification of muscles associated with burns"
"M61.4","category","M61","Other calcification of muscle"
"M61.5","category","M61","Other ossification of muscle"
"M61.9","category","M61","Calcification and ossification of muscle, unspecified"
"M62","category","M60-M63","Other disorders of muscle"
"M62.0","category","M62","Diastasis of muscle"
"M62.1","category","M62","Other rupture of muscle (nontraumatic)"
"M62.2","category","M62","Ischaemic infarction of muscle"
"M62.3","category","M62","Immobility syndrome (paraplegic)"
"M62.4","category","M62","Contracture of muscle"
"M62.5","category","M62","Muscle wasting and atrophy, not elsewhere classified"
"M62.6","category","M62","Muscle strain"
"M62.8","category","M62","Other specified disorders of muscle"
"M62.9","category","M62","Disorder of muscle, unspecified"
"M63","category","M60-M63","Disorders of muscle in diseases classified elsewhere"
"M63.0","category","M63","Myositis in bacterial diseases classified elsewhere"
"M63.1","category","M63","Myositis in protozoal and parasitic infections classified elsewhere"
"M63.2","category","M63","Myositis in other infectious diseases classified elsewhere"
"M63.3","category","M63","Myositis in sarcoidosis D86.8"
"M63.8","category","M63","Other disorders of muscle in diseases classified elsewhere"
"M65-M68","block","M60-M79","Disorders of synovium and tendon"
"M65","category","M65-M68","Synovitis and tenosynovitis"
"M65.0","category","M65","Abscess of tendon sheath"
"M65.1","category","M65","Other infective (teno)synovitis"
"M65.2","category","M65","Calcific tendinitis"
"M65.3","category","M65","Trigger finger"
"M65.4","category","M65","Radial styloid tenosynovitis [de Quervain]"
"M65.8","category","M65","Other synovitis and tenosynovitis"
"M65.9","category","M65","Synovitis and tenosynovitis, unspecified"
"M66","category","M65-M68","Spontaneous rupture of synovium and tendon"
"M66.0","category","M66","Rupture of popliteal cyst"
"M66.1","category","M66","Rupture of synovium"
"M66.2","category","M66","Spontaneous rupture of extensor tendons"
"M66.3","category","M66","Spontaneous rupture of flexor tendons"
"M66.4","category","M66","Spontaneous rupture of other tendons"
"M66.5","category","M66","Spontaneous rupture of unspecified tendon"
"M67","category","M65-M68","Other disorders of synovium and tendon"
"M67.0","category","M67","Short Achilles tendon (acquired)"
"M67.1","category","M67","Other contracture of tendon (sheath)"
"M67.2","category","M67","Synovial hypertrophy, not elsewhere classified"
"M67.3","category","M67","Transient synovitis"
"M67.4","category","M67","Ganglion"
"M67.8","category","M67","Other specified disorders of synovium and tendon"
"M67.9","category","M67","Disorder of synovium and tendon, unspecified"
"M68","category","M65-M68","Disorders of synovium and tendon in diseases classified elsewhere"
"M68.0","category","M68","Synovitis and tenosynovitis in bacterial diseases classified elsewhere"
"M68.8","category","M68","Other disorders of synovium and tendon in diseases classified elsewhere"
"M70-M79","block","M60-M79","Other soft tissue disorders"
"M70","category","M70-M79","Soft tissue disorders related to use, overuse and pressure"
"M70.0","category","M70","Chronic crepitant synovitis of hand and wrist"
"M70.1","category","M70","Bursitis of hand"
"M70.2","category","M70","Olecranon bursitis"
"M70.3","category","M70","Other bursitis of elbow"
"M70.4","category","M70","Prepatellar bursitis"
"M70.5","category","M70","Other bursitis of knee"
"M70.6","category","M70","Trochanteric bursitis"
"M70.7","category","M70","Other bursitis of hip"
"M70.8","category","M70","Other soft tissue disorders related to use, overuse and pressure"
"M70.9","category","M70","Unspecified soft tissue disorder related to use, overuse and pressure"
"M71","category","M70-M79","Other bursopathies"
"M71.0","category","M71","Abscess of bursa"
"M71.1","category","M71","Other infective bursitis"
"M71.2","category","M71","Synovial cyst of popliteal space [Baker]"
"M71.3","category","M71","Other bursal cyst"
"M71.4","category","M71","Calcium deposit in bursa"
"M71.5","category","M71","Other bursitis, not elsewhere classified"
"M71.8","category","M71","Other specified bursopathies"
"M71.9","category","M71","Bursopathy, unspecified"
"M72","category","M70-M79","Fibroblastic disorders"
"M72.0","category","M72","Palmar fascial fibromatosis [Dupuytren]"
"M72.1","category","M72","Knuckle pads"
"M72.2","category","M72","Plantar fascial fibromatosis"
"M72.4","category","M72","Pseudosarcomatous fibromatosis"
"M72.6","category","M72","Necrotizing fasciitis"
"M72.8","category","M72","Other fibroblastic disorders"
"M72.9","category","M72","Fibroblastic disorder, unspecified"
"M73","category","M70-M79","Soft tissue disorders in diseases classified elsewhere"
"M73.0","category","M73","Gonococcal bursitis A54.4"
"M73.1","category","M73","Syphilitic bursitis A52.7"
"M73.8","category","M73","Other soft tissue disorders in diseases classified elsewhere"
"M75","category","M70-M79","Shoulder lesions"
"M75.0","category","M75","Adhesive capsulitis of shoulder"
"M75.1","category","M75","Rotator cuff syndrome"
"M75.2","category","M75","Bicipital tendinitis"
"M75.3","category","M75","Calcific tendinitis of shoulder"
"M75.4","category","M75","Impingement syndrome of shoulder"
"M75.5","category","M75","Bursitis of shoulder"
"M75.6","category","M75","Tear of labrum of degenerative shoulder joint"
"M75.8","category","M75","Other shoulder lesions"
"M75.9","category","M75","Shoulder lesion, unspecified"
"M76","category","M70-M79","Enthesopathies of lower limb, excluding foot"
"M76.0","category","M76","Gluteal tendinitis"
"M76.1","category","M76","Psoas tendinitis"
"M76.2","category","M76","Iliac crest spur"
"M76.3","category","M76","Iliotibial band syndrome"
"M76.4","category","M76","Tibial collateral bursitis [Pellegrini-Stieda]"
"M76.5","category","M76","Patellar tendinitis"
"M76.6","category","M76","Achilles tendinitis"
"M76.7","category","M76","Peroneal tendinitis"
"M76.8","category","M76","Other enthesopathies of lower limb, excluding foot"
"M76.9","category","M76","Enthesopathy of lower limb, unspecified"
"M77","category","M70-M79","Other enthesopathies"
"M77.0","category","M77","Medial epicondylitis"
"M77.1","category","M77","Lateral epicondylitis"
"M77.2","category","M77","Periarthritis of wrist"
"M77.3","category","M77","Calcaneal spur"
"M77.4","category","M77","Metatarsalgia"
"M77.5","category","M77","Other enthesopathy of foot"
"M77.8","category","M77","Other enthesopathies, not elsewhere classified"
"M77.9","category","M77","Enthesopathy, unspecified"
"M79","category","M70-M79","Other soft tissue disorders, not elsewhere classified"
"M79.0","category","M79","Rheumatism, unspecified"
"M79.1","category","M79","Myalgia"
"M79.2","category","M79","Neuralgia and neuritis, unspecified"
"M79.3","category","M79","Panniculitis, unspecified"
"M79.4","category","M79","Hypertrophy of (infrapatellar) fat pad"
"M79.5","category","M79","Residual foreign body in soft tissue"
"M79.6","category","M79","Pain in limb"
"M79.7","category","M79","Fibromyalgia"
"M79.8","category","M79","Other specified soft tissue disorders"
"M79.9","category","M79","Soft tissue disorder, unspecified"
"M80-M94","block","XIII","Osteopathies and chondropathies"
"M80-M85","block","M80-M94","Disorders of bone density and structure"
"M80","category","M80-M85","Osteoporosis with pathological fracture"
"M80.0","category","M80","Postmenopausal osteoporosis with pathological fracture"
"M80.1","category","M80","Postoophorectomy osteoporosis with pathological fracture"
"M80.2","category","M80","Osteoporosis of disuse with pathological fracture"
"M80.3","category","M80","Postsurgical malabsorption osteoporosis with pathological fracture"
"M80.4","category","M80","Drug-induced osteoporosis with pathological fracture"
"M80.5","category","M80","Idiopathic osteoporosis with pathological fracture"
"M80.8","category","M80","Other osteoporosis with pathological fracture"
"M80.9","category","M80","Unspecified osteoporosis with pathological fracture"
"M81","category","M80-M85","Osteoporosis without pathological fracture"
"M81.0","category","M81","Postmenopausal osteoporosis"
"M81.1","category","M81","Postoophorectomy osteoporosis"
"M81.2","category","M81","Osteoporosis of disuse"
"M81.3","category","M81","Postsurgical malabsorption osteoporosis"
"M81.4","category","M81","Drug-induced osteoporosis"
"M81.5","category","M81","Idiopathic osteoporosis"
"M81.6","category","M81","Localized osteoporosis [Lequesne]"
"M81.8","category","M81","Other osteoporosis"
"M81.9","category","M81","Osteoporosis, unspecified"
"M82","category","M80-M85","Osteoporosis in diseases classified elsewhere"
"M82.0","category","M82","Osteoporosis in multiple myelomatosis C90.0"
"M82.1","category","M82","Osteoporosis in endocrine disorders E00-E34"
"M82.8","category","M82","Osteoporosis in other diseases classified elsewhere"
"M83","category","M80-M85","Adult osteomalacia"
"M83.0","category","M83","Puerperal osteomalacia"
"M83.1","category","M83","Senile osteomalacia"
"M83.2","category","M83","Adult osteomalacia due to malabsorption"
"M83.3","category","M83","Adult osteomalacia due to malnutrition"
"M83.4","category","M83","Aluminium bone disease"
"M83.5","category","M83","Other drug-induced osteomalacia in adults"
"M83.8","category","M83","Other adult osteomalacia"
"M83.9","category","M83","Adult osteomalacia, unspecified"
"M84","category","M80-M85","Disorders of continuity of bone"
"M84.0","category","M84","Malunion of fracture"
"M84.1","category","M84","Nonunion of fracture [pseudarthrosis]"
"M84.2","category","M84","Delayed union of fracture"
"M84.3","category","M84","Stress fracture, not elsewhere classified"
"M84.4","category","M84","Pathological fracture, not elsewhere classified"
"M84.8","category","M84","Other disorders of continuity of bone"
"M84.9","category","M84","Disorder of continuity of bone, unspecified"
"M85","category","M80-M85","Other disorders of bone density and structure"
"M85.0","category","M85","Fibrous dysplasia (monostotic)"
"M85.1","category","M85","Skeletal fluorosis"
"M85.2","category","M85","Hyperostosis of skull"
"M85.3","category","M85","Osteitis condensans"
"M85.4","category","M85","Solitary bone cyst"
"M85.5","category","M85","Aneurysmal bone cyst"
"M85.6","category","M85","Other cyst of bone"
"M85.8","category","M85","Other specified disorders of bone density and structure"
"M85.9","category","M85","Disorder of bone density and structure, unspecified"
"M86-M90","block","M80-M94","Other osteopathies"
"M86","category","M86-M90","Osteomyelitis"
"M86.0","category","M86","Acute haematogenous osteomyelitis"
"M86.1","category","M86","Other acute osteomyelitis"
"M86.2","category","M86","Subacute osteomyelitis"
"M86.3","category","M86","Chronic multifocal osteomyelitis"
"M86.4","category","M86","Chronic osteomyelitis with draining sinus"
"M86.5","category","M86","Other chronic haematogenous osteomyelitis"
"M86.6","category","M86","Other chronic osteomyelitis"
"M86.8","category","M86","Other osteomyelitis"
"M86.9","category","M86","Osteomyelitis, unspecified"
"M87","category","M86-M90","Osteonecrosis"
"M87.0","category","M87","Idiopathic aseptic necrosis of bone"
"M87.1","category","M87","Osteonecrosis due to drugs"
"M87.2","category","M87","Osteonecrosis due to previous trauma"
"M87.3","category","M87","Other secondary osteonecrosis"
"M87.8","category","M87","Other osteonecrosis"
"M87.9","category","M87","Osteonecrosis, unspecified"
"M88","category","M86-M90","Paget disease of bone [osteitis deformans]"
"M88.0","category","M88","Paget disease of skull"
"M88.8","category","M88","Paget disease of other bones"
"M88.9","category","M88","Paget disease of bone, unspecified"
"M89","category","M86-M90","Other disorders of bone"
"M89.0","category","M89","Algoneurodystrophy"
"M89.1","category","M89","Epiphyseal arrest"
"M89.2","category","M89","Other disorders of bone development and growth"
"M89.3","category","M89","Hypertrophy of bone"
"M89.4","category","M89","Other hypertrophic osteoarthropathy"
"M89.5","category","M89","Osteolysis"
"M89.6","category","M89","Osteopathy after poliomyelitis"
"M89.8","category","M89","Other specified disorders of bone"
"M89.9","category","M89","Disorder of bone, unspecified"
"M90","category","M86-M90","Osteopathies in diseases classified elsewhere"
"M90.0","category","M90","Tuberculosis of bone A18.0"
"M90.1","category","M90","Periostitis in other infectious diseases classified elsewhere"
"M90.2","category","M90","Osteopathy in other infectious diseases classified elsewhere"
"M90.3","category","M90","Osteonecrosis in caisson disease T70.3"
"M90.4","category","M90","Osteonecrosis due to haemoglobinopathy D50-D64"
"M90.5","category","M90","Osteonecrosis in other diseases classified elsewhere"
"M90.6","category","M90","Osteitis deformans in neoplastic disease C00-D48"
"M90.7","category","M90","Fracture of bone in neoplastic disease C00-D48"
"M90.8","category","M90","Osteopathy in other diseases classified elsewhere"
"M91-M94","block","M80-M94","Chondropathies"
"M91","category","M91-M94","Juvenile osteochondrosis of hip and pelvis"
"M91.0","category","M91","Juvenile osteochondrosis of pelvis"
"M91.1","category","M91","Juvenile osteochondrosis of head of femur [Legg-Calvé-Perthes]"
"M91.2","category","M91","Coxa plana"
"M91.3","category","M91","Pseudocoxalgia"
"M91.8","category","M91","Other juvenile osteochondrosis of hip and pelvis"
"M91.9","category","M91","Juvenile osteochondrosis of hip and pelvis, unspecified"
"M92","category","M91-M94","Other juvenile osteochondrosis"
"M92.0","category","M92","Juvenile osteochondrosis of humerus"
"M92.1","category","M92","Juvenile osteochondrosis of radius and ulna"
"M92.2","category","M92","Juvenile osteochondrosis of hand"
"M92.3","category","M92","Other juvenile osteochondrosis of upper limb"
"M92.4","category","M92","Juvenile osteochondrosis of patella"
"M92.5","category","M92","Juvenile osteochondrosis of tibia and fibula"
"M92.6","category","M92","Juvenile osteochondrosis of tarsus"
"M92.7","category","M92","Juvenile osteochondrosis of metatarsus"
"M92.8","category","M92","Other specified juvenile osteochondrosis"
"M92.9","category","M92","Juvenile osteochondrosis, unspecified"
"M93","category","M91-M94","Other osteochondropathies"
"M93.0","category","M93","Slipped upper femoral epiphysis (nontraumatic)"
"M93.1","category","M93","Kienböck disease of adults"
"M93.2","category","M93","Osteochondritis dissecans"
"M93.8","category","M93","Other specified osteochondropathies"
"M93.9","category","M93","Osteochondropathy, unspecified"
"M94","category","M91-M94","Other disorders of cartilage"
"M94.0","category","M94","Chondrocostal junction syndrome [Tietze]"
"M94.1","category","M94","Relapsing polychondritis"
"M94.2","category","M94","Chondromalacia"
"M94.3","category","M94","Chondrolysis"
"M94.8","category","M94","Other specified disorders of cartilage"
"M94.9","category","M94","Disorder of cartilage, unspecified"
"M95-M99","block","XIII","Other disorders of the musculoskeletal system and connective tissue"
"M95","category","M95-M99","Other acquired deformities of musculoskeletal system and connective tissue"
"M95.0","category","M95","Acquired deformity of nose"
"M95.1","category","M95","Cauliflower ear"
"M95.2","category","M95","Other acquired deformity of head"
"M95.3","category","M95","Acquired deformity of neck"
"M95.4","category","M95","Acquired deformity of chest and rib"
"M95.5","category","M95","Acquired deformity of pelvis"
"M95.8","category","M95","Other specified acquired deformities of musculoskeletal system"
"M95.9","category","M95","Acquired deformity of musculoskeletal system, unspecified"
"M96","category","M95-M99","Postprocedural musculoskeletal disorders, not elsewhere classified"
"M96.0","category","M96","Pseudarthrosis after fusion or arthrodesis"
"M96.1","category","M96","Postlaminectomy syndrome, not elsewhere classified"
"M96.2","category","M96","Postradiation kyphosis"
"M96.3","category","M96","Postlaminectomy kyphosis"
"M96.4","category","M96","Postsurgical lordosis"
"M96.5","category","M96","Postradiation scoliosis"
"M96.6","category","M96","Fracture of bone following insertion of orthopaedic implant, joint prosthesis, or bone plate"
"M96.8","category","M96","Other postprocedural musculoskeletal disorders"
"M96.9","category","M96","Postprocedural musculoskeletal disorder, unspecified"
"M99","category","M95-M99","Biomechanical lesions, not elsewhere classified"
"M99.0","category","M99","Segmental and somatic dysfunction"
"M99.1","category","M99","Subluxation complex (vertebral)"
"M99.2","category","M99","Subluxation stenosis of neural canal"
"M99.3","category","M99","Osseous stenosis of neural canal"
"M99.4","category","M99","Connective tissue stenosis of neural canal"
"M99.5","category","M99","Intervertebral disc stenosis of neural canal"
"M99.6","category","M99","Osseous and subluxation stenosis of intervertebral foramina"
"M99.7","category","M99","Connective tissue and disc stenosis of intervertebral foramina"
"M99.8","category","M99","Other biomechanical lesions"
"M99.9","category","M99","Biomechanical lesion, unspecified"
"XIV","chapter","","Diseases of the genitourinary system"
"N00-N08","block","XIV","Glomerular diseases"
"N00","category","N00-N08","Acute nephritic syndrome"
"N01","category","N00-N08","Rapidly progressive nephritic syndrome"
"N02","category","N00-N08","Recurrent and persistent haematuria"
"N03","category","N00-N08","Chronic nephritic syndrome"
"N04","category","N00-N08","Nephrotic syndrome"
"N05","category","N00-N08","Unspecified nephritic syndrome"
"N06","category","N00-N08","Isolated proteinuria with specified morphological lesion"
"N07","category","N00-N08","Hereditary nephropathy, not elsewhere classified"
"N08","category","N00-N08","Glomerular disorders in diseases classified elsewhere"
"N08.0","category","N08","Glomerular disorders in infectious and parasitic diseases classified elsewhere"
"N08.1","category","N08","Glomerular disorders in neoplastic diseases"
"N08.2","category","N08","Glomerular disorders in blood diseases and disorders involving the immune mechanism"
"N08.3","category","N08","Glomerular disorders in diabetes mellitus E10-E14 with common fourth character .2"
"N08.4","category","N08","Glomerular disorders in other endocrine, nutritional and metabolic diseases"
"N08.5","category","N08","Glomerular disorders in systemic connective tissue disorders"
"N08.8","category","N08","Glomerular disorders in other diseases classified elsewhere"
"N10-N16","block","XIV","Renal tubulo-interstitial diseases"
"N10","category","N10-N16","Acute tubulo-interstitial nephritis"
"N11","category","N10-N16","Chronic tubulo-interstitial nephritis"
"N11.0","category","N11","Nonobstructive reflux-associated chronic pyelonephritis"
"N11.1","category","N11","Chronic obstructive pyelonephritis"
"N11.8","category","N11","Other chronic tubulo-interstitial nephritis"
"N11.9","category","N11","Chronic tubulo-interstitial nephritis, unspecified"
"N12","category","N10-N16","Tubulo-interstitial nephritis, not specified as acute or chronic"
"N13","category","N10-N16","Obstructive and reflux uropathy"
"N13.0","category","N13","Hydronephrosis with ureteropelvic junction obstruction"
"N13.1","category","N13","Hydronephrosis with ureteral stricture, not elsewhere classified"
"N13.2","category","N13","Hydronephrosis with renal and ureteral calculous obstruction"
"N13.3","category","N13","Other and unspecified hydronephrosis"
"N13.4","category","N13","Hydroureter"
"N13.5","category","N13","Kinking and stricture of ureter without hydronephrosis"
"N13.6","category","N13","Pyonephrosis"
"N13.7","category","N13","Vesicoureteral-reflux-associated uropathy"
"N13.8","category","N13","Other obstructive and reflux uropathy"
"N13.9","category","N13","Obstructive and reflux uropathy, unspecified"
"N14","category","N10-N16","Drug- and heavy-metal-induced tubulo-interstitial and tubular conditions"
"N14.0","category","N14","Analgesic nephropathy"
"N14.1","category","N14","Nephropathy induced by other drugs, medicaments and biological substances"
"N14.2","category","N14","Nephropathy induced by unspecified drug, medicament or biological substance"
"N14.3","category","N14","Nephropathy induced by heavy metals"
"N14.4","category","N14","Toxic nephropathy, not elsewhere classified"
"N15","category","N10-N16","Other renal tubulo-interstitial diseases"
"N15.0","category","N15","Balkan nephropathy"
"N15.1","category","N15","Renal and perinephric abscess"
"N15.8","category","N15","Other specified renal tubulo-interstitial diseases"
"N15.9","category","N15","Renal tubulo-interstitial disease, unspecified"
"N16","category","N10-N16","Renal tubulo-interstitial disorders in diseases classified elsewhere"
"N16.0","category","N16","Renal tubulo-interstitial disorders in infectious and parasitic diseases classified elsewhere"
"N16.1","category","N16","Renal tubulo-interstitial disorders in neoplastic diseases"
"N16.2","category","N16","Renal tubulo-interstitial disorders in blood diseases and disorders involving the immune mechanism"
"N16.3","category","N16","Renal tubulo-interstitial disorders in metabolic diseases"
"N16.4","category","N16","Renal tubulo-interstitial disorders in systemic connective tissue disorders"
"N16.5","category","N16","Renal tubulo-interstitial disorders in transplant rejection T86.-"
"N16.8","category","N16","Renal tubulo-interstitial disorders in other diseases classified elsewhere"
"N17-N19","block","XIV","Renal failure"
"N17","category","N17-N19","Acute renal failure"
"N17.0","category","N17","Acute renal failure with tubular necrosis"
"N17.1","category","N17","Acute renal failure with acute cortical necrosis"
"N17.2","category","N17","Acute renal failure with medullary necrosis"
"N17.8","category","N17","Other acute renal failure"
"N17.9","category","N17","Acute renal failure, unspecified"
"N18","category","N17-N19","Chronic kidney disease"
"N18.1","category","N18","Chronic kidney disease, stage 1"
"N18.2","category","N18","Chronic kidney disease, stage 2"
"N18.3","category","N18","Chronic kidney disease, stage 3"
"N18.4","category","N18","Chronic kidney disease, stage 4"
"N18.5","category","N18","Chronic kidney disease, stage 5"
"N18.9","category","N18","Chronic kidney disease, unspecified"
"N19","category","N17-N19","Unspecified kidney failure"
"N20-N23","block","XIV","Urolithiasis"
"N20","category","N20-N23","Calculus of kidney and ureter"
"N20.0","category","N20","Calculus of kidney"
"N20.1","category","N20","Calculus of ureter"
"N20.2","category","N20","Calculus of kidney with calculus of ureter"
"N20.9","category","N20","Urinary calculus, unspecified"
"N21","category","N20-N23","Calculus of lower urinary tract"
"N21.0","category","N21","Calculus in bladder"
"N21.1","category","N21","Calculus in urethra"
"N21.8","category","N21","Other lower urinary tract calculus"
"N21.9","category","N21","Calculus of lower urinary tract, unspecified"
"N22","category","N20-N23","Calculus of urinary tract in diseases classified elsewhere"
"N22.0","category","N22","Urinary calculus in schistosomiasis [bilharziasis] B65.0"
"N22.8","category","N22","Calculus of urinary tract in other diseases classified elsewhere"
"N23","category","N20-N23","Unspecified renal colic"
"N25-N29","block","XIV","Other disorders of kidney and ureter"
"N25","category","N25-N29","Disorders resulting from impaired renal tubular function"
"N25.0","category","N25","Renal osteodystrophy"
"N25.1","category","N25","Nephrogenic diabetes insipidus"
"N25.8","category","N25","Other disorders resulting from impaired renal tubular function"
"N25.9","category","N25","Disorder resulting from impaired renal tubular function, unspecified"
"N26","category","N25-N29","Unspecified contracted kidney"
"N27","category","N25-N29","Small kidney of unknown cause"
"N27.0","category","N27","Small kidney, unilateral"
"N27.1","category","N27","Small kidney, bilateral"
"N27.9","category","N27","Small kidney, unspecified"
"N28","category","N25-N29","Other disorders of kidney and ureter, not elsewhere classified"
"N28.0","category","N28","Ischaemia and infarction of kidney"
"N28.1","category","N28","Cyst of kidney"
"N28.8","category","N28","Other specified disorders of kidney and ureter"
"N28.9","category","N28","Disorder of kidney and ureter, unspecified"
"N29","category","N25-N29","Other disorders of kidney and ureter in diseases classified elsewhere"
"N29.0","category","N29","Late syphilis of kidney A52.7"
"N29.1","category","N29","Other disorders of kidney and ureter in infectious and parasitic diseases classified elsewhere"
"N29.8","category","N29","Other disorders of kidney and ureter in other diseases classified elsewhere"
"N30-N39","block","XIV","Other diseases of urinary system"
"N30","category","N30-N39","Cystitis"
"N30.0","category","N30","Acute cystitis"
"N30.1","category","N30","Interstitial cystitis (chronic)"
"N30.2","category","N30","Other chronic cystitis"
"N30.3","category","N30","Trigonitis"
"N30.4","category","N30","Irradiation cystitis"
"N30.8","category","N30","Other cystitis"
"N30.9","category","N30","Cystitis, unspecified"
"N31","category","N30-N39","Neuromuscular dysfunction of bladder, not elsewhere classified"
"N31.0","category","N31","Uninhibited neuropathic bladder, not elsewhere classified"
"N31.1","category","N31","Reflex neuropathic bladder, not elsewhere classified"
"N31.2","category","N31","Flaccid neuropathic bladder, not elsewhere classified"
"N31.8","category","N31","Other neuromuscular dysfunction of bladder"
"N31.9","category","N31","Neuromuscular dysfunction of bladder, unspecified"
"N32","category","N30-N39","Other disorders of bladder"
"N32.0","category","N32","Bladder-neck obstruction"
"N32.1","category","N32","Vesicointestinal fistula"
"N32.2","category","N32","Vesical fistula, not elsewhere classified"
"N32.3","category","N32","Diverticulum of bladder"
"N32.4","category","N32","Rupture of bladder, nontraumatic"
"N32.8","category","N32","Other specified disorders of bladder"
"N32.9","category","N32","Bladder disorder, unspecified"
"N33","category","N30-N39","Bladder disorders in diseases classified elsewhere"
"N33.0","category","N33","Tuberculous cystitis A18.1"
"N33.8","category","N33","Bladder disorders in other diseases classified elsewhere"
"N34","category","N30-N39","Urethritis and urethral syndrome"
"N34.0","category","N34","Urethral abscess"
"N34.1","category","N34","Nonspecific urethritis"
"N34.2","category","N34","Other urethritis"
"N34.3","category","N34","Urethral syndrome, unspecified"
"N35","category","N30-N39","Urethral stricture"
"N35.0","category","N35","Post-traumatic urethral stricture"
"N35.1","category","N35","Postinfective urethral stricture, not elsewhere classified"
"N35.8","category","N35","Other urethral stricture"
"N35.9","category","N35","Urethral stricture, unspecified"
"N36","category","N30-N39","Other disorders of urethra"
"N36.0","category","N36","Urethral fistula"
"N36.1","category","N36","Urethral diverticulum"
"N36.2","category","N36","Urethral caruncle"
"N36.3","category","N36","Prolapsed urethral mucosa"
"N36.8","category","N36","Other specified disorders of urethra"
"N36.9","category","N36","Urethral disorder, unspecified"
"N37","category","N30-N39","Urethral disorders in diseases classified elsewhere"
"N37.0","category","N37","Urethritis in diseases classified elsewhere"
"N37.8","category","N37","Other urethral disorders in diseases classified elsewhere"
"N39","category","N30-N39","Other disorders of urinary system"
"N39.0","category","N39","Urinary tract infection, site not specified"
"N39.1","category","N39","Persistent proteinuria, unspecified"
"N39.2","category","N39","Orthostatic proteinuria, unspecified"
"N39.3","category","N39","Stress incontinence"
"N39.4","category","N39","Other specified urinary incontinence"
"N39.8","category","N39","Other specified disorders of urinary system"
"N39.9","category","N39","Disorder of urinary system, unspecified"
"N40-N51","block","XIV","Diseases of male genital organs"
"N40","category","N40-N51","Hyperplasia of prostate"
"N41","category","N40-N51","Inflammatory diseases of prostate"
"N41.0","category","N41","Acute prostatitis"
"N41.1","category","N41","Chronic prostatitis"
"N41.2","category","N41","Abscess of prostate"
"N41.3","category","N41","Prostatocystitis"
"N41.8","category","N41","Other inflammatory diseases of prostate"
"N41.9","category","N41","Inflammatory disease of prostate, unspecified"
"N42","category","N40-N51","Other disorders of prostate"
"N42.0","category","N42","Calculus of prostate"
"N42.1","category","N42","Congestion and haemorrhage of prostate"
"N42.2","category","N42","Atrophy of prostate"
"N42.3","category","N42","Dysplasia of prostate"
"N42.8","category","N42","Other specified disorders of prostate"
"N42.9","category","N42","Disorder of prostate, unspecified"
"N43","category","N40-N51","Hydrocele and spermatocele"
"N43.0","category","N43","Encysted hydrocele"
"N43.1","category","N43","Infected hydrocele"
"N43.2","category","N43","Other hydrocele"
"N43.3","category","N43","Hydrocele, unspecified"
"N43.4","category","N43","Spermatocele"
"N44","category","N40-N51","Torsion of testis"
"N45","category","N40-N51","Orchitis and epididymitis"
"N45.0","category","N45","Orchitis, epididymitis and epididymo-orchitis with abscess"
"N45.9","category","N45","Orchitis, epididymitis and epididymo-orchitis without abscess"
"N46","category","N40-N51","Male infertility"
"N47","category","N40-N51","Redundant prepuce, phimosis and paraphimosis"
"N48","category","N40-N51","Other disorders of penis"
"N48.0","category","N48","Leukoplakia of penis"
"N48.1","category","N48","Balanoposthitis"
"N48.2","category","N48","Other inflammatory disorders of penis"
"N48.3","category","N48","Priapism"
"N48.4","category","N48","Impotence of organic origin"
"N48.5","category","N48","Ulcer of penis"
"N48.6","category","N48","Induratio penis plastica"
"N48.8","category","N48","Other specified disorders of penis"
"N48.9","category","N48","Disorder of penis, unspecified"
"N49","category","N40-N51","Inflammatory disorders of male genital organs, not elsewhere classified"
"N49.0","category","N49","Inflammatory disorders of seminal vesicle"
"N49.1","category","N49","Inflammatory disorders of spermatic cord, tunica vaginalis and vas deferens"
"N49.2","category","N49","Inflammatory disorders of scrotum"
"N49.8","category","N49","Inflammatory disorders of other specified male genital organs"
"N49.9","category","N49","Inflammatory disorder of unspecified male genital organ"
"N50","category","N40-N51","Other disorders of male genital organs"
"N50.0","category","N50","Atrophy of testis"
"N50.1","category","N50","Vascular disorders of male genital organs"
"N50.8","category","N50","Other specified disorders of male genital organs"
"N50.9","category","N50","Disorder of male genital organs, unspecified"
"N51","category","N40-N51","Disorders of male genital organs in diseases classified elsewhere"
"N51.0","category","N51","Disorders of prostate in diseases classified elsewhere"
"N51.1","category","N51","Disorders of testis and epididymis in diseases classified elsewhere"
"N51.2","category","N51","Balanitis in diseases classified elsewhere"
"N51.8","category","N51","Other disorders of male genital organs in diseases classified elsewhere"
"N60-N64","block","XIV","Disorders of breast"
"N60","category","N60-N64","Benign mammary dysplasia"
"N60.0","category","N60","Solitary cyst of breast"
"N60.1","category","N60","Diffuse cystic mastopathy"
"N60.2","category","N60","Fibroadenosis of breast"
"N60.3","category","N60","Fibrosclerosis of breast"
"N60.4","category","N60","Mammary duct ectasia"
"N60.8","category","N60","Other benign mammary dysplasias"
"N60.9","category","N60","Benign mammary dysplasia, unspecified"
"N61","category","N60-N64","Inflammatory disorders of breast"
"N62","category","N60-N64","Hypertrophy of breast"
"N63","category","N60-N64","Unspecified lump in breast"
"N64","category","N60-N64","Other disorders of breast"
"N64.0","category","N64","Fissure and fistula of nipple"
"N64.1","category","N64","Fat necrosis of breast"
"N64.2","category","N64","Atrophy of breast"
"N64.3","category","N64","Galactorrhoea not associated with childbirth"
"N64.4","category","N64","Mastodynia"
"N64.5","category","N64","Other signs and symptoms in breast"
"N64.8","category","N64","Other specified disorders of breast"
"N64.9","category","N64","Disorder of breast, unspecified"
"N70-N77","block","XIV","Inflammatory diseases of female pelvic organs"
"N70","category","N70-N77","Salpingitis and oophoritis"
"N70.0","category","N70","Acute salpingitis and oophoritis"
"N70.1","category","N70","Chronic salpingitis and oophoritis"
"N70.9","category","N70","Salpingitis and oophoritis, unspecified"
"N71","category","N70-N77","Inflammatory disease of uterus, except cervix"
"N71.0","category","N71","Acute inflammatory disease of uterus"
"N71.1","category","N71","Chronic inflammatory disease of uterus"
"N71.9","category","N71","Inflammatory disease of uterus, unspecified"
"N72","category","N70-N77","Inflammatory disease of cervix uteri"
"N73","category","N70-N77","Other female pelvic inflammatory diseases"
"N73.0","category","N73","Acute parametritis and pelvic cellulitis"
"N73.1","category","N73","Chronic parametritis and pelvic cellulitis"
"N73.2","category","N73","Unspecified parametritis and pelvic cellulitis"
"N73.3","category","N73","Female acute pelvic peritonitis"
"N73.4","category","N73","Female chronic pelvic peritonitis"
"N73.5","category","N73","Female pelvic peritonitis, unspecified"
"N73.6","category","N73","Female pelvic peritoneal adhesions"
"N73.8","category","N73","Other specified female pelvic inflammatory diseases"
"N73.9","category","N73","Female pelvic inflammatory disease, unspecified"
"N74","category","N70-N77","Female pelvic inflammatory disorders in diseases classified elsewhere"
"N74.0","category","N74","Tuberculous infection of cervix uteri A18.1"
"N74.1","category","N74","Female tuberculous pelvic inflammatory disease A18.1"
"N74.2","category","N74","Female syphilitic pelvic inflammatory disease A51.4 A52.7"
"N74.3","category","N74","Female gonococcal pelvic inflammatory disease A54.2"
"N74.4","category","N74","Female chlamydial pelvic inflammatory disease A56.1"
"N74.8","category","N74","Female pelvic inflammatory disorders in other diseases classified elsewhere"
"N75","category","N70-N77","Diseases of Bartholin gland"
"N75.0","category","N75","Cyst of Bartholin gland"
"N75.1","category","N75","Abscess of Bartholin gland"
"N75.8","category","N75","Other diseases of Bartholin gland"
"N75.9","category","N75","Disease of Bartholin gland, unspecified"
"N76","category","N70-N77","Other inflammation of vagina and vulva"
"N76.0","category","N76","Acute vaginitis"
"N76.1","category","N76","Subacute and chronic vaginitis"
"N76.2","category","N76","Acute vulvitis"
"N76.3","category","N76","Subacute and chronic vulvitis"
"N76.4","category","N76","Abscess of vulva"
"N76.5","category","N76","Ulceration of vagina"
"N76.6","category","N76","Ulceration of vulva"
"N76.8","category","N76","Other specified inflammation of vagina and vulva"
"N77","category","N70-N77","Vulvovaginal ulceration and inflammation in diseases classified elsewhere"
"N77.0","category","N77","Ulceration of vulva in infectious and parasitic diseases classified elsewhere"
"N77.1","category","N77","Vaginitis, vulvitis and vulvovaginitis in infectious and parasitic diseases classified elsewhere"
"N77.8","category","N77","Vulvovaginal ulceration and inflammation in other diseases classified elsewhere"
"N80-N98","block","XIV","Noninflammatory disorders of female genital tract"
"N80","category","N80-N98","Endometriosis"
"N80.0","category","N80","Endometriosis of uterus"
"N80.1","category","N80","Endometriosis of ovary"
"N80.2","category","N80","Endometriosis of fallopian tube"
"N80.3","category","N80","Endometriosis of pelvic peritoneum"
"N80.4","category","N80","Endometriosis of rectovaginal septum and vagina"
"N80.5","category","N80","Endometriosis of intestine"
"N80.6","category","N80","Endometriosis in cutaneous scar"
"N80.8","category","N80","Other endometriosis"
"N80.9","category","N80","Endometriosis, unspecified"
"N81","category","N80-N98","Female genital prolapse"
"N81.0","category","N81","Female urethrocele"
"N81.1","category","N81","Cystocele"
"N81.2","category","N81","Incomplete uterovaginal prolapse"
"N81.3","category","N81","Complete uterovaginal prolapse"
"N81.4","category","N81","Uterovaginal prolapse, unspecified"
"N81.5","category","N81","Vaginal enterocele"
"N81.6","category","N81","Rectocele"
"N81.8","category","N81","Other female genital prolapse"
"N81.9","category","N81","Female genital prolapse, unspecified"
"N82","category","N80-N98","Fistulae involving female genital tract"
"N82.0","category","N82","Vesicovaginal fistula"
"N82.1","category","N82","Other female urinary-genital tract fistulae"
"N82.2","category","N82","Fistula of vagina to small intestine"
"N82.3","category","N82","Fistula of vagina to large intestine"
"N82.4","category","N82","Other female intestinal-genital tract fistulae"
"N82.5","category","N82","Female genital tract-skin fistulae"
"N82.8","category","N82","Other female genital tract fistulae"
"N82.9","category","N82","Female genital tract fistula, unspecified"
"N83","category","N80-N98","Noninflammatory disorders of ovary, fallopian tube and broad ligament"
"N83.0","category","N83","Follicular cyst of ovary"
"N83.1","category","N83","Corpus luteum cyst"
"N83.2","category","N83","Other and unspecified ovarian cysts"
"N83.3","category","N83","Acquired atrophy of ovary and fallopian tube"
"N83.4","category","N83","Prolapse and hernia of ovary and fallopian tube"
"N83.5","category","N83","Torsion of ovary, ovarian pedicle and fallopian tube"
"N83.6","category","N83","Haematosalpinx"
"N83.7","category","N83","Haematoma of broad ligament"
"N83.8","category","N83","Other noninflammatory disorders of ovary, fallopian tube and broad ligament"
"N83.9","category","N83","Noninflammatory disorder of ovary, fallopian tube and broad ligament, unspecified"
"N84","category","N80-N98","Polyp of female genital tract"
"N84.0","category","N84","Polyp of corpus uteri"
"N84.1","category","N84","Polyp of cervix uteri"
"N84.2","category","N84","Polyp of vagina"
"N84.3","category","N84","Polyp of vulva"
"N84.8","category","N84","Polyp of other parts of female genital tract"
"N84.9","category","N84","Polyp of female genital tract, unspecified"
"N85","category","N80-N98","Other noninflammatory disorders of uterus, except cervix"
"N85.0","category","N85","Endometrial glandular hyperplasia"
"N85.1","category","N85","Endometrial adenomatous hyperplasia"
"N85.2","category","N85","Hypertrophy of uterus"
"N85.3","category","N85","Subinvolution of uterus"
"N85.4","category","N85","Malposition of uterus"
"N85.5","category","N85","Inversion of uterus"
"N85.6","category","N85","Intrauterine synechiae"
"N85.7","category","N85","Haematometra"
"N85.8","category","N85","Other specified noninflammatory disorders of uterus"
"N85.9","category","N85","Noninflammatory disorder of uterus, unspecified"
"N86","category","N80-N98","Erosion and ectropion of cervix uteri"
"N87","category","N80-N98","Dysplasia of cervix uteri"
"N87.0","category","N87","Mild cervical dysplasia"
"N87.1","category","N87","Moderate cervical dysplasia"
"N87.2","category","N87","Severe cervical dysplasia, not elsewhere classified"
"N87.9","category","N87","Dysplasia of cervix uteri, unspecified"
"N88","category","N80-N98","Other noninflammatory disorders of cervix uteri"
"N88.0","category","N88","Leukoplakia of cervix uteri"
"N88.1","category","N88","Old laceration of cervix uteri"
"N88.2","category","N88","Stricture and stenosis of cervix uteri"
"N88.3","category","N88","Incompetence of cervix uteri"
"N88.4","category","N88","Hypertrophic elongation of cervix uteri"
"N88.8","category","N88","Other specified noninflammatory disorders of cervix uteri"
"N88.9","category","N88","Noninflammatory disorder of cervix uteri, unspecified"
"N89","category","N80-N98","Other noninflammatory disorders of vagina"
"N89.0","category","N89","Mild vaginal dysplasia"
"N89.1","category","N89","Moderate vaginal dysplasia"
"N89.2","category","N89","Severe vaginal dysplasia, not elsewhere classified"
"N89.3","category","N89","Dysplasia of vagina, unspecified"
"N89.4","category","N89","Leukoplakia of vagina"
"N89.5","category","N89","Stricture and atresia of vagina"
"N89.6","category","N89","Tight hymenal ring"
"N89.7","category","N89","Haematocolpos"
"N89.8","category","N89","Other specified noninflammatory disorders of vagina"
"N89.9","category","N89","Noninflammatory disorder of vagina, unspecified"
"N90","category","N80-N98","Other noninflammatory disorders of vulva and perineum"
"N90.0","category","N90","Mild vulvar dysplasia"
"N90.1","category","N90","Moderate vulvar dysplasia"
"N90.2","category","N90","Severe vulvar dysplasia, not elsewhere classified"
"N90.3","category","N90","Dysplasia of vulva, unspecified"
"N90.4","category","N90","Leukoplakia of vulva"
"N90.5","category","N90","Atrophy of vulva"
"N90.6","category","N90","Hypertrophy of vulva"
"N90.7","category","N90","Vulvar cyst"
"N90.8","category","N90","Other specified noninflammatory disorders of vulva and perineum"
"N90.9","category","N90","Noninflammatory disorder of vulva and perineum, unspecified"
"N91","category","N80-N98","Absent, scanty and rare menstruation"
"N91.0","category","N91","Primary amenorrhoea"
"N91.1","category","N91","Secondary amenorrhoea"
"N91.2","category","N91","Amenorrhoea, unspecified"
"N91.3","category","N91","Primary oligomenorrhoea"
"N91.4","category","N91","Secondary oligomenorrhoea"
"N91.5","category","N91","Oligomenorrhoea, unspecified"
"N92","category","N80-N98","Excessive, frequent and irregular menstruation"
"N92.0","category","N92","Excessive and frequent menstruation with regular cycle"
"N92.1","category","N92","Excessive and frequent menstruation with irregular cycle"
"N92.2","category","N92","Excessive menstruation at puberty"
"N92.3","category","N92","Ovulation bleeding"
"N92.4","category","N92","Excessive bleeding in the premenopausal period"
"N92.5","category","N92","Other specified irregular menstruation"
"N92.6","category","N92","Irregular menstruation, unspecified"
"N93","category","N80-N98","Other abnormal uterine and vaginal bleeding"
"N93.0","category","N93","Postcoital and contact bleeding"
"N93.8","category","N93","Other specified abnormal uterine and vaginal bleeding"
"N93.9","category","N93","Abnormal uterine and vaginal bleeding, unspecified"
"N94","category","N80-N98","Pain and other conditions associated with female genital organs and menstrual cycle"
"N94.0","category","N94","Mittelschmerz"
"N94.1","category","N94","Dyspareunia"
"N94.2","category","N94","Vaginismus"
"N94.3","category","N94","Premenstrual tension syndrome"
"N94.4","category","N94","Primary dysmenorrhoea"
"N94.5","category","N94","Secondary dysmenorrhoea"
"N94.6","category","N94","Dysmenorrhoea, unspecified"
"N94.8","category","N94","Other specified conditions associated with female genital organs and menstrual cycle"
"N94.9","category","N94","Unspecified condition associated with female genital organs and menstrual cycle"
"N95","category","N80-N98","Menopausal and other perimenopausal disorders"
"N95.0","category","N95","Postmenopausal bleeding"
"N95.1","category","N95","Menopausal and female climacteric states"
"N95.2","category","N95","Postmenopausal atrophic vaginitis"
"N95.3","category","N95","States associated with artificial menopause"
"N95.8","category","N95","Other specified menopausal and perimenopausal disorders"
"N95.9","category","N95","Menopausal and perimenopausal disorder, unspecified"
"N96","category","N80-N98","Habitual aborter"
"N97","category","N80-N98","Female infertility"
"N97.0","category","N97","Female infertility associated with anovulation"
"N97.1","category","N97","Female infertility of tubal origin"
"N97.2","category","N97","Female infertility of uterine origin"
"N97.3","category","N97","Female infertility of cervical origin"
"N97.4","category","N97","Female infertility associated with male factors"
"N97.8","category","N97","Female infertility of other origin"
"N97.9","category","N97","Female infertility, unspecified"
"N98","category","N80-N98","Complications associated with artificial fertilization"
"N98.0","category","N98","Infection associated with artificial insemination"
"N98.1","category","N98","Hyperstimulation of ovaries"
"N98.2","category","N98","Complications of attempted introduction of fertilized ovum following in vitro fertilization"
"N98.3","category","N98","Complications of attempted introduction of embryo in embryo transfer"
"N98.8","category","N98","Other complications associated with artificial fertilization"
"N98.9","category","N98","Complication associated with artificial fertilization, unspecified"
"N99-N99","block","XIV","Other disorders of the genitourinary system"
"N99","category","N99-N99","Postprocedural disorders of genitourinary system, not elsewhere classified"
"N99.0","category","N99","Postprocedural renal failure"
"N99.1","category","N99","Postprocedural urethral stricture"
"N99.2","category","N99","Postoperative adhesions of vagina"
"N99.3","category","N99","Prolapse of vaginal vault after hysterectomy"
"N99.4","category","N99","Postprocedural pelvic peritoneal adhesions"
"N99.5","category","N99","Malfunction of external stoma of urinary tract"
"N99.8","category","N99","Other postprocedural disorders of genitourinary system"
"N99.9","category","N99","Postprocedural disorder of genitourinary system, unspecified"
"XV","chapter","","Pregnancy, childbirth and the puerperium"
"O00-O08","block","XV","Pregnancy with abortive outcome"
"O00","category","O00-O08","Ectopic pregnancy"
"O00.0","category","O00","Abdominal pregnancy"
"O00.1","category","O00","Tubal pregnancy"
"O00.2","category","O00","Ovarian pregnancy"
"O00.8","category","O00","Other ectopic pregnancy"
"O00.9","category","O00","Ectopic pregnancy, unspecified"
"O01","category","O00-O08","Hydatidiform mole"
"O01.0","category","O01","Classical hydatidiform mole"
"O01.1","category","O01","Incomplete and partial hydatidiform mole"
"O01.9","category","O01","Hydatidiform mole, unspecified"
"O02","category","O00-O08","Other abnormal products of conception"
"O02.0","category","O02","Blighted ovum and nonhydatidiform mole"
"O02.1","category","O02","Missed abortion"
"O02.8","category","O02","Other specified abnormal products of conception"
"O02.9","category","O02","Abnormal product of conception, unspecified"
"O03","category","O00-O08","Spontaneous abortion"
"O04","category","O00-O08","Medical abortion"
"O05","category","O00-O08","Other abortion"
"O06","category","O00-O08","Unspecified abortion"
"O07","category","O00-O08","Failed attempted abortion"
"O07.0","category","O07","Failed medical abortion, complicated by genital tract and pelvic infection"
"O07.1","category","O07","Failed medical abortion, complicated by delayed or excessive haemorrhage"
"O07.2","category","O07","Failed medical abortion, complicated by embolism"
"O07.3","category","O07","Failed medical abortion, with other and unspecified complications"
"O07.4","category","O07","Failed medical abortion, without complication"
"O07.5","category","O07","Other and unspecified failed attempted abortion, complicated by genital tract and pelvic infection"
"O07.6","category","O07","Other and unspecified failed attempted abortion, complicated by delayed or excessive haemorrhage"
"O07.7","category","O07","Other and unspecified failed attempted abortion, complicated by embolism"
"O07.8","category","O07","Other and unspecified failed attempted abortion, with other and unspecified complications"
"O07.9","category","O07","Other and unspecified failed attempted abortion, without complication"
"O08","category","O00-O08","Complications following abortion and ectopic and molar pregnancy"
"O08.0","category","O08","Genital tract and pelvic infection following abortion and ectopic and molar pregnancy"
"O08.1","category","O08","Delayed or excessive haemorrhage following abortion and ectopic and molar pregnancy"
"O08.2","category","O08","Embolism following abortion and ectopic and molar pregnancy"
"O08.3","category","O08","Shock following abortion and ectopic and molar pregnancy"
"O08.4","category","O08","Renal failure following abortion and ectopic and molar pregnancy"
"O08.5","category","O08","Metabolic disorders following abortion and ectopic and molar pregnancy"
"O08.6","category","O08","Damage to pelvic organs and tissues following abortion and ectopic and molar pregnancy"
"O08.7","category","O08","Other venous complications following abortion and ectopic and molar pregnancy"
"O08.8","category","O08","Other complications following abortion and ectopic and molar pregnancy"
"O08.9","category","O08","Complication following abortion and ectopic and molar pregnancy, unspecified"
"O10-O16","block","XV","Oedema, proteinuria and hypertensive disorders in pregnancy, childbirth and the puerperium"
"O10","category","O10-O16","Pre-existing hypertension complicating pregnancy, childbirth and the puerperium"
"O10.0","category","O10","Pre-existing essential hypertension complicating pregnancy, childbirth and the puerperium"
"O10.1","category","O10","Pre-existing hypertensive heart disease complicating pregnancy, childbirth and the puerperium"
"O10.2","category","O10","Pre-existing hypertensive renal disease complicating pregnancy, childbirth and the puerperium"
"O10.3","category","O10","Pre-existing hypertensive heart and renal disease complicating pregnancy, childbirth and the puerperium"
"O10.4","category","O10","Pre-existing secondary hypertension complicating pregnancy, childbirth and the puerperium"
"O10.9","category","O10","Unspecified pre-existing hypertension complicating pregnancy, childbirth and the puerperium"
"O11","category","O10-O16","Pre-eclampsia superimposed on chronic hypertension"
"O12","category","O10-O16","Gestational [pregnancy-induced] oedema and proteinuria without hypertension"
"O12.0","category","O12","Gestational oedema"
"O12.1","category","O12","Gestational proteinuria"
"O12.2","category","O12","Gestational oedema with proteinuria"
"O13","category","O10-O16","Gestational [pregnancy-induced] hypertension"
"O14","category","O10-O16","Pre-eclampsia"
"O14.0","category","O14","Mild to moderate pre-eclampsia"
"O14.1","category","O14","Severe pre-eclampsia"
"O14.2","category","O14","HELLP syndrome"
"O14.9","category","O14","Pre-eclampsia, unspecified"
"O15","category","O10-O16","Eclampsia"
"O15.0","category","O15","Eclampsia in pregnancy"
"O15.1","category","O15","Eclampsia in labour"
"O15.2","category","O15","Eclampsia in the puerperium"
"O15.9","category","O15","Eclampsia, unspecified as to time period"
"O16","category","O10-O16","Unspecified maternal hypertension"
"O20-O29","block","XV","Other maternal disorders predominantly related to pregnancy"
"O20","category","O20-O29","Haemorrhage in early pregnancy"
"O20.0","category","O20","Threatened abortion"
"O20.8","category","O20","Other haemorrhage in early pregnancy"
"O20.9","category","O20","Haemorrhage in early pregnancy, unspecified"
"O21","category","O20-O29","Excessive vomiting in pregnancy"
"O21.0","category","O21","Mild hyperemesis gravidarum"
"O21.1","category","O21","Hyperemesis gravidarum with metabolic disturbance"
"O21.2","category","O21","Late vomiting of pregnancy"
"O21.8","category","O21","Other vomiting complicating pregnancy"
"O21.9","category","O21","Vomiting of pregnancy, unspecified"
"O22","category","O20-O29","Venous complications and haemorrhoids in pregnancy"
"O22.0","category","O22","Varicose veins of lower extremity in pregnancy"
"O22.1","category","O22","Genital varices in pregnancy"
"O22.2","category","O22","Superficial thrombophlebitis in pregnancy"
"O22.3","category","O22","Deep phlebothrombosis in pregnancy"
"O22.4","category","O22","Haemorrhoids in pregnancy"
"O22.5","category","O22","Cerebral venous thrombosis in pregnancy"
"O22.8","category","O22","Other venous complications in pregnancy"
"O22.9","category","O22","Venous complication in pregnancy, unspecified"
"O23","category","O20-O29","Infections of genitourinary tract in pregnancy"
"O23.0","category","O23","Infections of kidney in pregnancy"
"O23.1","category","O23","Infections of bladder in pregnancy"
"O23.2","category","O23","Infections of urethra in pregnancy"
"O23.3","category","O23","Infections of other parts of urinary tract in pregnancy"
"O23.4","category","O23","Unspecified infection of urinary tract in pregnancy"
"O23.5","category","O23","Infections of the genital tract in pregnancy"
"O23.9","category","O23","Other and unspecified genitourinary tract infection in pregnancy"
"O24","category","O20-O29","Diabetes mellitus in pregnancy"
"O24.0","category","O24","Pre-existing type 1 diabetes mellitus"
"O24.1","category","O24","Pre-existing type 2 diabetes mellitus"
"O24.2","category","O24","Pre-existing malnutrition-related diabetes mellitus"
"O24.3","category","O24","Pre-existing diabetes mellitus, unspecified"
"O24.4","category","O24","Diabetes mellitus arising in pregnancy"
"O24.9","category","O24","Diabetes mellitus in pregnancy, unspecified"
"O25","category","O20-O29","Malnutrition in pregnancy"
"O26","category","O20-O29","Maternal care for other conditions predominantly related to pregnancy"
"O26.0","category","O26","Excessive weight gain in pregnancy"
"O26.1","category","O26","Low weight gain in pregnancy"
"O26.2","category","O26","Pregnancy care of habitual aborter"
"O26.3","category","O26","Retained intrauterine contraceptive device in pregnancy"
"O26.4","category","O26","Herpes gestationis"
"O26.5","category","O26","Maternal hypotension syndrome"
"O26.6","category","O26","Liver disorders in pregnancy, childbirth and the puerperium"
"O26.7","category","O26","Subluxation of symphysis (pubis) in pregnancy, childbirth and the puerperium"
"O26.8","category","O26","Other specified pregnancy-related conditions"
"O26.9","category","O26","Pregnancy-related condition, unspecified"
"O28","category","O20-O29","Abnormal findings on antenatal screening of mother"
"O28.0","category","O28","Abnormal haematological finding on antenatal screening of mother"
"O28.1","category","O28","Abnormal biochemical finding on antenatal screening of mother"
"O28.2","category","O28","Abnormal cytological finding on antenatal screening of mother"
"O28.3","category","O28","Abnormal ultrasonic finding on antenatal screening of mother"
"O28.4","category","O28","Abnormal radiological finding on antenatal screening of mother"
"O28.5","category","O28","Abnormal chromosomal and genetic finding on antenatal screening of mother"
"O28.8","category","O28","Other abnormal findings on antenatal screening of mother"
"O28.9","category","O28","Abnormal finding on antenatal screening of mother, unspecified"
"O29","category","O20-O29","Complications of anaesthesia during pregnancy"
"O29.0","category","O29","Pulmonary complications of anaesthesia during pregnancy"
"O29.1","category","O29","Cardiac complications of anaesthesia during pregnancy"
"O29.2","category","O29","Central nervous system complications of anaesthesia during pregnancy"
"O29.3","category","O29","Toxic reaction to local anaesthesia during pregnancy"
"O29.4","category","O29","Spinal and epidural anaesthesia-induced headache during pregnancy"
"O29.5","category","O29","Other complications of spinal and epidural anaesthesia during pregnancy"
"O29.6","category","O29","Failed or difficult intubation during pregnancy"
"O29.8","category","O29","Other complications of anaesthesia during pregnancy"
"O29.9","category","O29","Complication of anaesthesia during pregnancy, unspecified"
"O30-O48","block","XV","Maternal care related to the fetus and amniotic cavity and possible delivery problems"
"O30","category","O30-O48","Multiple gestation"
"O30.0","category","O30","Twin pregnancy"
"O30.1","category","O30","Triplet pregnancy"
"O30.2","category","O30","Quadruplet pregnancy"
"O30.8","category","O30","Other multiple gestation"
"O30.9","category","O30","Multiple gestation, unspecified"
"O31","category","O30-O48","Complications specific to multiple gestation"
"O31.0","category","O31","Papyraceous fetus"
"O31.1","category","O31","Continuing pregnancy after abortion of one fetus or more"
"O31.2","category","O31","Continuing pregnancy after intrauterine death of one fetus or more"
"O31.8","category","O31","Other complications specific to multiple gestation"
"O32","category","O30-O48","Maternal care for known or suspected malpresentation of fetus"
"O32.0","category","O32","Maternal care for unstable lie"
"O32.1","category","O32","Maternal care for breech presentation"
"O32.2","category","O32","Maternal care for transverse and oblique lie"
"O32.3","category","O32","Maternal care for face, brow and chin presentation"
"O32.4","category","O32","Maternal care for high head at term"
"O32.5","category","O32","Maternal care for multiple gestation with malpresentation of one fetus or more"
"O32.6","category","O32","Maternal care for compound presentation"
"O32.8","category","O32","Maternal care for other malpresentation of fetus"
"O32.9","category","O32","Maternal care for malpresentation of fetus, unspecified"
"O33","category","O30-O48","Maternal care for known or suspected disproportion"
"O33.0","category","O33","Maternal care for disproportion due to deformity of maternal pelvic bones"
"O33.1","category","O33","Maternal care for disproportion due to generally contracted pelvis"
"O33.2","category","O33","Maternal care for disproportion due to inlet contraction of pelvis"
"O33.3","category","O33","Maternal care for disproportion due to outlet contraction of pelvis"
"O33.4","category","O33","Maternal care for disproportion of mixed maternal and fetal origin"
"O33.5","category","O33","Maternal care for disproportion due to unusually large fetus"
"O33.6","category","O33","Maternal care for disproportion due to hydrocephalic fetus"
"O33.7","category","O33","Maternal care for disproportion due to other fetal deformities"
"O33.8","category","O33","Maternal care for disproportion of other origin"
"O33.9","category","O33","Maternal care for disproportion, unspecified"
"O34","category","O30-O48","Maternal care for known or suspected abnormality of pelvic organs"
"O34.0","category","O34","Maternal care for congenital malformation of uterus"
"O34.1","category","O34","Maternal care for tumour of corpus uteri"
"O34.2","category","O34","Maternal care due to uterine scar from previous surgery"
"O34.3","category","O34","Maternal care for cervical incompetence"
"O34.4","category","O34","Maternal care for other abnormalities of cervix"
"O34.5","category","O34","Maternal care for other abnormalities of gravid uterus"
"O34.6","category","O34","Maternal care for abnormality of vagina"
"O34.7","category","O34","Maternal care for abnormality of vulva and perineum"
"O34.8","category","O34","Maternal care for other abnormalities of pelvic organs"
"O34.9","category","O34","Maternal care for abnormality of pelvic organ, unspecified"
"O35","category","O30-O48","Maternal care for known or suspected fetal abnormality and damage"
"O35.0","category","O35","Maternal care for (suspected) central nervous system malformation in fetus"
"O35.1","category","O35","Maternal care for (suspected) chromosomal abnormality in fetus"
"O35.2","category","O35","Maternal care for (suspected) hereditary disease in fetus"
"O35.3","category","O35","Maternal care for (suspected) damage to fetus from viral disease in mother"
"O35.4","category","O35","Maternal care for (suspected) damage to fetus from alcohol"
"O35.5","category","O35","Maternal care for (suspected) damage to fetus by drugs"
"O35.6","category","O35","Maternal care for (suspected) damage to fetus by radiation"
"O35.7","category","O35","Maternal care for (suspected) damage to fetus by other medical procedures"
"O35.8","category","O35","Maternal care for other (suspected) fetal abnormality and damage"
"O35.9","category","O35","Maternal care for (suspected) fetal abnormality and damage, unspecified"
"O36","category","O30-O48","Maternal care for other known or suspected fetal problems"
"O36.0","category","O36","Maternal care for rhesus isoimmunization"
"O36.1","category","O36","Maternal care for other isoimmunization"
"O36.2","category","O36","Maternal care for hydrops fetalis"
"O36.3","category","O36","Maternal care for signs of fetal hypoxia"
"O36.4","category","O36","Maternal care for intrauterine death"
"O36.5","category","O36","Maternal care for poor fetal growth"
"O36.6","category","O36","Maternal care for excessive fetal growth"
"O36.7","category","O36","Maternal care for viable fetus in abdominal pregnancy"
"O36.8","category","O36","Maternal care for other specified fetal problems"
"O36.9","category","O36","Maternal care for fetal problem, unspecified"
"O40","category","O30-O48","Polyhydramnios"
"O41","category","O30-O48","Other disorders of amniotic fluid and membranes"
"O41.0","category","O41","Oligohydramnios"
"O41.1","category","O41","Infection of amniotic sac and membranes"
"O41.8","category","O41","Other specified disorders of amniotic fluid and membranes"
"O41.9","category","O41","Disorder of amniotic fluid and membranes, unspecified"
"O42","category","O30-O48","Premature rupture of membranes"
"O42.0","category","O42","Premature rupture of membranes, onset of labour within 24 hours"
"O42.1","category","O42","Premature rupture of membranes, onset of labour after 24 hours"
"O42.2","category","O42","Premature rupture of membranes, labour delayed by therapy"
"O42.9","category","O42","Premature rupture of membranes, unspecified"
"O43","category","O30-O48","Placental disorders"
"O43.0","category","O43","Placental transfusion syndromes"
"O43.1","category","O43","Malformation of placenta"
"O43.2","category","O43","Morbidly adherent placenta"
"O43.8","category","O43","Other placental disorders"
"O43.9","category","O43","Placental disorder, unspecified"
"O44","category","O30-O48","Placenta praevia"
"O44.0","category","O44","Placenta praevia specified as without haemorrhage"
"O44.1","category","O44","Placenta praevia with haemorrhage"
"O45","category","O30-O48","Premature separation of placenta [abruptio placentae]"
"O45.0","category","O45","Premature separation of placenta with coagulation defect"
"O45.8","category","O45","Other premature separation of placenta"
"O45.9","category","O45","Premature separation of placenta, unspecified"
"O46","category","O30-O48","Antepartum haemorrhage, not elsewhere classified"
"O46.0","category","O46","Antepartum haemorrhage with coagulation defect"
"O46.8","category","O46","Other antepartum haemorrhage"
"O46.9","category","O46","Antepartum haemorrhage, unspecified"
"O47","category","O30-O48","False labour"
"O47.0","category","O47","False labour before 37 completed weeks of gestation"
"O47.1","category","O47","False labour at or after 37 completed weeks of gestation"
"O47.9","category","O47","False labour, unspecified"
"O48","category","O30-O48","Prolonged pregnancy"
"O60-O75","block","XV","Complications of labour and delivery"
"O60","category","O60-O75","Preterm labour and delivery"
"O60.0","category","O60","Preterm labour without delivery"
"O60.1","category","O60","Preterm spontaneous labour with preterm delivery"
"O60.2","category","O60","Preterm spontaneous labour with term delivery"
"O60.3","category","O60","Preterm delivery without spontaneous labour"
"O61","category","O60-O75","Failed induction of labour"
"O61.0","category","O61","Failed medical induction of labour"
"O61.1","category","O61","Failed instrumental induction of labour"
"O61.8","category","O61","Other failed induction of labour"
"O61.9","category","O61","Failed induction of labour, unspecified"
"O62","category","O60-O75","Abnormalities of forces of labour"
"O62.0","category","O62","Primary inadequate contractions"
"O62.1","category","O62","Secondary uterine inertia"
"O62.2","category","O62","Other uterine inertia"
"O62.3","category","O62","Precipitate labour"
"O62.4","category","O62","Hypertonic, incoordinate, and prolonged uterine contractions"
"O62.8","category","O62","Other abnormalities of forces of labour"
"O62.9","category","O62","Abnormality of forces of labour, unspecified"
"O63","category","O60-O75","Long labour"
"O63.0","category","O63","Prolonged first stage (of labour)"
"O63.1","category","O63","Prolonged second stage (of labour)"
"O63.2","category","O63","Delayed delivery of second twin, triplet, etc."
"O63.9","category","O63","Long labour, unspecified"
"O64","category","O60-O75","Obstructed labour due to malposition and malpresentation of fetus"
"O64.0","category","O64","Obstructed labour due to incomplete rotation of fetal head"
"O64.1","category","O64","Obstructed labour due to breech presentation"
"O64.2","category","O64","Obstructed labour due to face presentation"
"O64.3","category","O64","Obstructed labour due to brow presentation"
"O64.4","category","O64","Obstructed labour due to shoulder presentation"
"O64.5","category","O64","Obstructed labour due to compound presentation"
"O64.8","category","O64","Obstructed labour due to other malposition and malpresentation"
"O64.9","category","O64","Obstructed labour due to malposition and malpresentation, unspecified"
"O65","category","O60-O75","Obstructed labour due to maternal pelvic abnormality"
"O65.0","category","O65","Obstructed labour due to deformed pelvis"
"O65.1","category","O65","Obstructed labour due to generally contracted pelvis"
"O65.2","category","O65","Obstructed labour due to pelvic inlet contraction"
"O65.3","category","O65","Obstructed labour due to pelvic outlet and mid-cavity contraction"
"O65.4","category","O65","Obstructed labour due to fetopelvic disproportion, unspecified"
"O65.5","category","O65","Obstructed labour due to abnormality of maternal pelvic organs"
"O65.8","category","O65","Obstructed labour due to other maternal pelvic abnormalities"
"O65.9","category","O65","Obstructed labour due to maternal pelvic abnormality, unspecified"
"O66","category","O60-O75","Other obstructed labour"
"O66.0","category","O66","Obstructed labour due to shoulder dystocia"
"O66.1","category","O66","Obstructed labour due to locked twins"
"O66.2","category","O66","Obstructed labour due to unusually large fetus"
"O66.3","category","O66","Obstructed labour due to other abnormalities of fetus"
"O66.4","category","O66","Failed trial of labour, unspecified"
"O66.5","category","O66","Failed application of vacuum extractor and forceps, unspecified"
"O66.8","category","O66","Other specified obstructed labour"
"O66.9","category","O66","Obstructed labour, unspecified"
"O67","category","O60-O75","Labour and delivery complicated by intrapartum haemorrhage, not elsewhere classified"
"O67.0","category","O67","Intrapartum haemorrhage with coagulation defect"
"O67.8","category","O67","Other intrapartum haemorrhage"
"O67.9","category","O67","Intrapartum haemorrhage, unspecified"
"O68","category","O60-O75","Labour and delivery complicated by fetal stress [distress]"
"O68.0","category","O68","Labour and delivery complicated by fetal heart rate anomaly"
"O68.1","category","O68","Labour and delivery complicated by meconium in amniotic fluid"
"O68.2","category","O68","Labour and delivery complicated by fetal heart rate anomaly with meconium in amniotic fluid"
"O68.3","category","O68","Labour and delivery complicated by biochemical evidence of fetal stress"
"O68.8","category","O68","Labour and delivery complicated by other evidence of fetal stress"
"O68.9","category","O68","Labour and delivery complicated by fetal stress, unspecified"
"O69","category","O60-O75","Labour and delivery complicated by umbilical cord complications"
"O69.0","category","O69","Labour and delivery complicated by prolapse of cord"
"O69.1","category","O69","Labour and delivery complicated by cord around neck, with compression"
"O69.2","category","O69","Labour and delivery complicated by other cord entanglement, with compression"
"O69.3","category","O69","Labour and delivery complicated by short cord"
"O69.4","category","O69","Labour and delivery complicated by vasa praevia"
"O69.5","category","O69","Labour and delivery complicated by vascular lesion of cord"
"O69.8","category","O69","Labour and delivery complicated by other cord complications"
"O69.9","category","O69","Labour and delivery complicated by cord complication, unspecified"
"O70","category","O60-O75","Perineal laceration during delivery"
"O70.0","category","O70","First degree perineal laceration during delivery"
"O70.1","category","O70","Second degree perineal laceration during delivery"
"O70.2","category","O70","Third degree perineal laceration during delivery"
"O70.3","category","O70","Fourth degree perineal laceration during delivery"
"O70.9","category","O70","Perineal laceration during delivery, unspecified"
"O71","category","O60-O75","Other obstetric trauma"
"O71.0","category","O71","Rupture of uterus before onset of labour"
"O71.1","category","O71","Rupture of uterus during labour"
"O71.2","category","O71","Postpartum inversion of uterus"
"O71.3","category","O71","Obstetric laceration of cervix"
"O71.4","category","O71","Obstetric high vaginal laceration"
"O71.5","category","O71","Other obstetric injury to pelvic organs"
"O71.6","category","O71","Obstetric damage to pelvic joints and ligaments"
"O71.7","category","O71","Obstetric haematoma of pelvis"
"O71.8","category","O71","Other specified obstetric trauma"
"O71.9","category","O71","Obstetric trauma, unspecified"
"O72","category","O60-O75","Postpartum haemorrhage"
"O72.0","category","O72","Third-stage haemorrhage"
"O72.1","category","O72","Other immediate postpartum haemorrhage"
"O72.2","category","O72","Delayed and secondary postpartum haemorrhage"
"O72.3","category","O72","Postpartum coagulation defects"
"O73","category","O60-O75","Retained placenta and membranes, without haemorrhage"
"O73.0","category","O73","Retained placenta without haemorrhage"
"O73.1","category","O73","Retained portions of placenta and membranes, without haemorrhage"
"O74","category","O60-O75","Complications of anaesthesia during labour and delivery"
"O74.0","category","O74","Aspiration pneumonitis due to anaesthesia during labour and delivery"
"O74.1","category","O74","Other pulmonary complications of anaesthesia during labour and delivery"
"O74.2","category","O74","Cardiac complications of anaesthesia during labour and delivery"
"O74.3","category","O74","Central nervous system complications of anaesthesia during labour and delivery"
"O74.4","category","O74","Toxic reaction to local anaesthesia during labour and delivery"
"O74.5","category","O74","Spinal and epidural anaesthesia-induced headache during labour and delivery"
"O74.6","category","O74","Other complications of spinal and epidural anaesthesia during labour and delivery"
"O74.7","category","O74","Failed or difficult intubation during labour and delivery"
"O74.8","category","O74","Other complications of anaesthesia during labour and delivery"
"O74.9","category","O74","Complication of anaesthesia during labour and delivery, unspecified"
"O75","category","O60-O75","Other complications of labour and delivery, not elsewhere classified"
"O75.0","category","O75","Maternal distress during labour and delivery"
"O75.1","category","O75","Shock during or following labour and delivery"
"O75.2","category","O75","Pyrexia during labour, not elsewhere classified"
"O75.3","category","O75","Other infection during labour"
"O75.4","category","O75","Other complications of obstetric surgery and procedures"
"O75.5","category","O75","Delayed delivery after artificial rupture of membranes"
"O75.6","category","O75","Delayed delivery after spontaneous or unspecified rupture of membranes"
"O75.7","category","O75","Vaginal delivery following previous caesarean section"
"O75.8","category","O75","Other specified complications of labour and delivery"
"O75.9","category","O75","Complication of labour and delivery, unspecified"
"O80-O84","block","XV","Delivery"
"O80","category","O80-O84","Single spontaneous delivery"
"O80.0","category","O80","Spontaneous vertex delivery"
"O80.1","category","O80","Spontaneous breech delivery"
"O80.8","category","O80","Other single spontaneous delivery"
"O80.9","category","O80","Single spontaneous delivery, unspecified"
"O81","category","O80-O84","Single delivery by forceps and vacuum extractor"
"O81.0","category","O81","Low forceps delivery"
"O81.1","category","O81","Mid-cavity forceps delivery"
"O81.2","category","O81","Mid-cavity forceps with rotation"
"O81.3","category","O81","Other and unspecified forceps delivery"
"O81.4","category","O81","Vacuum extractor delivery"
"O81.5","category","O81","Delivery by combination of forceps and vacuum extractor"
"O82","category","O80-O84","Single delivery by caesarean section"
"O82.0","category","O82","Delivery by elective caesarean section"
"O82.1","category","O82","Delivery by emergency caesarean section"
"O82.2","category","O82","Delivery by caesarean hysterectomy"
"O82.8","category","O82","Other single delivery by caesarean section"
"O82.9","category","O82","Delivery by caesarean section, unspecified"
"O83","category","O80-O84","Other assisted single delivery"
"O83.0","category","O83","Breech extraction"
"O83.1","category","O83","Other assisted breech delivery"
"O83.2","category","O83","Other manipulation-assisted delivery"
"O83.3","category","O83","Delivery of viable fetus in abdominal pregnancy"
"O83.4","category","O83","Destructive operation for delivery"
"O83.8","category","O83","Other specified assisted single delivery"
"O83.9","category","O83","Assisted single delivery, unspecified"
"O84","category","O80-O84","Multiple delivery"
"O84.0","category","O84","Multiple delivery, all spontaneous"
"O84.1","category","O84","Multiple delivery, all by forceps and vacuum extractor"
"O84.2","category","O84","Multiple delivery, all by caesarean section"
"O84.8","category","O84","Other multiple delivery"
"O84.9","category","O84","Multiple delivery, unspecified"
"O85-O92","block","XV","Complications predominantly related to the puerperium"
"O85","category","O85-O92","Puerperal sepsis"
"O86","category","O85-O92","Other puerperal infections"
"O86.0","category","O86","Infection of obstetric surgical wound"
"O86.1","category","O86","Other infection of genital tract following delivery"
"O86.2","category","O86","Urinary tract infection following delivery"
"O86.3","category","O86","Other genitourinary tract infections following delivery"
"O86.4","category","O86","Pyrexia of unknown origin following delivery"
"O86.8","category","O86","Other specified puerperal infections"
"O87","category","O85-O92","Venous complications and haemorrhoids in the puerperium"
"O87.0","category","O87","Superficial thrombophlebitis in the puerperium"
"O87.1","category","O87","Deep phlebothrombosis in the puerperium"
"O87.2","category","O87","Haemorrhoids in the puerperium"
"O87.3","category","O87","Cerebral venous thrombosis in the puerperium"
"O87.8","category","O87","Other venous complications in the puerperium"
"O87.9","category","O87","Venous complication in the puerperium, unspecified"
"O88","category","O85-O92","Obstetric embolism"
"O88.0","category","O88","Obstetric air embolism"
"O88.1","category","O88","Amniotic fluid embolism"
"O88.2","category","O88","Obstetric blood-clot embolism"
"O88.3","category","O88","Obstetric pyaemic and septic embolism"
"O88.8","category","O88","Other obstetric embolism"
"O89","category","O85-O92","Complications of anaesthesia during the puerperium"
"O89.0","category","O89","Pulmonary complications of anaesthesia during the puerperium"
"O89.1","category","O89","Cardiac complications of anaesthesia during the puerperium"
"O89.2","category","O89","Central nervous system complications of anaesthesia during the puerperium"
"O89.3","category","O89","Toxic reaction to local anaesthesia during the puerperium"
"O89.4","category","O89","Spinal and epidural anaesthesia-induced headache during the puerperium"
"O89.5","category","O89","Other complications of spinal and epidural anaesthesia during the puerperium"
"O89.6","category","O89","Failed or difficult intubation during the puerperium"
"O89.8","category","O89","Other complications of anaesthesia during the puerperium"
"O89.9","category","O89","Complication of anaesthesia during the puerperium, unspecified"
"O90","category","O85-O92","Complications of the puerperium, not elsewhere classified"
"O90.0","category","O90","Disruption of caesarean section wound"
"O90.1","category","O90","Disruption of perineal obstetric wound"
"O90.2","category","O90","Haematoma of obstetric wound"
"O90.3","category","O90","Cardiomyopathy in the puerperium"
"O90.4","category","O90","Postpartum acute renal failure"
"O90.5","category","O90","Postpartum thyroiditis"
"O90.8","category","O90","Other complications of the puerperium, not elsewhere classified"
"O90.9","category","O90","Complication of the puerperium, unspecified"
"O91","category","O85-O92","Infections of breast associated with childbirth"
"O91.0","category","O91","Infection of nipple associated with childbirth"
"O91.1","category","O91","Abscess of breast associated with childbirth"
"O91.2","category","O91","Nonpurulent mastitis associated with childbirth"
"O92","category","O85-O92","Other disorders of breast and lactation associated with childbirth"
"O92.0","category","O92","Retracted nipple associated with childbirth"
"O92.1","category","O92","Cracked nipple associated with childbirth"
"O92.2","category","O92","Other and unspecified disorders of breast associated with childbirth"
"O92.3","category","O92","Agalactia"
"O92.4","category","O92","Hypogalactia"
"O92.5","category","O92","Suppressed lactation"
"O92.6","category","O92","Galactorrhoea"
"O92.7","category","O92","Other and unspecified disorders of lactation"
"O94-O99","block","XV","Other obstetric conditions, not elsewhere classified"
"O94","category","O94-O99","Sequelae of complication of pregnancy, childbirth and the puerperium"
"O95","category","O94-O99","Obstetric death of unspecified cause"
"O96","category","O94-O99","Death from any obstetric cause occurring more than 42 days but less than one year after delivery"
"O96.0","category","O96","Death from direct obstetric cause occurring more than 42 days but less than one year after delivery"
"O96.1","category","O96","Death from indirect obstetric cause occurring more than 42 days but less than one year after delivery"
"O96.9","category","O96","Death from unspecified obstetric cause occurring more than 42 days but less than one year after delivery"
"O97","category","O94-O99","Death from sequelae of obstetric causes"
"O97.0","category","O97","Death from sequelae of direct obstetric cause"
"O97.1","category","O97","Death from sequelae of indirect obstetric cause"
"O97.9","category","O97","Death from sequelae of obstetric cause, unspecified"
"O98","category","O94-O99","Maternal infectious and parasitic diseases classifiable elsewhere but complicating pregnancy, childbirth and the puerperium"
"O98.0","category","O98","Tuberculosis complicating pregnancy, childbirth and the puerperium"
"O98.1","category","O98","Syphilis complicating pregnancy, childbirth and the puerperium"
"O98.2","category","O98","Gonorrhoea complicating pregnancy, childbirth and the puerperium"
"O98.3","category","O98","Other infections with a predominantly sexual mode of transmission complicating pregnancy, childbirth and the puerperium"
"O98.4","category","O98","Viral hepatitis complicating pregnancy, childbirth and the puerperium"
"O98.5","category","O98","Other viral diseases complicating pregnancy, childbirth and the puerperium"
"O98.6","category","O98","Protozoal diseases complicating pregnancy, childbirth and the puerperium"
"O98.7","category","O98","Human immunodeficiency virus [HIV] disease complicating pregnancy, childbirth and the puerperium"
"O98.8","category","O98","Other maternal infectious and parasitic diseases complicating pregnancy, childbirth and the puerperium"
"O98.9","category","O98","Unspecified maternal infectious or parasitic disease complicating pregnancy, childbirth and the puerperium"
"O99","category","O94-O99","Other maternal diseases classifiable elsewhere but complicating pregnancy, childbirth and the puerperium"
"O99.0","category","O99","Anaemia complicating pregnancy, childbirth and the puerperium"
"O99.1","category","O99","Other diseases of the blood and blood-forming organs and certain disorders involving the immune mechanism complicating pregnancy, childbirth and the puerperium"
"O99.2","category","O99","Endocrine, nutritional and metabolic diseases complicating pregnancy, childbirth and the puerperium"
"O99.3","category","O99","Mental disorders and diseases of the nervous system complicating pregnancy, childbirth and the puerperium"
"O99.4","category","O99","Diseases of the circulatory system complicating pregnancy, childbirth and the puerperium"
"O99.5","category","O99","Diseases of the respiratory system complicating pregnancy, childbirth and the puerperium"
"O99.6","category","O99","Diseases of the digestive system complicating pregnancy, childbirth and the puerperium"
"O99.7","category","O99","Diseases of the skin and subcutaneous tissue complicating pregnancy, childbirth and the puerperium"
"O99.8","category","O99","Other specified diseases and conditions complicating pregnancy, childbirth and the puerperium"
"XVI","chapter","","Certain conditions originating in the perinatal period"
"P00-P04","block","XVI","Fetus and newborn affected by maternal factors and by complications of pregnancy, labour and delivery"
"P00","category","P00-P04","Fetus and newborn affected by maternal conditions that may be unrelated to present pregnancy"
"P00.0","category","P00","Fetus and newborn affected by maternal hypertensive disorders"
"P00.1","category","P00","Fetus and newborn affected by maternal renal and urinary tract diseases"
"P00.2","category","P00","Fetus and newborn affected by maternal infectious and parasitic diseases"
"P00.3","category","P00","Fetus and newborn affected by other maternal circulatory and respiratory diseases"
"P00.4","category","P00","Fetus and newborn affected by maternal nutritional disorders"
"P00.5","category","P00","Fetus and newborn affected by maternal injury"
"P00.6","category","P00","Fetus and newborn affected by surgical procedure on mother"
"P00.7","category","P00","Fetus and newborn affected by other medical procedures on mother, not elsewhere classified"
"P00.8","category","P00","Fetus and newborn affected by other maternal conditions"
"P00.9","category","P00","Fetus and newborn affected by unspecified maternal condition"
"P01","category","P00-P04","Fetus and newborn affected by maternal complications of pregnancy"
"P01.0","category","P01","Fetus and newborn affected by incompetent cervix"
"P01.1","category","P01","Fetus and newborn affected by premature rupture of membranes"
"P01.2","category","P01","Fetus and newborn affected by oligohydramnios"
"P01.3","category","P01","Fetus and newborn affected by polyhydramnios"
"P01.4","category","P01","Fetus and newborn affected by ectopic pregnancy"
"P01.5","category","P01","Fetus and newborn affected by multiple pregnancy"
"P01.6","category","P01","Fetus and newborn affected by maternal death"
"P01.7","category","P01","Fetus and newborn affected by malpresentation before labour"
"P01.8","category","P01","Fetus and newborn affected by other maternal complications of pregnancy"
"P01.9","category","P01","Fetus and newborn affected by maternal complication of pregnancy, unspecified"
"P02","category","P00-P04","Fetus and newborn affected by complications of placenta, cord and membranes"
"P02.0","category","P02","Fetus and newborn affected by placenta praevia"
"P02.1","category","P02","Fetus and newborn affected by other forms of placental separation and haemorrhage"
"P02.2","category","P02","Fetus and newborn affected by other and unspecified morphological and functional abnormalities of placenta"
"P02.3","category","P02","Fetus and newborn affected by placental transfusion syndromes"
"P02.4","category","P02","Fetus and newborn affected by prolapsed cord"
"P02.5","category","P02","Fetus and newborn affected by other compression of umbilical cord"
"P02.6","category","P02","Fetus and newborn affected by other and unspecified conditions of umbilical cord"
"P02.7","category","P02","Fetus and newborn affected by chorioamnionitis"
"P02.8","category","P02","Fetus and newborn affected by other abnormalities of membranes"
"P02.9","category","P02","Fetus and newborn affected by abnormality of membranes, unspecified"
"P03","category","P00-P04","Fetus and newborn affected by other complications of labour and delivery"
"P03.0","category","P03","Fetus and newborn affected by breech delivery and extraction"
"P03.1","category","P03","Fetus and newborn affected by other malpresentation, malposition and disproportion during labour and delivery"
"P03.2","category","P03","Fetus and newborn affected by forceps delivery"
"P03.3","category","P03","Fetus and newborn affected by delivery by vacuum extractor [ventouse]"
"P03.4","category","P03","Fetus and newborn affected by caesarean delivery"
"P03.5","category","P03","Fetus and newborn affected by precipitate delivery"
"P03.6","category","P03","Fetus and newborn affected by abnormal uterine contractions"
"P03.8","category","P03","Fetus and newborn affected by other specified complications of labour and delivery"
"P03.9","category","P03","Fetus and newborn affected by complication of labour and delivery, unspecified"
"P04","category","P00-P04","Fetus and newborn affected by noxious influences transmitted via placenta or breast milk"
"P04.0","category","P04","Fetus and newborn affected by maternal anaesthesia and analgesia in pregnancy, labour and delivery"
"P04.1","category","P04","Fetus and newborn affected by other maternal medication"
"P04.2","category","P04","Fetus and newborn affected by maternal use of tobacco"
"P04.3","category","P04","Fetus and newborn affected by maternal use of alcohol"
"P04.4","category","P04","Fetus and newborn affected by maternal use of drugs of addiction"
"P04.5","category","P04","Fetus and newborn affected by maternal use of nutritional chemical substances"
"P04.6","category","P04","Fetus and newborn affected by maternal exposure to environmental chemical substances"
"P04.8","category","P04","Fetus and newborn affected by other maternal noxious influences"
"P04.9","category","P04","Fetus and newborn affected by maternal noxious influence, unspecified"
"P05-P08","block","XVI","Disorders related to length of gestation and fetal growth"
"P05","category","P05-P08","Slow fetal growth and fetal malnutrition"
"P05.0","category","P05","Light for gestational age"
"P05.1","category","P05","Small for gestational age"
"P05.2","category","P05","Fetal malnutrition without mention of light or small for gestational age"
"P05.9","category","P05","Slow fetal growth, unspecified"
"P07","category","P05-P08","Disorders related to short gestation and low birth weight, not elsewhere classified"
"P07.0","category","P07","Extremely low birth weight"
"P07.1","category","P07","Other low birth weight"
"P07.2","category","P07","Extreme immaturity"
"P07.3","category","P07","Other preterm infants"
"P08","category","P05-P08","Disorders related to long gestation and high birth weight"
"P08.0","category","P08","Exceptionally large baby"
"P08.1","category","P08","Other heavy for gestational age infants"
"P08.2","category","P08","Post-term infant, not heavy for gestational age"
"P10-P15","block","XVI","Birth trauma"
"P10","category","P10-P15","Intracranial laceration and haemorrhage due to birth injury"
"P10.0","category","P10","Subdural haemorrhage due to birth injury"
"P10.1","category","P10","Cerebral haemorrhage due to birth injury"
"P10.2","category","P10","Intraventricular haemorrhage due to birth injury"
"P10.3","category","P10","Subarachnoid haemorrhage due to birth injury"
"P10.4","category","P10","Tentorial tear due to birth injury"
"P10.8","category","P10","Other intracranial lacerations and haemorrhages due to birth injury"
"P10.9","category","P10","Unspecified intracranial laceration and haemorrhage due to birth injury"
"P11","category","P10-P15","Other birth injuries to central nervous system"
"P11.0","category","P11","Cerebral oedema due to birth injury"
"P11.1","category","P11","Other specified brain damage due to birth injury"
"P11.2","category","P11","Unspecified brain damage due to birth injury"
"P11.3","category","P11","Birth injury to facial nerve"
"P11.4","category","P11","Birth injury to other cranial nerves"
"P11.5","category","P11","Birth injury to spine and spinal cord"
"P11.9","category","P11","Birth injury to central nervous system, unspecified"
"P12","category","P10-P15","Birth injury to scalp"
"P12.0","category","P12","Cephalhaematoma due to birth injury"
"P12.1","category","P12","Chignon due to birth injury"
"P12.2","category","P12","Epicranial subaponeurotic haemorrhage due to birth injury"
"P12.3","category","P12","Bruising of scalp due to birth injury"
"P12.4","category","P12","Monitoring injury of scalp of newborn"
"P12.8","category","P12","Other birth injuries to scalp"
"P12.9","category","P12","Birth injury to scalp, unspecified"
"P13","category","P10-P15","Birth injury to skeleton"
"P13.0","category","P13","Fracture of skull due to birth injury"
"P13.1","category","P13","Other birth injuries to skull"
"P13.2","category","P13","Birth injury to femur"
"P13.3","category","P13","Birth injury to other long bones"
"P13.4","category","P13","Fracture of clavicle due to birth injury"
"P13.8","category","P13","Birth injuries to other parts of skeleton"
"P13.9","category","P13","Birth injury to skeleton, unspecified"
"P14","category","P10-P15","Birth injury to peripheral nervous system"
"P14.0","category","P14","Erb paralysis due to birth injury"
"P14.1","category","P14","Klumpke paralysis due to birth injury"
"P14.2","category","P14","Phrenic nerve paralysis due to birth injury"
"P14.3","category","P14","Other brachial plexus birth injuries"
"P14.8","category","P14","Birth injuries to other parts of peripheral nervous system"
"P14.9","category","P14","Birth injury to peripheral nervous system, unspecified"
"P15","category","P10-P15","Other birth injuries"
"P15.0","category","P15","Birth injury to liver"
"P15.1","category","P15","Birth injury to spleen"
"P15.2","category","P15","Sternomastoid injury due to birth injury"
"P15.3","category","P15","Birth injury to eye"
"P15.4","category","P15","Birth injury to face"
"P15.5","category","P15","Birth injury to external genitalia"
"P15.6","category","P15","Subcutaneous fat necrosis due to birth injury"
"P15.8","category","P15","Other specified birth injuries"
"P15.9","category","P15","Birth injury, unspecified"
"P20-P29","block","XVI","Respiratory and cardiovascular disorders specific to the perinatal period"
"P20","category","P20-P29","Intrauterine hypoxia"
"P20.0","category","P20","Intrauterine hypoxia first noted before onset of labour"
"P20.1","category","P20","Intrauterine hypoxia first noted during labour and delivery"
"P20.9","category","P20","Intrauterine hypoxia, unspecified"
"P21","category","P20-P29","Birth asphyxia"
"P21.0","category","P21","Severe birth asphyxia"
"P21.1","category","P21","Mild and moderate birth asphyxia"
"P21.9","category","P21","Birth asphyxia, unspecified"
"P22","category","P20-P29","Respiratory distress of newborn"
"P22.0","category","P22","Respiratory distress syndrome of newborn"
"P22.1","category","P22","Transient tachypnoea of newborn"
"P22.8","category","P22","Other respiratory distress of newborn"
"P22.9","category","P22","Respiratory distress of newborn, unspecified"
"P23","category","P20-P29","Congenital pneumonia"
"P23.0","category","P23","Congenital pneumonia due to viral agent"
"P23.1","category","P23","Congenital pneumonia due to Chlamydia"
"P23.2","category","P23","Congenital pneumonia due to staphylococcus"
"P23.3","category","P23","Congenital pneumonia due to streptococcus, group B"
"P23.4","category","P23","Congenital pneumonia due to Escherichia coli"
"P23.5","category","P23","Congenital pneumonia due to Pseudomonas"
"P23.6","category","P23","Congenital pneumonia due to other bacterial agents"
"P23.8","category","P23","Congenital pneumonia due to other organisms"
"P23.9","category","P23","Congenital pneumonia, unspecified"
"P24","category","P20-P29","Neonatal aspiration syndromes"
"P24.0","category","P24","Neonatal aspiration of meconium"
"P24.1","category","P24","Neonatal aspiration of amniotic fluid and mucus"
"P24.2","category","P24","Neonatal aspiration of blood"
"P24.3","category","P24","Neonatal aspiration of milk and regurgitated food"
"P24.8","category","P24","Other neonatal aspiration syndromes"
"P24.9","category","P24","Neonatal aspiration syndrome, unspecified"
"P25","category","P20-P29","Interstitial emphysema and related conditions originating in the perinatal period"
"P25.0","category","P25","Interstitial emphysema originating in the perinatal period"
"P25.1","category","P25","Pneumothorax originating in the perinatal period"
"P25.2","category","P25","Pneumomediastinum originating in the perinatal period"
"P25.3","category","P25","Pneumopericardium originating in the perinatal period"
"P25.8","category","P25","Other conditions related to interstitial emphysema originating in the perinatal period"
"P26","category","P20-P29","Pulmonary haemorrhage originating in the perinatal period"
"P26.0","category","P26","Tracheobronchial haemorrhage originating in the perinatal period"
"P26.1","category","P26","Massive pulmonary haemorrhage originating in the perinatal period"
"P26.8","category","P26","Other pulmonary haemorrhages originating in the perinatal period"
"P26.9","category","P26","Unspecified pulmonary haemorrhage originating in the perinatal period"
"P27","category","P20-P29","Chronic respiratory disease originating in the perinatal period"
"P27.0","category","P27","Wilson-Mikity syndrome"
"P27.1","category","P27","Bronchopulmonary dysplasia originating in the perinatal period"
"P27.8","category","P27","Other chronic respiratory diseases originating in the perinatal period"
"P27.9","category","P27","Unspecified chronic respiratory disease originating in the perinatal period"
"P28","category","P20-P29","Other respiratory conditions originating in the perinatal period"
"P28.0","category","P28","Primary atelectasis of newborn"
"P28.1","category","P28","Other and unspecified atelectasis of newborn"
"P28.2","category","P28","Cyanotic attacks of newborn"
"P28.3","category","P28","Primary sleep apnoea of newborn"
"P28.4","category","P28","Other apnoea of newborn"
"P28.5","category","P28","Respiratory failure of newborn"
"P28.8","category","P28","Other specified respiratory conditions of newborn"
"P28.9","category","P28","Respiratory condition of newborn, unspecified"
"P29","category","P20-P29","Cardiovascular disorders originating in the perinatal period"
"P29.0","category","P29","Neonatal cardiac failure"
"P29.1","category","P29","Neonatal cardiac dysrhythmia"
"P29.2","category","P29","Neonatal hypertension"
"P29.3","category","P29","Persistent fetal circulation"
"P29.4","category","P29","Transient myocardial ischaemia of newborn"
"P29.8","category","P29","Other cardiovascular disorders originating in the perinatal period"
"P29.9","category","P29","Cardiovascular disorder originating in the perinatal period, unspecified"
"P35-P39","block","XVI","Infections specific to the perinatal period"
"P35","category","P35-P39","Congenital viral diseases"
"P35.0","category","P35","Congenital rubella syndrome"
"P35.1","category","P35","Congenital cytomegalovirus infection"
"P35.2","category","P35","Congenital herpesviral [herpes simplex] infection"
"P35.3","category","P35","Congenital viral hepatitis"
"P35.4","category","P35","Congenital Zika virus disease"
"P35.8","category","P35","Other congenital viral diseases"
"P35.9","category","P35","Congenital viral disease, unspecified"
"P36","category","P35-P39","Bacterial sepsis of newborn"
"P36.0","category","P36","Sepsis of newborn due to streptococcus, group B"
"P36.1","category","P36","Sepsis of newborn due to other and unspecified streptococci"
"P36.2","category","P36","Sepsis of newborn due to Staphylococcus aureus"
"P36.3","category","P36","Sepsis of newborn due to other and unspecified staphylococci"
"P36.4","category","P36","Sepsis of newborn due to Escherichia coli"
"P36.5","category","P36","Sepsis of newborn due to anaerobes"
"P36.8","category","P36","Other bacterial sepsis of newborn"
"P36.9","category","P36","Bacterial sepsis of newborn, unspecified"
"P37","category","P35-P39","Other congenital infectious and parasitic diseases"
"P37.0","category","P37","Congenital tuberculosis"
"P37.1","category","P37","Congenital toxoplasmosis"
"P37.2","category","P37","Neonatal (disseminated) listeriosis"
"P37.3","category","P37","Congenital falciparum malaria"
"P37.4","category","P37","Other congenital malaria"
"P37.5","category","P37","Neonatal candidiasis"
"P37.8","category","P37","Other specified congenital infectious and parasitic diseases"
"P37.9","category","P37","Congenital infectious and parasitic disease, unspecified"
"P38","category","P35-P39","Omphalitis of newborn with or without mild haemorrhage"
"P39","category","P35-P39","Other infections specific to the perinatal period"
"P39.0","category","P39","Neonatal infective mastitis"
"P39.1","category","P39","Neonatal conjunctivitis and dacryocystitis"
"P39.2","category","P39","Intra-amniotic infection of fetus, not elsewhere classified"
"P39.3","category","P39","Neonatal urinary tract infection"
"P39.4","category","P39","Neonatal skin infection"
"P39.8","category","P39","Other specified infections specific to the perinatal period"
"P39.9","category","P39","Infection specific to the perinatal period, unspecified"
"P50-P61","block","XVI","Haemorrhagic and haematological disorders of fetus and newborn"
"P50","category","P50-P61","Fetal blood loss"
"P50.0","category","P50","Fetal blood loss from vasa praevia"
"P50.1","category","P50","Fetal blood loss from ruptured cord"
"P50.2","category","P50","Fetal blood loss from placenta"
"P50.3","category","P50","Haemorrhage into co-twin"
"P50.4","category","P50","Haemorrhage into maternal circulation"
"P50.5","category","P50","Fetal blood loss from cut end of co-twin's cord"
"P50.8","category","P50","Other fetal blood loss"
"P50.9","category","P50","Fetal blood loss, unspecified"
"P51","category","P50-P61","Umbilical haemorrhage of newborn"
"P51.0","category","P51","Massive umbilical haemorrhage of newborn"
"P51.8","category","P51","Other umbilical haemorrhages of newborn"
"P51.9","category","P51","Umbilical haemorrhage of newborn, unspecified"
"P52","category","P50-P61","Intracranial nontraumatic haemorrhage of fetus and newborn"
"P52.0","category","P52","Intraventricular (nontraumatic) haemorrhage, grade 1, of fetus and newborn"
"P52.1","category","P52","Intraventricular (nontraumatic) haemorrhage, grade 2, of fetus and newborn"
"P52.2","category","P52","Intraventricular (nontraumatic) haemorrhage, grade 3, and grade 4 of fetus and newborn"
"P52.3","category","P52","Unspecified intraventricular (nontraumatic) haemorrhage of fetus and newborn"
"P52.4","category","P52","Intracerebral (nontraumatic) haemorrhage of fetus and newborn"
"P52.5","category","P52","Subarachnoid (nontraumatic) haemorrhage of fetus and newborn"
"P52.6","category","P52","Cerebellar (nontraumatic) and posterior fossa haemorrhage of fetus and newborn"
"P52.8","category","P52","Other intracranial (nontraumatic) haemorrhages of fetus and newborn"
"P52.9","category","P52","Intracranial (nontraumatic) haemorrhage of fetus and newborn, unspecified"
"P53","category","P50-P61","Haemorrhagic disease of fetus and newborn"
"P54","category","P50-P61","Other neonatal haemorrhages"
"P54.0","category","P54","Neonatal haematemesis"
"P54.1","category","P54","Neonatal melaena"
"P54.2","category","P54","Neonatal rectal haemorrhage"
"P54.3","category","P54","Other neonatal gastrointestinal haemorrhage"
"P54.4","category","P54","Neonatal adrenal haemorrhage"
"P54.5","category","P54","Neonatal cutaneous haemorrhage"
"P54.6","category","P54","Neonatal vaginal haemorrhage"
"P54.8","category","P54","Other specified neonatal haemorrhages"
"P54.9","category","P54","Neonatal haemorrhage, unspecified"
"P55","category","P50-P61","Haemolytic disease of fetus and newborn"
"P55.0","category","P55","Rh isoimmunization of fetus and newborn"
"P55.1","category","P55","ABO isoimmunization of fetus and newborn"
"P55.8","category","P55","Other haemolytic diseases of fetus and newborn"
"P55.9","category","P55","Haemolytic disease of fetus and newborn, unspecified"
"P56","category","P50-P61","Hydrops fetalis due to haemolytic disease"
"P56.0","category","P56","Hydrops fetalis due to isoimmunization"
"P56.9","category","P56","Hydrops fetalis due to other and unspecified haemolytic disease"
"P57","category","P50-P61","Kernicterus"
"P57.0","category","P57","Kernicterus due to isoimmunization"
"P57.8","category","P57","Other specified kernicterus"
"P57.9","category","P57","Kernicterus, unspecified"
"P58","category","P50-P61","Neonatal jaundice due to other excessive haemolysis"
"P58.0","category","P58","Neonatal jaundice due to bruising"
"P58.1","category","P58","Neonatal jaundice due to bleeding"
"P58.2","category","P58","Neonatal jaundice due to infection"
"P58.3","category","P58","Neonatal jaundice due to polycythaemia"
"P58.4","category","P58","Neonatal jaundice due to drugs or toxins transmitted from mother or given to newborn"
"P58.5","category","P58","Neonatal jaundice due to swallowed maternal blood"
"P58.8","category","P58","Neonatal jaundice due to other specified excessive haemolysis"
"P58.9","category","P58","Neonatal jaundice due to excessive haemolysis, unspecified"
"P59","category","P50-P61","Neonatal jaundice from other and unspecified causes"
"P59.0","category","P59","Neonatal jaundice associated with preterm delivery"
"P59.1","category","P59","Inspissated bile syndrome"
"P59.2","category","P59","Neonatal jaundice from other and unspecified hepatocellular damage"
"P59.3","category","P59","Neonatal jaundice from breast milk inhibitor"
"P59.8","category","P59","Neonatal jaundice from other specified causes"
"P59.9","category","P59","Neonatal jaundice, unspecified"
"P60","category","P50-P61","Disseminated intravascular coagulation of fetus and newborn"
"P61","category","P50-P61","Other perinatal haematological disorders"
"P61.0","category","P61","Transient neonatal thrombocytopenia"
"P61.1","category","P61","Polycythaemia neonatorum"
"P61.2","category","P61","Anaemia of prematurity"
"P61.3","category","P61","Congenital anaemia from fetal blood loss"
"P61.4","category","P61","Other congenital anaemias, not elsewhere classified"
"P61.5","category","P61","Transient neonatal neutropenia"
"P61.6","category","P61","Other transient neonatal disorders of coagulation"
"P61.8","category","P61","Other specified perinatal haematological disorders"
"P61.9","category","P61","Perinatal haematological disorder, unspecified"
"P70-P74","block","XVI","Transitory endocrine and metabolic disorders specific to fetus and newborn"
"P70","category","P70-P74","Transitory disorders of carbohydrate metabolism specific to fetus and newborn"
"P70.0","category","P70","Syndrome of infant of mother with gestational diabetes"
"P70.1","category","P70","Syndrome of infant of a diabetic mother"
"P70.2","category","P70","Neonatal diabetes mellitus"
"P70.3","category","P70","Iatrogenic neonatal hypoglycaemia"
"P70.4","category","P70","Other neonatal hypoglycaemia"
"P70.8","category","P70","Other transitory disorders of carbohydrate metabolism of fetus and newborn"
"P70.9","category","P70","Transitory disorder of carbohydrate metabolism of fetus and newborn, unspecified"
"P71","category","P70-P74","Transitory neonatal disorders of calcium and magnesium metabolism"
"P71.0","category","P71","Cow milk hypocalcaemia in newborn"
"P71.1","category","P71","Other neonatal hypocalcaemia"
"P71.2","category","P71","Neonatal hypomagnesaemia"
"P71.3","category","P71","Neonatal tetany without calcium or magnesium deficiency"
"P71.4","category","P71","Transitory neonatal hypoparathyroidism"
"P71.8","category","P71","Other transitory neonatal disorders of calcium and magnesium metabolism"
"P71.9","category","P71","Transitory neonatal disorder of calcium and magnesium metabolism, unspecified"
"P72","category","P70-P74","Other transitory neonatal endocrine disorders"
"P72.0","category","P72","Neonatal goitre, not elsewhere classified"
"P72.1","category","P72","Transitory neonatal hyperthyroidism"
"P72.2","category","P72","Other transitory neonatal disorders of thyroid function, not elsewhere classified"
"P72.8","category","P72","Other specified transitory neonatal endocrine disorders"
"P72.9","category","P72","Transitory neonatal endocrine disorder, unspecified"
"P74","category","P70-P74","Other transitory neonatal electrolyte and metabolic disturbances"
"P74.0","category","P74","Late metabolic acidosis of newborn"
"P74.1","category","P74","Dehydration of newborn"
"P74.2","category","P74","Disturbances of sodium balance of newborn"
"P74.3","category","P74","Disturbances of potassium balance of newborn"
"P74.4","category","P74","Other transitory electrolyte disturbances of newborn"
"P74.5","category","P74","Transitory tyrosinaemia of newborn"
"P74.8","category","P74","Other transitory metabolic disturbances of newborn"
"P74.9","category","P74","Transitory metabolic disturbance of newborn, unspecified"
"P75-P78","block","XVI","Digestive system disorders of fetus and newborn"
"P75","category","P75-P78","Meconium ileus in cystic fibrosis E84.1"
"P76","category","P75-P78","Other intestinal obstruction of newborn"
"P76.0","category","P76","Meconium plug syndrome"
"P76.1","category","P76","Transitory ileus of newborn"
"P76.2","category","P76","Intestinal obstruction due to inspissated milk"
"P76.8","category","P76","Other specified intestinal obstruction of newborn"
"P76.9","category","P76","Intestinal obstruction of newborn, unspecified"
"P77","category","P75-P78","Necrotizing enterocolitis of fetus and newborn"
"P78","category","P75-P78","Other perinatal digestive system disorders"
"P78.0","category","P78","Perinatal intestinal perforation"
"P78.1","category","P78","Other neonatal peritonitis"
"P78.2","category","P78","Neonatal haematemesis and melaena due to swallowed maternal blood"
"P78.3","category","P78","Noninfective neonatal diarrhoea"
"P78.8","category","P78","Other specified perinatal digestive system disorders"
"P78.9","category","P78","Perinatal digestive system disorder, unspecified"
"P80-P83","block","XVI","Conditions involving the integument and temperature regulation of fetus and newborn"
"P80","category","P80-P83","Hypothermia of newborn"
"P80.0","category","P80","Cold injury syndrome"
"P80.8","category","P80","Other hypothermia of newborn"
"P80.9","category","P80","Hypothermia of newborn, unspecified"
"P81","category","P80-P83","Other disturbances of temperature regulation of newborn"
"P81.0","category","P81","Environmental hyperthermia of newborn"
"P81.8","category","P81","Other specified disturbances of temperature regulation of newborn"
"P81.9","category","P81","Disturbance of temperature regulation of newborn, unspecified"
"P83","category","P80-P83","Other conditions of integument specific to fetus and newborn"
"P83.0","category","P83","Sclerema neonatorum"
"P83.1","category","P83","Neonatal erythema toxicum"
"P83.2","category","P83","Hydrops fetalis not due to haemolytic disease"
"P83.3","category","P83","Other and unspecified oedema specific to fetus and newborn"
"P83.4","category","P83","Breast engorgement of newborn"
"P83.5","category","P83","Congenital hydrocele"
"P83.6","category","P83","Umbilical polyp of newborn"
"P83.8","category","P83","Other specified conditions of integument specific to fetus and newborn"
"P83.9","category","P83","Condition of integument specific to fetus and newborn, unspecified"
"P90-P96","block","XVI","Other disorders originating in the perinatal period"
"P90","category","P90-P96","Convulsions of newborn"
"P91","category","P90-P96","Other disturbances of cerebral status of newborn"
"P91.0","category","P91","Neonatal cerebral ischaemia"
"P91.1","category","P91","Acquired periventricular cysts of newborn"
"P91.2","category","P91","Neonatal cerebral leukomalacia"
"P91.3","category","P91","Neonatal cerebral irritability"
"P91.4","category","P91","Neonatal cerebral depression"
"P91.5","category","P91","Neonatal coma"
"P91.6","category","P91","Hypoxic ischaemic encephalopathy of newborn"
"P91.7","category","P91","Acquired hydrocephalus of newborn"
"P91.8","category","P91","Other specified disturbances of cerebral status of newborn"
"P91.9","category","P91","Disturbance of cerebral status of newborn, unspecified"
"P92","category","P90-P96","Feeding problems of newborn"
"P92.0","category","P92","Vomiting in newborn"
"P92.1","category","P92","Regurgitation and rumination in newborn"
"P92.2","category","P92","Slow feeding of newborn"
"P92.3","category","P92","Underfeeding of newborn"
"P92.4","category","P92","Overfeeding of newborn"
"P92.5","category","P92","Neonatal difficulty in feeding at breast"
"P92.8","category","P92","Other feeding problems of newborn"
"P92.9","category","P92","Feeding problem of newborn, unspecified"
"P93","category","P90-P96","Reactions and intoxications due to drugs administered to fetus and newborn"
"P94","category","P90-P96","Disorders of muscle tone of newborn"
"P94.0","category","P94","Transient neonatal myasthenia gravis"
"P94.1","category","P94","Congenital hypertonia"
"P94.2","category","P94","Congenital hypotonia"
"P94.8","category","P94","Other disorders of muscle tone of newborn"
"P94.9","category","P94","Disorder of muscle tone of newborn, unspecified"
"P95","category","P90-P96","Fetal death of unspecified cause"
"P96","category","P90-P96","Other conditions originating in the perinatal period"
"P96.0","category","P96","Congenital renal failure"
"P96.1","category","P96","Neonatal withdrawal symptoms from maternal use of drugs of addiction"
"P96.2","category","P96","Withdrawal symptoms from therapeutic use of drugs in newborn"
"P96.3","category","P96","Wide cranial sutures of newborn"
"P96.4","category","P96","Termination of pregnancy, affecting fetus and newborn"
"P96.5","category","P96","Complications of intrauterine procedures, not elsewhere classified"
"P96.8","category","P96","Other specified conditions originating in the perinatal period"
"P96.9","category","P96","Condition originating in the perinatal period, unspecified"
"XVII","chapter","","Congenital malformations, deformations and chromosomal abnormalities"
"Q00-Q07","block","XVII","Congenital malformations of the nervous system"
"Q00","category","Q00-Q07","Anencephaly and similar malformations"
"Q00.0","category","Q00","Anencephaly"
"Q00.1","category","Q00","Craniorachischisis"
"Q00.2","category","Q00","Iniencephaly"
"Q01","category","Q00-Q07","Encephalocele"
"Q01.0","category","Q01","Frontal encephalocele"
"Q01.1","category","Q01","Nasofrontal encephalocele"
"Q01.2","category","Q01","Occipital encephalocele"
"Q01.8","category","Q01","Encephalocele of other sites"
"Q01.9","category","Q01","Encephalocele, unspecified"
"Q02","category","Q00-Q07","Microcephaly"
"Q03","category","Q00-Q07","Congenital hydrocephalus"
"Q03.0","category","Q03","Malformations of aqueduct of Sylvius"
"Q03.1","category","Q03","Atresia of foramina of Magendie and Luschka"
"Q03.8","category","Q03","Other congenital hydrocephalus"
"Q03.9","category","Q03","Congenital hydrocephalus, unspecified"
"Q04","category","Q00-Q07","Other congenital malformations of brain"
"Q04.0","category","Q04","Congenital malformations of corpus callosum"
"Q04.1","category","Q04","Arhinencephaly"
"Q04.2","category","Q04","Holoprosencephaly"
"Q04.3","category","Q04","Other reduction deformities of brain"
"Q04.4","category","Q04","Septo-optic dysplasia"
"Q04.5","category","Q04","Megalencephaly"
"Q04.6","category","Q04","Congenital cerebral cysts"
"Q04.8","category","Q04","Other specified congenital malformations of brain"
"Q04.9","category","Q04","Congenital malformation of brain, unspecified"
"Q05","category","Q00-Q07","Spina bifida"
"Q05.0","category","Q05","Cervical spina bifida with hydrocephalus"
"Q05.1","category","Q05","Thoracic spina bifida with hydrocephalus"
"Q05.2","category","Q05","Lumbar spina bifida with hydrocephalus"
"Q05.3","category","Q05","Sacral spina bifida with hydrocephalus"
"Q05.4","category","Q05","Unspecified spina bifida with hydrocephalus"
"Q05.5","category","Q05","Cervical spina bifida without hydrocephalus"
"Q05.6","category","Q05","Thoracic spina bifida without hydrocephalus"
"Q05.7","category","Q05","Lumbar spina bifida without hydrocephalus"
"Q05.8","category","Q05","Sacral spina bifida without hydrocephalus"
"Q05.9","category","Q05","Spina bifida, unspecified"
"Q06","category","Q00-Q07","Other congenital malformations of spinal cord"
"Q06.0","category","Q06","Amyelia"
"Q06.1","category","Q06","Hypoplasia and dysplasia of spinal cord"
"Q06.2","category","Q06","Diastematomyelia"
"Q06.3","category","Q06","Other congenital cauda equina malformations"
"Q06.4","category","Q06","Hydromyelia"
"Q06.8","category","Q06","Other specified congenital malformations of spinal cord"
"Q06.9","category","Q06","Congenital malformation of spinal cord, unspecified"
"Q07","category","Q00-Q07","Other congenital malformations of nervous system"
"Q07.0","category","Q07","Arnold-Chiari syndrome"
"Q07.8","category","Q07","Other specified congenital malformations of nervous system"
"Q07.9","category","Q07","Congenital malformation of nervous system, unspecified"
"Q10-Q18","block","XVII","Congenital malformations of eye, ear, face and neck"
"Q10","category","Q10-Q18","Congenital malformations of eyelid, lacrimal apparatus and orbit"
"Q10.0","category","Q10","Congenital ptosis"
"Q10.1","category","Q10","Congenital ectropion"
"Q10.2","category","Q10","Congenital entropion"
"Q10.3","category","Q10","Other congenital malformations of eyelid"
"Q10.4","category","Q10","Absence and agenesis of lacrimal apparatus"
"Q10.5","category","Q10","Congenital stenosis and stricture of lacrimal duct"
"Q10.6","category","Q10","Other congenital malformations of lacrimal apparatus"
"Q10.7","category","Q10","Congenital malformation of orbit"
"Q11","category","Q10-Q18","Anophthalmos, microphthalmos and macrophthalmos"
"Q11.0","category","Q11","Cystic eyeball"
"Q11.1","category","Q11","Other anophthalmos"
"Q11.2","category","Q11","Microphthalmos"
"Q11.3","category","Q11","Macrophthalmos"
"Q12","category","Q10-Q18","Congenital lens malformations"
"Q12.0","category","Q12","Congenital cataract"
"Q12.1","category","Q12","Congenital displaced lens"
"Q12.2","category","Q12","Coloboma of lens"
"Q12.3","category","Q12","Congenital aphakia"
"Q12.4","category","Q12","Spherophakia"
"Q12.8","category","Q12","Other congenital lens malformations"
"Q12.9","category","Q12","Congenital lens malformation, unspecified"
"Q13","category","Q10-Q18","Congenital malformations of anterior segment of eye"
"Q13.0","category","Q13","Coloboma of iris"
"Q13.1","category","Q13","Absence of iris"
"Q13.2","category","Q13","Other congenital malformations of iris"
"Q13.3","category","Q13","Congenital corneal opacity"
"Q13.4","category","Q13","Other congenital corneal malformations"
"Q13.5","category","Q13","Blue sclera"
"Q13.8","category","Q13","Other congenital malformations of anterior segment of eye"
"Q13.9","category","Q13","Congenital malformation of anterior segment of eye, unspecified"
"Q14","category","Q10-Q18","Congenital malformations of posterior segment of eye"
"Q14.0","category","Q14","Congenital malformation of vitreous humour"
"Q14.1","category","Q14","Congenital malformation of retina"
"Q14.2","category","Q14","Congenital malformation of optic disc"
"Q14.3","category","Q14","Congenital malformation of choroid"
"Q14.8","category","Q14","Other congenital malformations of posterior segment of eye"
"Q14.9","category","Q14","Congenital malformation of posterior segment of eye, unspecified"
"Q15","category","Q10-Q18","Other congenital malformations of eye"
"Q15.0","category","Q15","Congenital glaucoma"
"Q15.8","category","Q15","Other specified congenital malformations of eye"
"Q15.9","category","Q15","Congenital malformation of eye, unspecified"
"Q16","category","Q10-Q18","Congenital malformations of ear causing impairment of hearing"
"Q16.0","category","Q16","Congenital absence of (ear) auricle"
"Q16.1","category","Q16","Congenital absence, atresia and stricture of auditory canal (external)"
"Q16.2","category","Q16","Absence of eustachian tube"
"Q16.3","category","Q16","Congenital malformation of ear ossicles"
"Q16.4","category","Q16","Other congenital malformations of middle ear"
"Q16.5","category","Q16","Congenital malformation of inner ear"
"Q16.9","category","Q16","Congenital malformation of ear causing impairment of hearing, unspecified"
"Q17","category","Q10-Q18","Other congenital malformations of ear"
"Q17.0","category","Q17","Accessory auricle"
"Q17.1","category","Q17","Macrotia"
"Q17.2","category","Q17","Microtia"
"Q17.3","category","Q17","Other misshapen ear"
"Q17.4","category","Q17","Misplaced ear"
"Q17.5","category","Q17","Prominent ear"
"Q17.8","category","Q17","Other specified congenital malformations of ear"
"Q17.9","category","Q17","Congenital malformation of ear, unspecified"
"Q18","category","Q10-Q18","Other congenital malformations of face and neck"
"Q18.0","category","Q18","Sinus, fistula and cyst of branchial cleft"
"Q18.1","category","Q18","Preauricular sinus and cyst"
"Q18.2","category","Q18","Other branchial cleft malformations"
"Q18.3","category","Q18","Webbing of neck"
"Q18.4","category","Q18","Macrostomia"
"Q18.5","category","Q18","Microstomia"
"Q18.6","category","Q18","Macrocheilia"
"Q18.7","category","Q18","Microcheilia"
"Q18.8","category","Q18","Other specified congenital malformations of face and neck"
"Q18.9","category","Q18","Congenital malformation of face and neck, unspecified"
"Q20-Q28","block","XVII","Congenital malformations of the circulatory system"
"Q20","category","Q20-Q28","Congenital malformations of cardiac chambers and connections"
"Q20.0","category","Q20","Common arterial trunk"
"Q20.1","category","Q20","Double outlet right ventricle"
"Q20.2","category","Q20","Double outlet left ventricle"
"Q20.3","category","Q20","Discordant ventriculoarterial connection"
"Q20.4","category","Q20","Double inlet ventricle"
"Q20.5","category","Q20","Discordant atrioventricular connection"
"Q20.6","category","Q20","Isomerism of atrial appendages"
"Q20.8","category","Q20","Other congenital malformations of cardiac chambers and connections"
"Q20.9","category","Q20","Congenital malformation of cardiac chambers and connections, unspecified"
"Q21","category","Q20-Q28","Congenital malformations of cardiac septa"
"Q21.0","category","Q21","Ventricular septal defect"
"Q21.1","category","Q21","Atrial septal defect"
"Q21.2","category","Q21","Atrioventricular septal defect"
"Q21.3","category","Q21","Tetralogy of Fallot"
"Q21.4","category","Q21","Aortopulmonary septal defect"
"Q21.8","category","Q21","Other congenital malformations of cardiac septa"
"Q21.9","category","Q21","Congenital malformation of cardiac septum, unspecified"
"Q22","category","Q20-Q28","Congenital malformations of pulmonary and tricuspid valves"
"Q22.0","category","Q22","Pulmonary valve atresia"
"Q22.1","category","Q22","Congenital pulmonary valve stenosis"
"Q22.2","category","Q22","Congenital pulmonary valve insufficiency"
"Q22.3","category","Q22","Other congenital malformations of pulmonary valve"
"Q22.4","category","Q22","Congenital tricuspid stenosis"
"Q22.5","category","Q22","Ebstein anomaly"
"Q22.6","category","Q22","Hypoplastic right heart syndrome"
"Q22.8","category","Q22","Other congenital malformations of tricuspid valve"
"Q22.9","category","Q22","Congenital malformation of tricuspid valve, unspecified"
"Q23","category","Q20-Q28","Congenital malformations of aortic and mitral valves"
"Q23.0","category","Q23","Congenital stenosis of aortic valve"
"Q23.1","category","Q23","Congenital insufficiency of aortic valve"
"Q23.2","category","Q23","Congenital mitral stenosis"
"Q23.3","category","Q23","Congenital mitral insufficiency"
"Q23.4","category","Q23","Hypoplastic left heart syndrome"
"Q23.8","category","Q23","Other congenital malformations of aortic and mitral valves"
"Q23.9","category","Q23","Congenital malformation of aortic and mitral valves, unspecified"
"Q24","category","Q20-Q28","Other congenital malformations of heart"
"Q24.0","category","Q24","Dextrocardia"
"Q24.1","category","Q24","Laevocardia"
"Q24.2","category","Q24","Cor triatriatum"
"Q24.3","category","Q24","Pulmonary infundibular stenosis"
"Q24.4","category","Q24","Congenital subaortic stenosis"
"Q24.5","category","Q24","Malformation of coronary vessels"
"Q24.6","category","Q24","Congenital heart block"
"Q24.8","category","Q24","Other specified congenital malformations of heart"
"Q24.9","category","Q24","Congenital malformation of heart, unspecified"
"Q25","category","Q20-Q28","Congenital malformations of great arteries"
"Q25.0","category","Q25","Patent ductus arteriosus"
"Q25.1","category","Q25","Coarctation of aorta"
"Q25.2","category","Q25","Atresia of aorta"
"Q25.3","category","Q25","Stenosis of aorta"
"Q25.4","category","Q25","Other congenital malformations of aorta"
"Q25.5","category","Q25","Atresia of pulmonary artery"
"Q25.6","category","Q25","Stenosis of pulmonary artery"
"Q25.7","category","Q25","Other congenital malformations of pulmonary artery"
"Q25.8","category","Q25","Other congenital malformations of great arteries"
"Q25.9","category","Q25","Congenital malformation of great arteries, unspecified"
"Q26","category","Q20-Q28","Congenital malformations of great veins"
"Q26.0","category","Q26","Congenital stenosis of vena cava"
"Q26.1","category","Q26","Persistent left superior vena cava"
"Q26.2","category","Q26","Total anomalous pulmonary venous connection"
"Q26.3","category","Q26","Partial anomalous pulmonary venous connection"
"Q26.4","category","Q26","Anomalous pulmonary venous connection, unspecified"
"Q26.5","category","Q26","Anomalous portal venous connection"
"Q26.6","category","Q26","Portal vein-hepatic artery fistula"
"Q26.8","category","Q26","Other congenital malformations of great veins"
"Q26.9","category","Q26","Congenital malformation of great vein, unspecified"
"Q27","category","Q20-Q28","Other congenital malformations of peripheral vascular system"
"Q27.0","category","Q27","Congenital absence and hypoplasia of umbilical artery"
"Q27.1","category","Q27","Congenital renal artery stenosis"
"Q27.2","category","Q27","Other congenital malformations of renal artery"
"Q27.3","category","Q27","Peripheral arteriovenous malformation"
"Q27.4","category","Q27","Congenital phlebectasia"
"Q27.8","category","Q27","Other specified congenital malformations of peripheral vascular system"
"Q27.9","category","Q27","Congenital malformation of peripheral vascular system, unspecified"
"Q28","category","Q20-Q28","Other congenital malformations of circulatory system"
"Q28.0","category","Q28","Arteriovenous malformation of precerebral vessels"
"Q28.1","category","Q28","Other malformations of precerebral vessels"
"Q28.2","category","Q28","Arteriovenous malformation of cerebral vessels"
"Q28.3","category","Q28","Other malformations of cerebral vessels"
"Q28.8","category","Q28","Other specified congenital malformations of circulatory system"
"Q28.9","category","Q28","Congenital malformation of circulatory system, unspecified"
"Q30-Q34","block","XVII","Congenital malformations of the respiratory system"
"Q30","category","Q30-Q34","Congenital malformations of nose"
"Q30.0","category","Q30","Choanal atresia"
"Q30.1","category","Q30","Agenesis and underdevelopment of nose"
"Q30.2","category","Q30","Fissured, notched and cleft nose"
"Q30.3","category","Q30","Congenital perforated nasal septum"
"Q30.8","category","Q30","Other congenital malformations of nose"
"Q30.9","category","Q30","Congenital malformation of nose, unspecified"
"Q31","category","Q30-Q34","Congenital malformations of larynx"
"Q31.0","category","Q31","Web of larynx"
"Q31.1","category","Q31","Congenital subglottic stenosis"
"Q31.2","category","Q31","Laryngeal hypoplasia"
"Q31.3","category","Q31","Laryngocele"
"Q31.5","category","Q31","Congenital laryngomalacia"
"Q31.8","category","Q31","Other congenital malformations of larynx"
"Q31.9","category","Q31","Congenital malformation of larynx, unspecified"
"Q32","category","Q30-Q34","Congenital malformations of trachea and bronchus"
"Q32.0","category","Q32","Congenital tracheomalacia"
"Q32.1","category","Q32","Other congenital malformations of trachea"
"Q32.2","category","Q32","Congenital bronchomalacia"
"Q32.3","category","Q32","Congenital stenosis of bronchus"
"Q32.4","category","Q32","Other congenital malformations of bronchus"
"Q33","category","Q30-Q34","Congenital malformations of lung"
"Q33.0","category","Q33","Congenital cystic lung"
"Q33.1","category","Q33","Accessory lobe of lung"
"Q33.2","category","Q33","Sequestration of lung"
"Q33.3","category","Q33","Agenesis of lung"
"Q33.4","category","Q33","Congenital bronchiectasis"
"Q33.5","category","Q33","Ectopic tissue in lung"
"Q33.6","category","Q33","Hypoplasia and dysplasia of lung"
"Q33.8","category","Q33","Other congenital malformations of lung"
"Q33.9","category","Q33","Congenital malformation of lung, unspecified"
"Q34","category","Q30-Q34","Other congenital malformations of respiratory system"
"Q34.0","category","Q34","Anomaly of pleura"
"Q34.1","category","Q34","Congenital cyst of mediastinum"
"Q34.8","category","Q34","Other specified congenital malformations of respiratory system"
"Q34.9","category","Q34","Congenital malformation of respiratory system, unspecified"
"Q35-Q37","block","XVII","Cleft lip and cleft palate"
"Q35","category","Q35-Q37","Cleft palate"
"Q35.1","category","Q35","Cleft hard palate"
"Q35.3","category","Q35","Cleft soft palate"
"Q35.5","category","Q35","Cleft hard palate with cleft soft palate"
"Q35.7","category","Q35","Cleft uvula"
"Q35.9","category","Q35","Cleft palate, unspecified"
"Q36","category","Q35-Q37","Cleft lip"
"Q36.0","category","Q36","Cleft lip, bilateral"
"Q36.1","category","Q36","Cleft lip, median"
"Q36.9","category","Q36","Cleft lip, unilateral"
"Q37","category","Q35-Q37","Cleft palate with cleft lip"
"Q37.0","category","Q37","Cleft hard palate with bilateral cleft lip"
"Q37.1","category","Q37","Cleft hard palate with unilateral cleft lip"
"Q37.2","category","Q37","Cleft soft palate with bilateral cleft lip"
"Q37.3","category","Q37","Cleft soft palate with unilateral cleft lip"
"Q37.4","category","Q37","Cleft hard and soft palate with bilateral cleft lip"
"Q37.5","category","Q37","Cleft hard and soft palate with unilateral cleft lip"
"Q37.8","category","Q37","Unspecified cleft palate with bilateral cleft lip"
"Q37.9","category","Q37","Unspecified cleft palate with unilateral cleft lip"
"Q38-Q45","block","XVII","Other congenital malformations of the digestive system"
"Q38","category","Q38-Q45","Other congenital malformations of tongue, mouth and pharynx"
"Q38.0","category","Q38","Congenital malformations of lips, not elsewhere classified"
"Q38.1","category","Q38","Ankyloglossia"
"Q38.2","category","Q38","Macroglossia"
"Q38.3","category","Q38","Other congenital malformations of tongue"
"Q38.4","category","Q38","Congenital malformations of salivary glands and ducts"
"Q38.5","category","Q38","Congenital malformations of palate, not elsewhere classified"
"Q38.6","category","Q38","Other congenital malformations of mouth"
"Q38.7","category","Q38","Pharyngeal pouch"
"Q38.8","category","Q38","Other congenital malformations of pharynx"
"Q39","category","Q38-Q45","Congenital malformations of oesophagus"
"Q39.0","category","Q39","Atresia of oesophagus without fistula"
"Q39.1","category","Q39","Atresia of oesophagus with tracheo-oesophageal fistula"
"Q39.2","category","Q39","Congenital tracheo-oesophageal fistula without atresia"
"Q39.3","category","Q39","Congenital stenosis and stricture of oesophagus"
"Q39.4","category","Q39","Congenital oesophageal web"
"Q39.5","category","Q39","Congenital dilatation of oesophagus"
"Q39.6","category","Q39","Diverticulum of oesophagus"
"Q39.8","category","Q39","Other congenital malformations of oesophagus"
"Q39.9","category","Q39","Congenital malformation of oesophagus, unspecified"
"Q40","category","Q38-Q45","Other congenital malformations of upper alimentary tract"
"Q40.0","category","Q40","Congenital hypertrophic pyloric stenosis"
"Q40.1","category","Q40","Congenital hiatus hernia"
"Q40.2","category","Q40","Other specified congenital malformations of stomach"
"Q40.3","category","Q40","Congenital malformation of stomach, unspecified"
"Q40.8","category","Q40","Other specified congenital malformations of upper alimentary tract"
"Q40.9","category","Q40","Congenital malformation of upper alimentary tract, unspecified"
"Q41","category","Q38-Q45","Congenital absence, atresia and stenosis of small intestine"
"Q41.0","category","Q41","Congenital absence, atresia and stenosis of duodenum"
"Q41.1","category","Q41","Congenital absence, atresia and stenosis of jejunum"
"Q41.2","category","Q41","Congenital absence, atresia and stenosis of ileum"
"Q41.8","category","Q41","Congenital absence, atresia and stenosis of other specified parts of small intestine"
"Q41.9","category","Q41","Congenital absence, atresia and stenosis of small intestine, part unspecified"
"Q42","category","Q38-Q45","Congenital absence, atresia and stenosis of large intestine"
"Q42.0","category","Q42","Congenital absence, atresia and stenosis of rectum with fistula"
"Q42.1","category","Q42","Congenital absence, atresia and stenosis of rectum without fistula"
"Q42.2","category","Q42","Congenital absence, atresia and stenosis of anus with fistula"
"Q42.3","category","Q42","Congenital absence, atresia and stenosis of anus without fistula"
"Q42.8","category","Q42","Congenital absence, atresia and stenosis of other parts of large intestine"
"Q42.9","category","Q42","Congenital absence, atresia and stenosis of large intestine, part unspecified"
"Q43","category","Q38-Q45","Other congenital malformations of intestine"
"Q43.0","category","Q43","Meckel diverticulum"
"Q43.1","category","Q43","Hirschsprung disease"
"Q43.2","category","Q43","Other congenital functional disorders of colon"
"Q43.3","category","Q43","Congenital malformations of intestinal fixation"
"Q43.4","category","Q43","Duplication of intestine"
"Q43.5","category","Q43","Ectopic anus"
"Q43.6","category","Q43","Congenital fistula of rectum and anus"
"Q43.7","category","Q43","Persistent cloaca"
"Q43.8","category","Q43","Other specified congenital malformations of intestine"
"Q43.9","category","Q43","Congenital malformation of intestine, unspecified"
"Q44","category","Q38-Q45","Congenital malformations of gallbladder, bile ducts and liver"
"Q44.0","category","Q44","Agenesis, aplasia and hypoplasia of gallbladder"
"Q44.1","category","Q44","Other congenital malformations of gallbladder"
"Q44.2","category","Q44","Atresia of bile ducts"
"Q44.3","category","Q44","Congenital stenosis and stricture of bile ducts"
"Q44.4","category","Q44","Choledochal cyst"
"Q44.5","category","Q44","Other congenital malformations of bile ducts"
"Q44.6","category","Q44","Cystic disease of liver"
"Q44.7","category","Q44","Other congenital malformations of liver"
"Q45","category","Q38-Q45","Other congenital malformations of digestive system"
"Q45.0","category","Q45","Agenesis, aplasia and hypoplasia of pancreas"
"Q45.1","category","Q45","Annular pancreas"
"Q45.2","category","Q45","Congenital pancreatic cyst"
"Q45.3","category","Q45","Other congenital malformations of pancreas and pancreatic duct"
"Q45.8","category","Q45","Other specified congenital malformations of digestive system"
"Q45.9","category","Q45","Congenital malformation of digestive system, unspecified"
"Q50-Q56","block","XVII","Congenital malformations of genital organs"
"Q50","category","Q50-Q56","Congenital malformations of ovaries, fallopian tubes and broad ligaments"
"Q50.0","category","Q50","Congenital absence of ovary"
"Q50.1","category","Q50","Developmental ovarian cyst"
"Q50.2","category","Q50","Congenital torsion of ovary"
"Q50.3","category","Q50","Other congenital malformations of ovary"
"Q50.4","category","Q50","Embryonic cyst of fallopian tube"
"Q50.5","category","Q50","Embryonic cyst of broad ligament"
"Q50.6","category","Q50","Other congenital malformations of fallopian tube and broad ligament"
"Q51","category","Q50-Q56","Congenital malformations of uterus and cervix"
"Q51.0","category","Q51","Agenesis and aplasia of uterus"
"Q51.1","category","Q51","Doubling of uterus with doubling of cervix and vagina"
"Q51.2","category","Q51","Other doubling of uterus"
"Q51.3","category","Q51","Bicornate uterus"
"Q51.4","category","Q51","Unicornate uterus"
"Q51.5","category","Q51","Agenesis and aplasia of cervix"
"Q51.6","category","Q51","Embryonic cyst of cervix"
"Q51.7","category","Q51","Congenital fistulae between uterus and digestive and urinary tracts"
"Q51.8","category","Q51","Other congenital malformations of uterus and cervix"
"Q51.9","category","Q51","Congenital malformation of uterus and cervix, unspecified"
"Q52","category","Q50-Q56","Other congenital malformations of female genitalia"
"Q52.0","category","Q52","Congenital absence of vagina"
"Q52.1","category","Q52","Doubling of vagina"
"Q52.2","category","Q52","Congenital rectovaginal fistula"
"Q52.3","category","Q52","Imperforate hymen"
"Q52.4","category","Q52","Other congenital malformations of vagina"
"Q52.5","category","Q52","Fusion of labia"
"Q52.6","category","Q52","Congenital malformation of clitoris"
"Q52.7","category","Q52","Other congenital malformations of vulva"
"Q52.8","category","Q52","Other specified congenital malformations of female genitalia"
"Q52.9","category","Q52","Congenital malformation of female genitalia, unspecified"
"Q53","category","Q50-Q56","Undescended testicle"
"Q53.0","category","Q53","Ectopic testis"
"Q53.1","category","Q53","Undescended testicle, unilateral"
"Q53.2","category","Q53","Undescended testicle, bilateral"
"Q53.9","category","Q53","Undescended testicle, unspecified"
"Q54","category","Q50-Q56","Hypospadias"
"Q54.0","category","Q54","Hypospadias, balanic"
"Q54.1","category","Q54","Hypospadias, penile"
"Q54.2","category","Q54","Hypospadias, penoscrotal"
"Q54.3","category","Q54","Hypospadias, perineal"
"Q54.4","category","Q54","Congenital chordee"
"Q54.8","category","Q54","Other hypospadias"
"Q54.9","category","Q54","Hypospadias, unspecified"
"Q55","category","Q50-Q56","Other congenital malformations of male genital organs"
"Q55.0","category","Q55","Absence and aplasia of testis"
"Q55.1","category","Q55","Hypoplasia of testis and scrotum"
"Q55.2","category","Q55","Other congenital malformations of testis and scrotum"
"Q55.3","category","Q55","Atresia of vas deferens"
"Q55.4","category","Q55","Other congenital malformations of vas deferens, epididymis, seminal vesicles and prostate"
"Q55.5","category","Q55","Congenital absence and aplasia of penis"
"Q55.6","category","Q55","Other congenital malformations of penis"
"Q55.8","category","Q55","Other specified congenital malformations of male genital organs"
"Q55.9","category","Q55","Congenital malformation of male genital organ, unspecified"
"Q56","category","Q50-Q56","Indeterminate sex and pseudohermaphroditism"
"Q56.0","category","Q56","Hermaphroditism, not elsewhere classified"
"Q56.1","category","Q56","Male pseudohermaphroditism, not elsewhere classified"
"Q56.2","category","Q56","Female pseudohermaphroditism, not elsewhere classified"
"Q56.3","category","Q56","Pseudohermaphroditism, unspecified"
"Q56.4","category","Q56","Indeterminate sex, unspecified"
"Q60-Q64","block","XVII","Congenital malformations of the urinary system"
"Q60","category","Q60-Q64","Renal agenesis and other reduction defects of kidney"
"Q60.0","category","Q60","Renal agenesis, unilateral"
"Q60.1","category","Q60","Renal agenesis, bilateral"
"Q60.2","category","Q60","Renal agenesis, unspecified"
"Q60.3","category","Q60","Renal hypoplasia, unilateral"
"Q60.4","category","Q60","Renal hypoplasia, bilateral"
"Q60.5","category","Q60","Renal hypoplasia, unspecified"
"Q60.6","category","Q60","Potter syndrome"
"Q61","category","Q60-Q64","Cystic kidney disease"
"Q61.0","category","Q61","Congenital single renal cyst"
"Q61.1","category","Q61","Polycystic kidney, autosomal recessive"
"Q61.2","category","Q61","Polycystic kidney, autosomal dominant"
"Q61.3","category","Q61","Polycystic kidney, unspecified"
"Q61.4","category","Q61","Renal dysplasia"
"Q61.5","category","Q61","Medullary cystic kidney"
"Q61.8","category","Q61","Other cystic kidney diseases"
"Q61.9","category","Q61","Cystic kidney disease, unspecified"
"Q62","category","Q60-Q64","Congenital obstructive defects of renal pelvis and congenital malformations of ureter"
"Q62.0","category","Q62","Congenital hydronephrosis"
"Q62.1","category","Q62","Atresia and stenosis of ureter"
"Q62.2","category","Q62","Congenital megaloureter"
"Q62.3","category","Q62","Other obstructive defects of renal pelvis and ureter"
"Q62.4","category","Q62","Agenesis of ureter"
"Q62.5","category","Q62","Duplication of ureter"
"Q62.6","category","Q62","Malposition of ureter"
"Q62.7","category","Q62","Congenital vesico-uretero-renal reflux"
"Q62.8","category","Q62","Other congenital malformations of ureter"
"Q63","category","Q60-Q64","Other congenital malformations of kidney"
"Q63.0","category","Q63","Accessory kidney"
"Q63.1","category","Q63","Lobulated, fused and horseshoe kidney"
"Q63.2","category","Q63","Ectopic kidney"
"Q63.3","category","Q63","Hyperplastic and giant kidney"
"Q63.8","category","Q63","Other specified congenital malformations of kidney"
"Q63.9","category","Q63","Congenital malformation of kidney, unspecified"
"Q64","category","Q60-Q64","Other congenital malformations of urinary system"
"Q64.0","category","Q64","Epispadias"
"Q64.1","category","Q64","Exstrophy of urinary bladder"
"Q64.2","category","Q64","Congenital posterior urethral valves"
"Q64.3","category","Q64","Other atresia and stenosis of urethra and bladder neck"
"Q64.4","category","Q64","Malformation of urachus"
"Q64.5","category","Q64","Congenital absence of bladder and urethra"
"Q64.6","category","Q64","Congenital diverticulum of bladder"
"Q64.7","category","Q64","Other congenital malformations of bladder and urethra"
"Q64.8","category","Q64","Other specified congenital malformations of urinary system"
"Q64.9","category","Q64","Congenital malformation of urinary system, unspecified"
"Q65-Q79","block","XVII","Congenital malformations and deformations of the musculoskeletal system"
"Q65","category","Q65-Q79","Congenital deformities of hip"
"Q65.0","category","Q65","Congenital dislocation of hip, unilateral"
"Q65.1","category","Q65","Congenital dislocation of hip, bilateral"
"Q65.2","category","Q65","Congenital dislocation of hip, unspecified"
"Q65.3","category","Q65","Congenital subluxation of hip, unilateral"
"Q65.4","category","Q65","Congenital subluxation of hip, bilateral"
"Q65.5","category","Q65","Congenital subluxation of hip, unspecified"
"Q65.6","category","Q65","Unstable hip"
"Q65.8","category","Q65","Other congenital deformities of hip"
"Q65.9","category","Q65","Congenital deformity of hip, unspecified"
"Q66","category","Q65-Q79","Congenital deformities of feet"
"Q66.0","category","Q66","Talipes equinovarus"
"Q66.1","category","Q66","Talipes calcaneovarus"
"Q66.2","category","Q66","Metatarsus varus"
"Q66.3","category","Q66","Other congenital varus deformities of feet"
"Q66.4","category","Q66","Talipes calcaneovalgus"
"Q66.5","category","Q66","Congenital pes planus"
"Q66.6","category","Q66","Other congenital valgus deformities of feet"
"Q66.7","category","Q66","Pes cavus"
"Q66.8","category","Q66","Other congenital deformities of feet"
"Q66.9","category","Q66","Congenital deformity of feet, unspecified"
"Q67","category","Q65-Q79","Congenital musculoskeletal deformities of head, face, spine and chest"
"Q67.0","category","Q67","Facial asymmetry"
"Q67.1","category","Q67","Compression facies"
"Q67.2","category","Q67","Dolichocephaly"
"Q67.3","category","Q67","Plagiocephaly"
"Q67.4","category","Q67","Other congenital deformities of skull, face and jaw"
"Q67.5","category","Q67","Congenital deformity of spine"
"Q67.6","category","Q67","Pectus excavatum"
"Q67.7","category","Q67","Pectus carinatum"
"Q67.8","category","Q67","Other congenital deformities of chest"
"Q68","category","Q65-Q79","Other congenital musculoskeletal deformities"
"Q68.0","category","Q68","Congenital deformity of sternocleidomastoid muscle"
"Q68.1","category","Q68","Congenital deformity of hand"
"Q68.2","category","Q68","Congenital deformity of knee"
"Q68.3","category","Q68","Congenital bowing of femur"
"Q68.4","category","Q68","Congenital bowing of tibia and fibula"
"Q68.5","category","Q68","Congenital bowing of long bones of leg, unspecified"
"Q68.8","category","Q68","Other specified congenital musculoskeletal deformities"
"Q69","category","Q65-Q79","Polydactyly"
"Q69.0","category","Q69","Accessory finger(s)"
"Q69.1","category","Q69","Accessory thumb(s)"
"Q69.2","category","Q69","Accessory toe(s)"
"Q69.9","category","Q69","Polydactyly, unspecified"
"Q70","category","Q65-Q79","Syndactyly"
"Q70.0","category","Q70","Fused fingers"
"Q70.1","category","Q70","Webbed fingers"
"Q70.2","category","Q70","Fused toes"
"Q70.3","category","Q70","Webbed toes"
"Q70.4","category","Q70","Polysyndactyly"
"Q70.9","category","Q70","Syndactyly, unspecified"
"Q71","category","Q65-Q79","Reduction defects of upper limb"
"Q71.0","category","Q71","Congenital complete absence of upper limb(s)"
"Q71.1","category","Q71","Congenital absence of upper arm and forearm with hand present"
"Q71.2","category","Q71","Congenital absence of both forearm and hand"
"Q71.3","category","Q71","Congenital absence of hand and finger(s)"
"Q71.4","category","Q71","Longitudinal reduction defect of radius"
"Q71.5","category","Q71","Longitudinal reduction defect of ulna"
"Q71.6","category","Q71","Lobster-claw hand"
"Q71.8","category","Q71","Other reduction defects of upper limb(s)"
"Q71.9","category","Q71","Reduction defect of upper limb, unspecified"
"Q72","category","Q65-Q79","Reduction defects of lower limb"
"Q72.0","category","Q72","Congenital complete absence of lower limb(s)"
"Q72.1","category","Q72","Congenital absence of thigh and lower leg with foot present"
"Q72.2","category","Q72","Congenital absence of both lower leg and foot"
"Q72.3","category","Q72","Congenital absence of foot and toe(s)"
"Q72.4","category","Q72","Longitudinal reduction defect of femur"
"Q72.5","category","Q72","Longitudinal reduction defect of tibia"
"Q72.6","category","Q72","Longitudinal reduction defect of fibula"
"Q72.7","category","Q72","Split foot"
"Q72.8","category","Q72","Other reduction defects of lower limb(s)"
"Q72.9","category","Q72","Reduction defect of lower limb, unspecified"
"Q73","category","Q65-Q79","Reduction defects of unspecified limb"
"Q73.0","category","Q73","Congenital absence of unspecified limb(s)"
"Q73.1","category","Q73","Phocomelia, unspecified limb(s)"
"Q73.8","category","Q73","Other reduction defects of unspecified limb(s)"
"Q74","category","Q65-Q79","Other congenital malformations of limb(s)"
"Q74.0","category","Q74","Other congenital malformations of upper limb(s), including shoulder girdle"
"Q74.1","category","Q74","Congenital malformation of knee"
"Q74.2","category","Q74","Other congenital malformations of lower limb(s), including pelvic girdle"
"Q74.3","category","Q74","Arthrogryposis multiplex congenita"
"Q74.8","category","Q74","Other specified congenital malformations of limb(s)"
"Q74.9","category","Q74","Unspecified congenital malformation of limb(s)"
"Q75","category","Q65-Q79","Other congenital malformations of skull and face bones"
"Q75.0","category","Q75","Craniosynostosis"
"Q75.1","category","Q75","Craniofacial dysostosis"
"Q75.2","category","Q75","Hypertelorism"
"Q75.3","category","Q75","Macrocephaly"
"Q75.4","category","Q75","Mandibulofacial dysostosis"
"Q75.5","category","Q75","Oculomandibular dysostosis"
"Q75.8","category","Q75","Other specified congenital malformations of skull and face bones"
"Q75.9","category","Q75","Congenital malformation of skull and face bones, unspecified"
"Q76","category","Q65-Q79","Congenital malformations of spine and bony thorax"
"Q76.0","category","Q76","Spina bifida occulta"
"Q76.1","category","Q76","Klippel-Feil syndrome"
"Q76.2","category","Q76","Congenital spondylolisthesis"
"Q76.3","category","Q76","Congenital scoliosis due to congenital bony malformation"
"Q76.4","category","Q76","Other congenital malformations of spine, not associated with scoliosis"
"Q76.5","category","Q76","Cervical rib"
"Q76.6","category","Q76","Other congenital malformations of ribs"
"Q76.7","category","Q76","Congenital malformation of sternum"
"Q76.8","category","Q76","Other congenital malformations of bony thorax"
"Q76.9","category","Q76","Congenital malformation of bony thorax, unspecified"
"Q77","category","Q65-Q79","Osteochondrodysplasia with defects of growth of tubular bones and spine"
"Q77.0","category","Q77","Achondrogenesis"
"Q77.1","category","Q77","Thanatophoric short stature"
"Q77.2","category","Q77","Short rib syndrome"
"Q77.3","category","Q77","Chondrodysplasia punctata"
"Q77.4","category","Q77","Achondroplasia"
"Q77.5","category","Q77","Dystrophic dysplasia"
"Q77.6","category","Q77","Chondroectodermal dysplasia"
"Q77.7","category","Q77","Spondyloepiphyseal dysplasia"
"Q77.8","category","Q77","Other osteochondrodysplasia with defects of growth of tubular bones and spine"
"Q77.9","category","Q77","Osteochondrodysplasia with defects of growth of tubular bones and spine, unspecified"
"Q78","category","Q65-Q79","Other osteochondrodysplasias"
"Q78.0","category","Q78","Osteogenesis imperfecta"
"Q78.1","category","Q78","Polyostotic fibrous dysplasia"
"Q78.2","category","Q78","Osteopetrosis"
"Q78.3","category","Q78","Progressive diaphyseal dysplasia"
"Q78.4","category","Q78","Enchondromatosis"
"Q78.5","category","Q78","Metaphyseal dysplasia"
"Q78.6","category","Q78","Multiple congenital exostoses"
"Q78.8","category","Q78","Other specified osteochondrodysplasias"
"Q78.9","category","Q78","Osteochondrodysplasia, unspecified"
"Q79","category","Q65-Q79","Congenital malformations of the musculoskeletal system, not elsewhere classified"
"Q79.0","category","Q79","Congenital diaphragmatic hernia"
"Q79.1","category","Q79","Other congenital malformations of diaphragm"
"Q79.2","category","Q79","Exomphalos"
"Q79.3","category","Q79","Gastroschisis"
"Q79.4","category","Q79","Prune belly syndrome"
"Q79.5","category","Q79","Other congenital malformations of abdominal wall"
"Q79.6","category","Q79","Ehlers-Danlos syndrome"
"Q79.8","category","Q79","Other congenital malformations of musculoskeletal system"
"Q79.9","category","Q79","Congenital malformation of musculoskeletal system, unspecified"
"Q80-Q89","block","XVII","Other congenital malformations"
"Q80","category","Q80-Q89","Congenital ichthyosis"
"Q80.0","category","Q80","Ichthyosis vulgaris"
"Q80.1","category","Q80","X-linked ichthyosis"
"Q80.2","category","Q80","Lamellar ichthyosis"
"Q80.3","category","Q80","Congenital bullous ichthyosiform erythroderma"
"Q80.4","category","Q80","Harlequin fetus"
"Q80.8","category","Q80","Other congenital ichthyosis"
"Q80.9","category","Q80","Congenital ichthyosis, unspecified"
"Q81","category","Q80-Q89","Epidermolysis bullosa"
"Q81.0","category","Q81","Epidermolysis bullosa simplex"
"Q81.1","category","Q81","Epidermolysis bullosa letalis"
"Q81.2","category","Q81","Epidermolysis bullosa dystrophica"
"Q81.8","category","Q81","Other epidermolysis bullosa"
"Q81.9","category","Q81","Epidermolysis bullosa, unspecified"
"Q82","category","Q80-Q89","Other congenital malformations of skin"
"Q82.0","category","Q82","Hereditary lymphoedema"
"Q82.1","category","Q82","Xeroderma pigmentosum"
"Q82.2","category","Q82","Mastocytosis"
"Q82.3","category","Q82","Incontinentia pigmenti"
"Q82.4","category","Q82","Ectodermal dysplasia (anhidrotic)"
"Q82.5","category","Q82","Congenital non-neoplastic naevus"
"Q82.8","category","Q82","Other specified congenital malformations of skin"
"Q82.9","category","Q82","Congenital malformation of skin, unspecified"
"Q83","category","Q80-Q89","Congenital malformations of breast"
"Q83.0","category","Q83","Congenital absence of breast with absent nipple"
"Q83.1","category","Q83","Accessory breast"
"Q83.2","category","Q83","Absent nipple"
"Q83.3","category","Q83","Accessory nipple"
"Q83.8","category","Q83","Other congenital malformations of breast"
"Q83.9","category","Q83","Congenital malformation of breast, unspecified"
"Q84","category","Q80-Q89","Other congenital malformations of integument"
"Q84.0","category","Q84","Congenital alopecia"
"Q84.1","category","Q84","Congenital morphological disturbances of hair, not elsewhere classified"
"Q84.2","category","Q84","Other congenital malformations of hair"
"Q84.3","category","Q84","Anonychia"
"Q84.4","category","Q84","Congenital leukonychia"
"Q84.5","category","Q84","Enlarged and hypertrophic nails"
"Q84.6","category","Q84","Other congenital malformations of nails"
"Q84.8","category","Q84","Other specified congenital malformations of integument"
"Q84.9","category","Q84","Congenital malformation of integument, unspecified"
"Q85","category","Q80-Q89","Phakomatoses, not elsewhere classified"
"Q85.0","category","Q85","Neurofibromatosis (nonmalignant)"
"Q85.1","category","Q85","Tuberous sclerosis"
"Q85.8","category","Q85","Other phakomatoses, not elsewhere classified"
"Q85.9","category","Q85","Phakomatosis, unspecified"
"Q86","category","Q80-Q89","Congenital malformation syndromes due to known exogenous causes, not elsewhere classified"
"Q86.0","category","Q86","Fetal alcohol syndrome (dysmorphic)"
"Q86.1","category","Q86","Fetal hydantoin syndrome"
"Q86.2","category","Q86","Dysmorphism due to warfarin"
"Q86.8","category","Q86","Other congenital malformation syndromes due to known exogenous causes"
"Q87","category","Q80-Q89","Other specified congenital malformation syndromes affecting multiple systems"
"Q87.0","category","Q87","Congenital malformation syndromes predominantly affecting facial appearance"
"Q87.1","category","Q87","Congenital malformation syndromes predominantly associated with short stature"
"Q87.2","category","Q87","Congenital malformation syndromes predominantly involving limbs"
"Q87.3","category","Q87","Congenital malformation syndromes involving early overgrowth"
"Q87.4","category","Q87","Marfan syndrome"
"Q87.5","category","Q87","Other congenital malformation syndromes with other skeletal changes"
"Q87.8","category","Q87","Other specified congenital malformation syndromes, not elsewhere classified"
"Q89","category","Q80-Q89","Other congenital malformations, not elsewhere classified"
"Q89.0","category","Q89","Congenital malformations of spleen"
"Q89.1","category","Q89","Congenital malformations of adrenal gland"
"Q89.2","category","Q89","Congenital malformations of other endocrine glands"
"Q89.3","category","Q89","Situs inversus"
"Q89.4","category","Q89","Conjoined twins"
"Q89.7","category","Q89","Multiple congenital malformations, not elsewhere classified"
"Q89.8","category","Q89","Other specified congenital malformations"
"Q89.9","category","Q89","Congenital malformation, unspecified"
"Q90-Q99","block","XVII","Chromosomal abnormalities, not elsewhere classified"
"Q90","category","Q90-Q99","Down syndrome"
"Q90.0","category","Q90","Trisomy 21, meiotic nondisjunction"
"Q90.1","category","Q90","Trisomy 21, mosaicism (mitotic nondisjunction)"
"Q90.2","category","Q90","Trisomy 21, translocation"
"Q90.9","category","Q90","Down syndrome, unspecified"
"Q91","category","Q90-Q99","Edwards syndrome and Patau syndrome"
"Q91.0","category","Q91","Trisomy 18, meiotic nondisjunction"
"Q91.1","category","Q91","Trisomy 18, mosaicism (mitotic nondisjunction)"
"Q91.2","category","Q91","Trisomy 18, translocation"
"Q91.3","category","Q91","Edwards syndrome, unspecified"
"Q91.4","category","Q91","Trisomy 13, meiotic nondisjunction"
"Q91.5","category","Q91","Trisomy 13, mosaicism (mitotic nondisjunction)"
"Q91.6","category","Q91","Trisomy 13, translocation"
"Q91.7","category","Q91","Patau syndrome, unspecified"
"Q92","category","Q90-Q99","Other trisomies and partial trisomies of the autosomes, not elsewhere classified"
"Q92.0","category","Q92","Whole chromosome trisomy, meiotic nondisjunction"
"Q92.1","category","Q92","Whole chromosome trisomy, mosaicism (mitotic nondisjunction)"
"Q92.2","category","Q92","Major partial trisomy"
"Q92.3","category","Q92","Minor partial trisomy"
"Q92.4","category","Q92","Duplications seen only at prometaphase"
"Q92.5","category","Q92","Duplications with other complex rearrangements"
"Q92.6","category","Q92","Extra marker chromosomes"
"Q92.7","category","Q92","Triploidy and polyploidy"
"Q92.8","category","Q92","Other specified trisomies and partial trisomies of autosomes"
"Q92.9","category","Q92","Trisomy and partial trisomy of autosomes, unspecified"
"Q93","category","Q90-Q99","Monosomies and deletions from the autosomes, not elsewhere classified"
"Q93.0","category","Q93","Whole chromosome monosomy, meiotic nondisjunction"
"Q93.1","category","Q93","Whole chromosome monosomy, mosaicism (mitotic nondisjunction)"
"Q93.2","category","Q93","Chromosome replaced with ring or dicentric"
"Q93.3","category","Q93","Deletion of short arm of chromosome 4"
"Q93.4","category","Q93","Deletion of short arm of chromosome 5"
"Q93.5","category","Q93","Other deletions of part of a chromosome"
"Q93.6","category","Q93","Deletions seen only at prometaphase"
"Q93.7","category","Q93","Deletions with other complex rearrangements"
"Q93.8","category","Q93","Other deletions from the autosomes"
"Q93.9","category","Q93","Deletion from autosomes, unspecified"
"Q95","category","Q90-Q99","Balanced rearrangements and structural markers, not elsewhere classified"
"Q95.0","category","Q95","Balanced translocation and insertion in normal individual"
"Q95.1","category","Q95","Chromosome inversion in normal individual"
"Q95.2","category","Q95","Balanced autosomal rearrangement in abnormal individual"
"Q95.3","category","Q95","Balanced sex/autosomal rearrangement in abnormal individual"
"Q95.4","category","Q95","Individuals with marker heterochromatin"
"Q95.5","category","Q95","Individuals with autosomal fragile site"
"Q95.8","category","Q95","Other balanced rearrangements and structural markers"
"Q95.9","category","Q95","Balanced rearrangement and structural marker, unspecified"
"Q96","category","Q90-Q99","Turner syndrome"
"Q96.0","category","Q96","Karyotype 45,X"
"Q96.1","category","Q96","Karyotype 46,X iso (Xq)"
"Q96.2","category","Q96","Karyotype 46,X with abnormal sex chromosome, except iso (Xq)"
"Q96.3","category","Q96","Mosaicism, 45,X/46,XX or XY"
"Q96.4","category","Q96","Mosaicism, 45,X/other cell line(s) with abnormal sex chromosome"
"Q96.8","category","Q96","Other variants of Turner syndrome"
"Q96.9","category","Q96","Turner syndrome, unspecified"
"Q97","category","Q90-Q99","Other sex chromosome abnormalities, female phenotype, not elsewhere classified"
"Q97.0","category","Q97","Karyotype 47,XXX"
"Q97.1","category","Q97","Female with more than three X chromosomes"
"Q97.2","category","Q97","Mosaicism, lines with various numbers of X chromosomes"
"Q97.3","category","Q97","Female with 46,XY karyotype"
"Q97.8","category","Q97","Other specified sex chromosome abnormalities, female phenotype"
"Q97.9","category","Q97","Sex chromosome abnormality, female phenotype, unspecified"
"Q98","category","Q90-Q99","Other sex chromosome abnormalities, male phenotype, not elsewhere classified"
"Q98.0","category","Q98","Klinefelter syndrome karyotype 47,XXY"
"Q98.1","category","Q98","Klinefelter syndrome, male with more than two X chromosomes"
"Q98.2","category","Q98","Klinefelter syndrome, male with 46,XX karyotype"
"Q98.3","category","Q98","Other male with 46,XX karyotype"
"Q98.4","category","Q98","Klinefelter syndrome, unspecified"
"Q98.5","category","Q98","Karyotype 47,XYY"
"Q98.6","category","Q98","Male with structurally abnormal sex chromosome"
"Q98.7","category","Q98","Male with sex chromosome mosaicism"
"Q98.8","category","Q98","Other specified sex chromosome abnormalities, male phenotype"
"Q98.9","category","Q98","Sex chromosome abnormality, male phenotype, unspecified"
"Q99","category","Q90-Q99","Other chromosome abnormalities, not elsewhere classified"
"Q99.0","category","Q99","Chimera 46,XX/46,XY"
"Q99.1","category","Q99","46,XX true hermaphrodite"
"Q99.2","category","Q99","Fragile X chromosome"
"Q99.8","category","Q99","Other specified chromosome abnormalities"
"Q99.9","category","Q99","Chromosomal abnormality, unspecified"
"XVIII","chapter","","Symptoms, signs and abnormal clinical and laboratory findings, not elsewhere classified"
"R00-R09","block","XVIII","Symptoms and signs involving the circulatory and respiratory systems"
"R00","category","R00-R09","Abnormalities of heart beat"
"R00.0","category","R00","Tachycardia, unspecified"
"R00.1","category","R00","Bradycardia, unspecified"
"R00.2","category","R00","Palpitations"
"R00.3","category","R00","Pulseless electrical activity, not elsewhere classified"
"R00.8","category","R00","Other and unspecified abnormalities of heart beat"
"R01","category","R00-R09","Cardiac murmurs and other cardiac sounds"
"R01.0","category","R01","Benign and innocent cardiac murmurs"
"R01.1","category","R01","Cardiac murmur, unspecified"
"R01.2","category","R01","Other cardiac sounds"
"R02","category","R00-R09","Gangrene, not elsewhere classified"
"R03","category","R00-R09","Abnormal blood-pressure reading, without diagnosis"
"R03.0","category","R03","Elevated blood-pressure reading, without diagnosis of hypertension"
"R03.1","category","R03","Nonspecific low blood-pressure reading"
"R04","category","R00-R09","Haemorrhage from respiratory passages"
"R04.0","category","R04","Epistaxis"
"R04.1","category","R04","Haemorrhage from throat"
"R04.2","category","R04","Haemoptysis"
"R04.8","category","R04","Haemorrhage from other sites in respiratory passages"
"R04.9","category","R04","Haemorrhage from respiratory passages, unspecified"
"R05","category","R00-R09","Cough"
"R06","category","R00-R09","Abnormalities of breathing"
"R06.0","category","R06","Dyspnoea"
"R06.1","category","R06","Stridor"
"R06.2","category","R06","Wheezing"
"R06.3","category","R06","Periodic breathing"
"R06.4","category","R06","Hyperventilation"
"R06.5","category","R06","Mouth breathing"
"R06.6","category","R06","Hiccough"
"R06.7","category","R06","Sneezing"
"R06.8","category","R06","Other and unspecified abnormalities of breathing"
"R07","category","R00-R09","Pain in throat and chest"
"R07.0","category","R07","Pain in throat"
"R07.1","category","R07","Chest pain on breathing"
"R07.2","category","R07","Precordial pain"
"R07.3","category","R07","Other chest pain"
"R07.4","category","R07","Chest pain, unspecified"
"R09","category","R00-R09","Other symptoms and signs involving the circulatory and respiratory systems"
"R09.0","category","R09","Asphyxia"
"R09.1","category","R09","Pleurisy"
"R09.2","category","R09","Respiratory arrest"
"R09.3","category","R09","Abnormal sputum"
"R09.8","category","R09","Other specified symptoms and signs involving the circulatory and respiratory systems"
"R10-R19","block","XVIII","Symptoms and signs involving the digestive system and abdomen"
"R10","category","R10-R19","Abdominal and pelvic pain"
"R10.0","category","R10","Acute abdomen"
"R10.1","category","R10","Pain localized to upper abdomen"
"R10.2","category","R10","Pelvic and perineal pain"
"R10.3","category","R10","Pain localized to other parts of lower abdomen"
"R10.4","category","R10","Other and unspecified abdominal pain"
"R11","category","R10-R19","Nausea and vomiting"
"R12","category","R10-R19","Heartburn"
"R13","category","R10-R19","Dysphagia"
"R14","category","R10-R19","Flatulence and related conditions"
"R15","category","R10-R19","Faecal incontinence"
"R16","category","R10-R19","Hepatomegaly and splenomegaly, not elsewhere classified"
"R16.0","category","R16","Hepatomegaly, not elsewhere classified"
"R16.1","category","R16","Splenomegaly, not elsewhere classified"
"R16.2","category","R16","Hepatomegaly with splenomegaly, not elsewhere classified"
"R17","category","R10-R19","Hyperbilirubinaemia, with or without jaundice, not elsewhere classified"
"R17.0","category","R17","Hyperbilirubinaemia with mention of jaundice, not elsewhere classified"
"R17.9","category","R17","Hyperbilirubinaemia without mention of jaundice, not elsewhere classified"
"R18","category","R10-R19","Ascites"
"R19","category","R10-R19","Other symptoms and signs involving the digestive system and abdomen"
"R19.0","category","R19","Intra-abdominal and pelvic swelling, mass and lump"
"R19.1","category","R19","Abnormal bowel sounds"
"R19.2","category","R19","Visible peristalsis"
"R19.3","category","R19","Abdominal rigidity"
"R19.4","category","R19","Change in bowel habit"
"R19.5","category","R19","Other faecal abnormalities"
"R19.6","category","R19","Halitosis"
"R19.8","category","R19","Other specified symptoms and signs involving the digestive system and abdomen"
"R20-R23","block","XVIII","Symptoms and signs involving the skin and subcutaneous tissue"
"R20","category","R20-R23","Disturbances of skin sensation"
"R20.0","category","R20","Anaesthesia of skin"
"R20.1","category","R20","Hypoaesthesia of skin"
"R20.2","category","R20","Paraesthesia of skin"
"R20.3","category","R20","Hyperaesthesia"
"R20.8","category","R20","Other and unspecified disturbances of skin sensation"
"R21","category","R20-R23","Rash and other nonspecific skin eruption"
"R22","category","R20-R23","Localized swelling, mass and lump of skin and subcutaneous tissue"
"R22.0","category","R22","Localized swelling, mass and lump, head"
"R22.1","category","R22","Localized swelling, mass and lump, neck"
"R22.2","category","R22","Localized swelling, mass and lump, trunk"
"R22.3","category","R22","Localized swelling, mass and lump, upper limb"
"R22.4","category","R22","Localized swelling, mass and lump, lower limb"
"R22.7","category","R22","Localized swelling, mass and lump, multiple sites"
"R22.9","category","R22","Localized swelling, mass and lump, unspecified"
"R23","category","R20-R23","Other skin changes"
"R23.0","category","R23","Cyanosis"
"R23.1","category","R23","Pallor"
"R23.2","category","R23","Flushing"
"R23.3","category","R23","Spontaneous ecchymoses"
"R23.4","category","R23","Changes in skin texture"
"R23.8","category","R23","Other and unspecified skin changes"
"R25-R29","block","XVIII","Symptoms and signs involving the nervous and musculoskeletal systems"
"R25","category","R25-R29","Abnormal involuntary movements"
"R25.0","category","R25","Abnormal head movements"
"R25.1","category","R25","Tremor, unspecified"
"R25.2","category","R25","Cramp and spasm"
"R25.3","category","R25","Fasciculation"
"R25.8","category","R25","Other and unspecified abnormal involuntary movements"
"R26","category","R25-R29","Abnormalities of gait and mobility"
"R26.0","category","R26","Ataxic gait"
"R26.1","category","R26","Paralytic gait"
"R26.2","category","R26","Difficulty in walking, not elsewhere classified"
"R26.3","category","R26","Immobility"
"R26.8","category","R26","Other and unspecified abnormalities of gait and mobility"
"R27","category","R25-R29","Other lack of coordination"
"R27.0","category","R27","Ataxia, unspecified"
"R27.8","category","R27","Other and unspecified lack of coordination"
"R29","category","R25-R29","Other symptoms and signs involving the nervous and musculoskeletal systems"
"R29.0","category","R29","Tetany"
"R29.1","category","R29","Meningismus"
"R29.2","category","R29","Abnormal reflex"
"R29.3","category","R29","Abnormal posture"
"R29.4","category","R29","Clicking hip"
"R29.6","category","R29","Tendency to fall, not elsewhere classified"
"R29.8","category","R29","Other and unspecified symptoms and signs involving the nervous and musculoskeletal systems"
"R30-R39","block","XVIII","Symptoms and signs involving the urinary system"
"R30","category","R30-R39","Pain associated with micturition"
"R30.0","category","R30","Dysuria"
"R30.1","category","R30","Vesical tenesmus"
"R30.9","category","R30","Painful micturition, unspecified"
"R31","category","R30-R39","Unspecified haematuria"
"R32","category","R30-R39","Unspecified urinary incontinence"
"R33","category","R30-R39","Retention of urine"
"R34","category","R30-R39","Anuria and oliguria"
"R35","category","R30-R39","Polyuria"
"R36","category","R30-R39","Urethral discharge"
"R39","category","R30-R39","Other symptoms and signs involving the urinary system"
"R39.0","category","R39","Extravasation of urine"
"R39.1","category","R39","Other difficulties with micturition"
"R39.2","category","R39","Extrarenal uraemia"
"R39.8","category","R39","Other and unspecified symptoms and signs involving the urinary system"
"R40-R46","block","XVIII","Symptoms and signs involving cognition, perception, emotional state and behaviour"
"R40","category","R40-R46","Somnolence, stupor and coma"
"R40.0","category","R40","Somnolence"
"R40.1","category","R40","Stupor"
"R40.2","category","R40","Coma, unspecified"
"R41","category","R40-R46","Other symptoms and signs involving cognitive functions and awareness"
"R41.0","category","R41","Disorientation, unspecified"
"R41.1","category","R41","Anterograde amnesia"
"R41.2","category","R41","Retrograde amnesia"
"R41.3","category","R41","Other amnesia"
"R41.8","category","R41","Other and unspecified symptoms and signs involving cognitive functions and awareness"
"R42","category","R40-R46","Dizziness and giddiness"
"R43","category","R40-R46","Disturbances of smell and taste"
"R43.0","category","R43","Anosmia"
"R43.1","category","R43","Parosmia"
"R43.2","category","R43","Parageusia"
"R43.8","category","R43","Other and unspecified disturbances of smell and taste"
"R44","category","R40-R46","Other symptoms and signs involving general sensations and perceptions"
"R44.0","category","R44","Auditory hallucinations"
"R44.1","category","R44","Visual hallucinations"
"R44.2","category","R44","Other hallucinations"
"R44.3","category","R44","Hallucinations, unspecified"
"R44.8","category","R44","Other and unspecified symptoms and signs involving general sensations and perceptions"
"R45","category","R40-R46","Symptoms and signs involving emotional state"
"R45.0","category","R45","Nervousness"
"R45.1","category","R45","Restlessness and agitation"
"R45.2","category","R45","Unhappiness"
"R45.3","category","R45","Demoralization and apathy"
"R45.4","category","R45","Irritability and anger"
"R45.5","category","R45","Hostility"
"R45.6","category","R45","Physical violence"
"R45.7","category","R45","State of emotional shock and stress, unspecified"
"R45.8","category","R45","Other symptoms and signs involving emotional state"
"R46","category","R40-R46","Symptoms and signs involving appearance and behaviour"
"R46.0","category","R46","Very low level of personal hygiene"
"R46.1","category","R46","Bizarre personal appearance"
"R46.2","category","R46","Strange and inexplicable behaviour"
"R46.3","category","R46","Overactivity"
"R46.4","category","R46","Slowness and poor responsiveness"
"R46.5","category","R46","Suspiciousness and marked evasiveness"
"R46.6","category","R46","Undue concern and preoccupation with stressful events"
"R46.7","category","R46","Verbosity and circumstantial detail obscuring reason for contact"
"R46.8","category","R46","Other symptoms and signs involving appearance and behaviour"
"R47-R49","block","XVIII","Symptoms and signs involving speech and voice"
"R47","category","R47-R49","Speech disturbances, not elsewhere classified"
"R47.0","category","R47","Dysphasia and aphasia"
"R47.1","category","R47","Dysarthria and anarthria"
"R47.8","category","R47","Other and unspecified speech disturbances"
"R48","category","R47-R49","Dyslexia and other symbolic dysfunctions, not elsewhere classified"
"R48.0","category","R48","Dyslexia and alexia"
"R48.1","category","R48","Agnosia"
"R48.2","category","R48","Apraxia"
"R48.8","category","R48","Other and unspecified symbolic dysfunctions"
"R49","category","R47-R49","Voice disturbances"
"R49.0","category","R49","Dysphonia"
"R49.1","category","R49","Aphonia"
"R49.2","category","R49","Hypernasality and hyponasality"
"R49.8","category","R49","Other and unspecified voice disturbances"
"R50-R69","block","XVIII","General symptoms and signs"
"R50","category","R50-R69","Fever of other and unknown origin"
"R50.2","category","R50","Drug-induced fever"
"R50.8","category","R50","Other specified fever"
"R50.9","category","R50","Fever, unspecified"
"R51","category","R50-R69","Headache"
"R52","category","R50-R69","Pain, not elsewhere classified"
"R52.0","category","R52","Acute pain"
"R52.1","category","R52","Chronic intractable pain"
"R52.2","category","R52","Other chronic pain"
"R52.9","category","R52","Pain, unspecified"
"R53","category","R50-R69","Malaise and fatigue"
"R54","category","R50-R69","Senility"
"R55","category","R50-R69","Syncope and collapse"
"R56","category","R50-R69","Convulsions, not elsewhere classified"
"R56.0","category","R56","Febrile convulsions"
"R56.8","category","R56","Other and unspecified convulsions"
"R57","category","R50-R69","Shock, not elsewhere classified"
"R57.0","category","R57","Cardiogenic shock"
"R57.1","category","R57","Hypovolaemic shock"
"R57.2","category","R57","Septic shock"
"R57.8","category","R57","Other shock"
"R57.9","category","R57","Shock, unspecified"
"R58","category","R50-R69","Haemorrhage, not elsewhere classified"
"R59","category","R50-R69","Enlarged lymph nodes"
"R59.0","category","R59","Localized enlarged lymph nodes"
"R59.1","category","R59","Generalized enlarged lymph nodes"
"R59.9","category","R59","Enlarged lymph nodes, unspecified"
"R60","category","R50-R69","Oedema, not elsewhere classified"
"R60.0","category","R60","Localized oedema"
"R60.1","category","R60","Generalized oedema"
"R60.9","category","R60","Oedema, unspecified"
"R61","category","R50-R69","Hyperhidrosis"
"R61.0","category","R61","Localized hyperhidrosis"
"R61.1","category","R61","Generalized hyperhidrosis"
"R61.9","category","R61","Hyperhidrosis, unspecified"
"R62","category","R50-R69","Lack of expected normal physiological development"
"R62.0","category","R62","Delayed milestone"
"R62.8","category","R62","Other lack of expected normal physiological development"
"R62.9","category","R62","Lack of expected normal physiological development, unspecified"
"R63","category","R50-R69","Symptoms and signs concerning food and fluid intake"
"R63.0","category","R63","Anorexia"
"R63.1","category","R63","Polydipsia"
"R63.2","category","R63","Polyphagia"
"R63.3","category","R63","Feeding difficulties and mismanagement"
"R63.4","category","R63","Abnormal weight loss"
"R63.5","category","R63","Abnormal weight gain"
"R63.6","category","R63","Insufficient intake of food and water"
"R63.8","category","R63","Other symptoms and signs concerning food and fluid intake"
"R64","category","R50-R69","Cachexia"
"R65","category","R50-R69","Systemic Inflammatory Response Syndrome [SIRS]"
"R65.0","category","R65","Systemic Inflammatory Response Syndrome of infectious origin without organ failure"
"R65.1","category","R65","Systemic Inflammatory Response Syndrome of infectious origin with organ failure"
"R65.2","category","R65","Systemic Inflammatory Response Syndrome of non-infectious origin without organ failure"
"R65.3","category","R65","Systemic Inflammatory Response Syndrome of non-infectious origin with organ failure"
"R65.9","category","R65","Systemic Inflammatory Response Syndrome, unspecified"
"R68","category","R50-R69","Other general symptoms and signs"
"R68.0","category","R68","Hypothermia, not associated with low environmental temperature"
"R68.1","category","R68","Nonspecific symptoms peculiar to infancy"
"R68.2","category","R68","Dry mouth, unspecified"
"R68.3","category","R68","Clubbing of fingers"
"R68.8","category","R68","Other specified general symptoms and signs"
"R69","category","R50-R69","Unknown and unspecified causes of morbidity"
"R70-R79","block","XVIII","Abnormal findings on examination of blood, without diagnosis"
"R70","category","R70-R79","Elevated erythrocyte sedimentation rate and abnormality of plasma viscosity"
"R70.0","category","R70","Elevated erythrocyte sedimentation rate"
"R70.1","category","R70","Abnormal plasma viscosity"
"R71","category","R70-R79","Abnormality of red blood cells"
"R72","category","R70-R79","Abnormality of white blood cells, not elsewhere classified"
"R73","category","R70-R79","Elevated blood glucose level"
"R73.0","category","R73","Abnormal glucose tolerance test"
"R73.9","category","R73","Hyperglycaemia, unspecified"
"R74","category","R70-R79","Abnormal serum enzyme levels"
"R74.0","category","R74","Elevation of levels of transaminase and lactic acid dehydrogenase [LDH]"
"R74.8","category","R74","Abnormal levels of other serum enzymes"
"R74.9","category","R74","Abnormal level of unspecified serum enzyme"
"R75","category","R70-R79","Laboratory evidence of human immunodeficiency virus [HIV]"
"R76","category","R70-R79","Other abnormal immunological findings in serum"
"R76.0","category","R76","Raised antibody titre"
"R76.1","category","R76","Abnormal reaction to tuberculin test"
"R76.2","category","R76","False-positive serological test for syphilis"
"R76.8","category","R76","Other specified abnormal immunological findings in serum"
"R76.9","category","R76","Abnormal immunological finding in serum, unspecified"
"R77","category","R70-R79","Other abnormalities of plasma proteins"
"R77.0","category","R77","Abnormality of albumin"
"R77.1","category","R77","Abnormality of globulin"
"R77.2","category","R77","Abnormality of alphafetoprotein"
"R77.8","category","R77","Other specified abnormalities of plasma proteins"
"R77.9","category","R77","Abnormality of plasma protein, unspecified"
"R78","category","R70-R79","Findings of drugs and other substances, not normally found in blood"
"R78.0","category","R78","Finding of alcohol in blood"
"R78.1","category","R78","Finding of opiate drug in blood"
"R78.2","category","R78","Finding of cocaine in blood"
"R78.3","category","R78","Finding of hallucinogen in blood"
"R78.4","category","R78","Finding of other drugs of addictive potential in blood"
"R78.5","category","R78","Finding of psychotropic drug in blood"
"R78.6","category","R78","Finding of steroid agent in blood"
"R78.7","category","R78","Finding of abnormal level of heavy metals in blood"
"R78.8","category","R78","Finding of other specified substances, not normally found in blood"
"R78.9","category","R78","Finding of unspecified substance, not normally found in blood"
"R79","category","R70-R79","Other abnormal findings of blood chemistry"
"R79.0","category","R79","Abnormal level of blood mineral"
"R79.8","category","R79","Other specified abnormal findings of blood chemistry"
"R79.9","category","R79","Abnormal finding of blood chemistry, unspecified"
"R80-R82","block","XVIII","Abnormal findings on examination of urine, without diagnosis"
"R80","category","R80-R82","Isolated proteinuria"
"R81","category","R80-R82","Glycosuria"
"R82","category","R80-R82","Other abnormal findings in urine"
"R82.0","category","R82","Chyluria"
"R82.1","category","R82","Myoglobinuria"
"R82.2","category","R82","Biliuria"
"R82.3","category","R82","Haemoglobinuria"
"R82.4","category","R82","Acetonuria"
"R82.5","category","R82","Elevated urine levels of drugs, medicaments and biological substances"
"R82.6","category","R82","Abnormal urine levels of substances chiefly nonmedicinal as to source"
"R82.7","category","R82","Abnormal findings on microbiological examination of urine"
"R82.8","category","R82","Abnormal findings on cytological and histological examination of urine"
"R82.9","category","R82","Other and unspecified abnormal findings in urine"
"R83-R89","block","XVIII","Abnormal findings on examination of other body fluids, substances and tissues, without diagnosis"
"R83","category","R83-R89","Abnormal findings in cerebrospinal fluid"
"R84","category","R83-R89","Abnormal findings in specimens from respiratory organs and thorax"
"R85","category","R83-R89","Abnormal findings in specimens from digestive organs and abdominal cavity"
"R86","category","R83-R89","Abnormal findings in specimens from male genital organs"
"R87","category","R83-R89","Abnormal findings in specimens from female genital organs"
"R89","category","R83-R89","Abnormal findings in specimens from other organs, systems and tissues"
"R90-R94","block","XVIII","Abnormal findings on diagnostic imaging and in function studies, without diagnosis"
"R90","category","R90-R94","Abnormal findings on diagnostic imaging of central nervous system"
"R90.0","category","R90","Intracranial space-occupying lesion"
"R90.8","category","R90","Other abnormal findings on diagnostic imaging of central nervous system"
"R91","category","R90-R94","Abnormal findings on diagnostic imaging of lung"
"R92","category","R90-R94","Abnormal findings on diagnostic imaging of breast"
"R93","category","R90-R94","Abnormal findings on diagnostic imaging of other body structures"
"R93.0","category","R93","Abnormal findings on diagnostic imaging of skull and head, not elsewhere classified"
"R93.1","category","R93","Abnormal findings on diagnostic imaging of heart and coronary circulation"
"R93.2","category","R93","Abnormal findings on diagnostic imaging of liver and biliary tract"
"R93.3","category","R93","Abnormal findings on diagnostic imaging of other parts of digestive tract"
"R93.4","category","R93","Abnormal findings on diagnostic imaging of urinary organs"
"R93.5","category","R93","Abnormal findings on diagnostic imaging of other abdominal regions, including retroperitoneum"
"R93.6","category","R93","Abnormal findings on diagnostic imaging of limbs"
"R93.7","category","R93","Abnormal findings on diagnostic imaging of other parts of musculoskeletal system"
"R93.8","category","R93","Abnormal findings on diagnostic imaging of other specified body structures"
"R94","category","R90-R94","Abnormal results of function studies"
"R94.0","category","R94","Abnormal results of function studies of central nervous system"
"R94.1","category","R94","Abnormal results of function studies of peripheral nervous system and special senses"
"R94.2","category","R94","Abnormal results of pulmonary function studies"
"R94.3","category","R94","Abnormal results of cardiovascular function studies"
"R94.4","category","R94","Abnormal results of kidney function studies"
"R94.5","category","R94","Abnormal results of liver function studies"
"R94.6","category","R94","Abnormal results of thyroid function studies"
"R94.7","category","R94","Abnormal results of other endocrine function studies"
"R94.8","category","R94","Abnormal results of function studies of other organs and systems"
"R95-R99","block","XVIII","Ill-defined and unknown causes of mortality"
"R95","category","R95-R99","Sudden infant death syndrome"
"R95.0","category","R95","Sudden infant death syndrome with mention of autopsy"
"R95.9","category","R95","Sudden infant death syndrome without mention of autopsy"
"R96","category","R95-R99","Other sudden death, cause unknown"
"R96.0","category","R96","Instantaneous death"
"R96.1","category","R96","Death occurring less than 24 hours from onset of symptoms, not otherwise explained"
"R98","category","R95-R99","Unattended death"
"R99","category","R95-R99","Other ill-defined and unspecified causes of mortality"
"XIX","chapter","","Injury, poisoning and certain other consequences of external causes"
"S00-S09","block","XIX","Injuries to the head"
"S00","category","S00-S09","Superficial injury of head"
"S00.0","category","S00","Superficial injury of scalp"
"S00.1","category","S00","Contusion of eyelid and periocular area"
"S00.2","category","S00","Other superficial injuries of eyelid and periocular area"
"S00.3","category","S00","Superficial injury of nose"
"S00.4","category","S00","Superficial injury of ear"
"S00.5","category","S00","Superficial injury of lip and oral cavity"
"S00.7","category","S00","Multiple superficial injuries of head"
"S00.8","category","S00","Superficial injury of other parts of head"
"S00.9","category","S00","Superficial injury of head, part unspecified"
"S01","category","S00-S09","Open wound of head"
"S01.0","category","S01","Open wound of scalp"
"S01.1","category","S01","Open wound of eyelid and periocular area"
"S01.2","category","S01","Open wound of nose"
"S01.3","category","S01","Open wound of ear"
"S01.4","category","S01","Open wound of cheek and temporomandibular area"
"S01.5","category","S01","Open wound of lip and oral cavity"
"S01.7","category","S01","Multiple open wounds of head"
"S01.8","category","S01","Open wound of other parts of head"
"S01.9","category","S01","Open wound of head, part unspecified"
"S02","category","S00-S09","Fracture of skull and facial bones"
"S02.0","category","S02","Fracture of vault of skull"
"S02.1","category","S02","Fracture of base of skull"
"S02.2","category","S02","Fracture of nasal bones"
"S02.3","category","S02","Fracture of orbital floor"
"S02.4","category","S02","Fracture of malar and maxillary bones"
"S02.5","category","S02","Fracture of tooth"
"S02.6","category","S02","Fracture of mandible"
"S02.7","category","S02","Multiple fractures involving skull and facial bones"
"S02.8","category","S02","Fractures of other skull and facial bones"
"S02.9","category","S02","Fracture of skull and facial bones, part unspecified"
"S03","category","S00-S09","Dislocation, sprain and strain of joints and ligaments of head"
"S03.0","category","S03","Dislocation of jaw"
"S03.1","category","S03","Dislocation of septal cartilage of nose"
"S03.2","category","S03","Dislocation of tooth"
"S03.3","category","S03","Dislocation of other and unspecified parts of head"
"S03.4","category","S03","Sprain and strain of jaw"
"S03.5","category","S03","Sprain and strain of joints and ligaments of other and unspecified parts of head"
"S04","category","S00-S09","Injury of cranial nerves"
"S04.0","category","S04","Injury of optic nerve and pathways"
"S04.1","category","S04","Injury of oculomotor nerve"
"S04.2","category","S04","Injury of trochlear nerve"
"S04.3","category","S04","Injury of trigeminal nerve"
"S04.4","category","S04","Injury of abducent nerve"
"S04.5","category","S04","Injury of facial nerve"
"S04.6","category","S04","Injury of acoustic nerve"
"S04.7","category","S04","Injury of accessory nerve"
"S04.8","category","S04","Injury of other cranial nerves"
"S04.9","category","S04","Injury of unspecified cranial nerve"
"S05","category","S00-S09","Injury of eye and orbit"
"S05.0","category","S05","Injury of conjunctiva and corneal abrasion without mention of foreign body"
"S05.1","category","S05","Contusion of eyeball and orbital tissues"
"S05.2","category","S05","Ocular laceration and rupture with prolapse or loss of intraocular tissue"
"S05.3","category","S05","Ocular laceration without prolapse or loss of intraocular tissue"
"S05.4","category","S05","Penetrating wound of orbit with or without foreign body"
"S05.5","category","S05","Penetrating wound of eyeball with foreign body"
"S05.6","category","S05","Penetrating wound of eyeball without foreign body"
"S05.7","category","S05","Avulsion of eye"
"S05.8","category","S05","Other injuries of eye and orbit"
"S05.9","category","S05","Injury of eye and orbit, unspecified"
"S06","category","S00-S09","Intracranial injury"
"S06.0","category","S06","Concussion"
"S06.1","category","S06","Traumatic cerebral oedema"
"S06.2","category","S06","Diffuse brain injury"
"S06.3","category","S06","Focal brain injury"
"S06.4","category","S06","Epidural haemorrhage"
"S06.5","category","S06","Traumatic subdural haemorrhage"
"S06.6","category","S06","Traumatic subarachnoid haemorrhage"
"S06.7","category","S06","Intracranial injury with prolonged coma"
"S06.8","category","S06","Other intracranial injuries"
"S06.9","category","S06","Intracranial injury, unspecified"
"S07","category","S00-S09","Crushing injury of head"
"S07.0","category","S07","Crushing injury of face"
"S07.1","category","S07","Crushing injury of skull"
"S07.8","category","S07","Crushing injury of other parts of head"
"S07.9","category","S07","Crushing injury of head, part unspecified"
"S08","category","S00-S09","Traumatic amputation of part of head"
"S08.0","category","S08","Avulsion of scalp"
"S08.1","category","S08","Traumatic amputation of ear"
"S08.8","category","S08","Traumatic amputation of other parts of head"
"S08.9","category","S08","Traumatic amputation of unspecified part of head"
"S09","category","S00-S09","Other and unspecified injuries of head"
"S09.0","category","S09","Injury of blood vessels of head, not elsewhere classified"
"S09.1","category","S09","Injury of muscle and tendon of head"
"S09.2","category","S09","Traumatic rupture of ear drum"
"S09.7","category","S09","Multiple injuries of head"
"S09.8","category","S09","Other specified injuries of head"
"S09.9","category","S09","Unspecified injury of head"
"S10-S19","block","XIX","Injuries to the neck"
"S10","category","S10-S19","Superficial injury of neck"
"S10.0","category","S10","Contusion of throat"
"S10.1","category","S10","Other and unspecified superficial injuries of throat"
"S10.7","category","S10","Multiple superficial injuries of neck"
"S10.8","category","S10","Superficial injury of other parts of neck"
"S10.9","category","S10","Superficial injury of neck, part unspecified"
"S11","category","S10-S19","Open wound of neck"
"S11.0","category","S11","Open wound involving larynx and trachea"
"S11.1","category","S11","Open wound involving thyroid gland"
"S11.2","category","S11","Open wound involving pharynx and cervical oesophagus"
"S11.7","category","S11","Multiple open wounds of neck"
"S11.8","category","S11","Open wound of other parts of neck"
"S11.9","category","S11","Open wound of neck, part unspecified"
"S12","category","S10-S19","Fracture of neck"
"S12.0","category","S12","Fracture of first cervical vertebra"
"S12.1","category","S12","Fracture of second cervical vertebra"
"S12.2","category","S12","Fracture of other specified cervical vertebra"
"S12.7","category","S12","Multiple fractures of cervical spine"
"S12.8","category","S12","Fracture of other parts of neck"
"S12.9","category","S12","Fracture of neck, part unspecified"
"S13","category","S10-S19","Dislocation, sprain and strain of joints and ligaments at neck level"
"S13.0","category","S13","Traumatic rupture of cervical intervertebral disc"
"S13.1","category","S13","Dislocation of cervical vertebra"
"S13.2","category","S13","Dislocation of other and unspecified parts of neck"
"S13.3","category","S13","Multiple dislocations of neck"
"S13.4","category","S13","Sprain and strain of cervical spine"
"S13.5","category","S13","Sprain and strain of thyroid region"
"S13.6","category","S13","Sprain and strain of joints and ligaments of other and unspecified parts of neck"
"S14","category","S10-S19","Injury of nerves and spinal cord at neck level"
"S14.0","category","S14","Concussion and oedema of cervical spinal cord"
"S14.1","category","S14","Other and unspecified injuries of cervical spinal cord"
"S14.2","category","S14","Injury of nerve root of cervical spine"
"S14.3","category","S14","Injury of brachial plexus"
"S14.4","category","S14","Injury of peripheral nerves of neck"
"S14.5","category","S14","Injury of cervical sympathetic nerves"
"S14.6","category","S14","Injury of other and unspecified nerves of neck"
"S15","category","S10-S19","Injury of blood vessels at neck level"
"S15.0","category","S15","Injury of carotid artery"
"S15.1","category","S15","Injury of vertebral artery"
"S15.2","category","S15","Injury of external jugular vein"
"S15.3","category","S15","Injury of internal jugular vein"
"S15.7","category","S15","Injury of multiple blood vessels at neck level"
"S15.8","category","S15","Injury of other blood vessels at neck level"
"S15.9","category","S15","Injury of unspecified blood vessel at neck level"
"S16","category","S10-S19","Injury of muscle and tendon at neck level"
"S17","category","S10-S19","Crushing injury of neck"
"S17.0","category","S17","Crushing injury of larynx and trachea"
"S17.8","category","S17","Crushing injury of other parts of neck"
"S17.9","category","S17","Crushing injury of neck, part unspecified"
"S18","category","S10-S19","Traumatic amputation at neck level"
"S19","category","S10-S19","Other and unspecified injuries of neck"
"S19.7","category","S19","Multiple injuries of neck"
"S19.8","category","S19","Other specified injuries of neck"
"S19.9","category","S19","Unspecified injury of neck"
"S20-S29","block","XIX","Injuries to the thorax"
"S20","category","S20-S29","Superficial injury of thorax"
"S20.0","category","S20","Contusion of breast"
"S20.1","category","S20","Other and unspecified superficial injuries of breast"
"S20.2","category","S20","Contusion of thorax"
"S20.3","category","S20","Other superficial injuries of front wall of thorax"
"S20.4","category","S20","Other superficial injuries of back wall of thorax"
"S20.7","category","S20","Multiple superficial injuries of thorax"
"S20.8","category","S20","Superficial injury of other and unspecified parts of thorax"
"S21","category","S20-S29","Open wound of thorax"
"S21.0","category","S21","Open wound of breast"
"S21.1","category","S21","Open wound of front wall of thorax"
"S21.2","category","S21","Open wound of back wall of thorax"
"S21.7","category","S21","Multiple open wounds of thoracic wall"
"S21.8","category","S21","Open wound of other parts of thorax"
"S21.9","category","S21","Open wound of thorax, part unspecified"
"S22","category","S20-S29","Fracture of rib(s), sternum and thoracic spine"
"S22.0","category","S22","Fracture of thoracic vertebra"
"S22.1","category","S22","Multiple fractures of thoracic spine"
"S22.2","category","S22","Fracture of sternum"
"S22.3","category","S22","Fracture of rib"
"S22.4","category","S22","Multiple fractures of ribs"
"S22.5","category","S22","Flail chest"
"S22.8","category","S22","Fracture of other parts of bony thorax"
"S22.9","category","S22","Fracture of bony thorax, part unspecified"
"S23","category","S20-S29","Dislocation, sprain and strain of joints and ligaments of thorax"
"S23.0","category","S23","Traumatic rupture of thoracic intervertebral disc"
"S23.1","category","S23","Dislocation of thoracic vertebra"
"S23.2","category","S23","Dislocation of other and unspecified parts of thorax"
"S23.3","category","S23","Sprain and strain of thoracic spine"
"S23.4","category","S23","Sprain and strain of ribs and sternum"
"S23.5","category","S23","Sprain and strain of other and unspecified parts of thorax"
"S24","category","S20-S29","Injury of nerves and spinal cord at thorax level"
"S24.0","category","S24","Concussion and oedema of thoracic spinal cord"
"S24.1","category","S24","Other and unspecified injuries of thoracic spinal cord"
"S24.2","category","S24","Injury of nerve root of thoracic spine"
"S24.3","category","S24","Injury of peripheral nerves of thorax"
"S24.4","category","S24","Injury of thoracic sympathetic nerves"
"S24.5","category","S24","Injury of other nerves of thorax"
"S24.6","category","S24","Injury of unspecified nerve of thorax"
"S25","category","S20-S29","Injury of blood vessels of thorax"
"S25.0","category","S25","Injury of thoracic aorta"
"S25.1","category","S25","Injury of innominate or subclavian artery"
"S25.2","category","S25","Injury of superior vena cava"
"S25.3","category","S25","Injury of innominate or subclavian vein"
"S25.4","category","S25","Injury of pulmonary blood vessels"
"S25.5","category","S25","Injury of intercostal blood vessels"
"S25.7","category","S25","Injury of multiple blood vessels of thorax"
"S25.8","category","S25","Injury of other blood vessels of thorax"
"S25.9","category","S25","Injury of unspecified blood vessel of thorax"
"S26","category","S20-S29","Injury of heart"
"S26.0","category","S26","Injury of heart with haemopericardium"
"S26.8","category","S26","Other injuries of heart"
"S26.9","category","S26","Injury of heart, unspecified"
"S27","category","S20-S29","Injury of other and unspecified intrathoracic organs"
"S27.0","category","S27","Traumatic pneumothorax"
"S27.1","category","S27","Traumatic haemothorax"
"S27.2","category","S27","Traumatic haemopneumothorax"
"S27.3","category","S27","Other injuries of lung"
"S27.4","category","S27","Injury of bronchus"
"S27.5","category","S27","Injury of thoracic trachea"
"S27.6","category","S27","Injury of pleura"
"S27.7","category","S27","Multiple injuries of intrathoracic organs"
"S27.8","category","S27","Injury of other specified intrathoracic organs"
"S27.9","category","S27","Injury of unspecified intrathoracic organ"
"S28","category","S20-S29","Crushing injury of thorax and traumatic amputation of part of thorax"
"S28.0","category","S28","Crushed chest"
"S28.1","category","S28","Traumatic amputation of part of thorax"
"S29","category","S20-S29","Other and unspecified injuries of thorax"
"S29.0","category","S29","Injury of muscle and tendon at thorax level"
"S29.7","category","S29","Multiple injuries of thorax"
"S29.8","category","S29","Other specified injuries of thorax"
"S29.9","category","S29","Unspecified injury of thorax"
"S30-S39","block","XIX","Injuries to the abdomen, lower back, lumbar spine and pelvis"
"S30","category","S30-S39","Superficial injury of abdomen, lower back and pelvis"
"S30.0","category","S30","Contusion of lower back and pelvis"
"S30.1","category","S30","Contusion of abdominal wall"
"S30.2","category","S30","Contusion of external genital organs"
"S30.7","category","S30","Multiple superficial injuries of abdomen, lower back and pelvis"
"S30.8","category","S30","Other superficial injuries of abdomen, lower back and pelvis"
"S30.9","category","S30","Superficial injury of abdomen, lower back and pelvis, part unspecified"
"S31","category","S30-S39","Open wound of abdomen, lower back and pelvis"
"S31.0","category","S31","Open wound of lower back and pelvis"
"S31.1","category","S31","Open wound of abdominal wall"
"S31.2","category","S31","Open wound of penis"
"S31.3","category","S31","Open wound of scrotum and testes"
"S31.4","category","S31","Open wound of vagina and vulva"
"S31.5","category","S31","Open wound of other and unspecified external genital organs"
"S31.7","category","S31","Multiple open wounds of abdomen, lower back and pelvis"
"S31.8","category","S31","Open wound of other and unspecified parts of abdomen"
"S32","category","S30-S39","Fracture of lumbar spine and pelvis"
"S32.0","category","S32","Fracture of lumbar vertebra"
"S32.1","category","S32","Fracture of sacrum"
"S32.2","category","S32","Fracture of coccyx"
"S32.3","category","S32","Fracture of ilium"
"S32.4","category","S32","Fracture of acetabulum"
"S32.5","category","S32","Fracture of pubis"
"S32.7","category","S32","Multiple fractures of lumbar spine and pelvis"
"S32.8","category","S32","Fracture of other and unspecified parts of lumbar spine and pelvis"
"S33","category","S30-S39","Dislocation, sprain and strain of joints and ligaments of lumbar spine and pelvis"
"S33.0","category","S33","Traumatic rupture of lumbar intervertebral disc"
"S33.1","category","S33","Dislocation of lumbar vertebra"
"S33.2","category","S33","Dislocation of sacroiliac and sacrococcygeal joint"
"S33.3","category","S33","Dislocation of other and unspecified parts of lumbar spine and pelvis"
"S33.4","category","S33","Traumatic rupture of symphysis pubis"
"S33.5","category","S33","Sprain and strain of lumbar spine"
"S33.6","category","S33","Sprain and strain of sacroiliac joint"
"S33.7","category","S33","Sprain and strain of other and unspecified parts of lumbar spine and pelvis"
"S34","category","S30-S39","Injury of nerves and lumbar spinal cord at abdomen, lower back and pelvis level"
"S34.0","category","S34","Concussion and oedema of lumbar spinal cord"
"S34.1","category","S34","Other injury of lumbar spinal cord"
"S34.2","category","S34","Injury of nerve root of lumbar and sacral spine"
"S34.3","category","S34","Injury of cauda equina"
"S34.4","category","S34","Injury of lumbosacral plexus"
"S34.5","category","S34","Injury of lumbar, sacral and pelvic sympathetic nerves"
"S34.6","category","S34","Injury of peripheral nerve(s) of abdomen, lower back and pelvis"
"S34.8","category","S34","Injury of other and unspecified nerves at abdomen, lower back and pelvis level"
"S35","category","S30-S39","Injury of blood vessels at abdomen, lower back and pelvis level"
"S35.0","category","S35","Injury of abdominal aorta"
"S35.1","category","S35","Injury of inferior vena cava"
"S35.2","category","S35","Injury of coeliac or mesenteric artery"
"S35.3","category","S35","Injury of portal or splenic vein"
"S35.4","category","S35","Injury of renal blood vessels"
"S35.5","category","S35","Injury of iliac blood vessels"
"S35.7","category","S35","Injury of multiple blood vessels at abdomen, lower back and pelvis level"
"S35.8","category","S35","Injury of other blood vessels at abdomen, lower back and pelvis level"
"S35.9","category","S35","Injury of unspecified blood vessel at abdomen, lower back and pelvis level"
"S36","category","S30-S39","Injury of intra-abdominal organs"
"S36.0","category","S36","Injury of spleen"
"S36.1","category","S36","Injury of liver or gallbladder"
"S36.2","category","S36","Injury of pancreas"
"S36.3","category","S36","Injury of stomach"
"S36.4","category","S36","Injury of small intestine"
"S36.5","category","S36","Injury of colon"
"S36.6","category","S36","Injury of rectum"
"S36.7","category","S36","Injury of multiple intra-abdominal organs"
"S36.8","category","S36","Injury of other intra-abdominal organs"
"S36.9","category","S36","Injury of unspecified intra-abdominal organ"
"S37","category","S30-S39","Injury of urinary and pelvic organs"
"S37.0","category","S37","Injury of kidney"
"S37.1","category","S37","Injury of ureter"
"S37.2","category","S37","Injury of bladder"
"S37.3","category","S37","Injury of urethra"
"S37.4","category","S37","Injury of ovary"
"S37.5","category","S37","Injury of fallopian tube"
"S37.6","category","S37","Injury of uterus"
"S37.7","category","S37","Injury of multiple pelvic organs"
"S37.8","category","S37","Injury of other pelvic organs"
"S37.9","category","S37","Injury of unspecified pelvic organ"
"S38","category","S30-S39","Crushing injury and traumatic amputation of part of abdomen, lower back and pelvis"
"S38.0","category","S38","Crushing injury of external genital organs"
"S38.1","category","S38","Crushing injury of other and unspecified parts of abdomen, lower back and pelvis"
"S38.2","category","S38","Traumatic amputation of external genital organs"
"S38.3","category","S38","Traumatic amputation of other and unspecified parts of abdomen, lower back and pelvis"
"S39","category","S30-S39","Other and unspecified injuries of abdomen, lower back and pelvis"
"S39.0","category","S39","Injury of muscle and tendon of abdomen, lower back and pelvis"
"S39.6","category","S39","Injury of intra-abdominal organ(s) with pelvic organ(s)"
"S39.7","category","S39","Other multiple injuries of abdomen, lower back and pelvis"
"S39.8","category","S39","Other specified injuries of abdomen, lower back and pelvis"
"S39.9","category","S39","Unspecified injury of abdomen, lower back and pelvis"
"S40-S49","block","XIX","Injuries to the shoulder and upper arm"
"S40","category","S40-S49","Superficial injury of shoulder and upper arm"
"S40.0","category","S40","Contusion of shoulder and upper arm"
"S40.7","category","S40","Multiple superficial injuries of shoulder and upper arm"
"S40.8","category","S40","Other superficial injuries of shoulder and upper arm"
"S40.9","category","S40","Superficial injury of shoulder and upper arm, unspecified"
"S41","category","S40-S49","Open wound of shoulder and upper arm"
"S41.0","category","S41","Open wound of shoulder"
"S41.1","category","S41","Open wound of upper arm"
"S41.7","category","S41","Multiple open wounds of shoulder and upper arm"
"S41.8","category","S41","Open wound of other and unspecified parts of shoulder girdle"
"S42","category","S40-S49","Fracture of shoulder and upper arm"
"S42.0","category","S42","Fracture of clavicle"
"S42.1","category","S42","Fracture of scapula"
"S42.2","category","S42","Fracture of upper end of humerus"
"S42.3","category","S42","Fracture of shaft of humerus"
"S42.4","category","S42","Fracture of lower end of humerus"
"S42.7","category","S42","Multiple fractures of clavicle, scapula and humerus"
"S42.8","category","S42","Fracture of other parts of shoulder and upper arm"
"S42.9","category","S42","Fracture of shoulder girdle, part unspecified"
"S43","category","S40-S49","Dislocation, sprain and strain of joints and ligaments of shoulder girdle"
"S43.0","category","S43","Dislocation of shoulder joint"
"S43.1","category","S43","Dislocation of acromioclavicular joint"
"S43.2","category","S43","Dislocation of sternoclavicular joint"
"S43.3","category","S43","Dislocation of other and unspecified parts of shoulder girdle"
"S43.4","category","S43","Sprain and strain of shoulder joint"
"S43.5","category","S43","Sprain and strain of acromioclavicular joint"
"S43.6","category","S43","Sprain and strain of sternoclavicular joint"
"S43.7","category","S43","Sprain and strain of other and unspecified parts of shoulder girdle"
"S44","category","S40-S49","Injury of nerves at shoulder and upper arm level"
"S44.0","category","S44","Injury of ulnar nerve at upper arm level"
"S44.1","category","S44","Injury of median nerve at upper arm level"
"S44.2","category","S44","Injury of radial nerve at upper arm level"
"S44.3","category","S44","Injury of axillary nerve"
"S44.4","category","S44","Injury of musculocutaneous nerve"
"S44.5","category","S44","Injury of cutaneous sensory nerve at shoulder and upper arm level"
"S44.7","category","S44","Injury of multiple nerves at shoulder and upper arm level"
"S44.8","category","S44","Injury of other nerves at shoulder and upper arm level"
"S44.9","category","S44","Injury of unspecified nerve at shoulder and upper arm level"
"S45","category","S40-S49","Injury of blood vessels at shoulder and upper arm level"
"S45.0","category","S45","Injury of axillary artery"
"S45.1","category","S45","Injury of brachial artery"
"S45.2","category","S45","Injury of axillary or brachial vein"
"S45.3","category","S45","Injury of superficial vein at shoulder and upper arm level"
"S45.7","category","S45","Injury of multiple blood vessels at shoulder and upper arm level"
"S45.8","category","S45","Injury of other blood vessels at shoulder and upper arm level"
"S45.9","category","S45","Injury of unspecified blood vessel at shoulder and upper arm level"
"S46","category","S40-S49","Injury of muscle and tendon at shoulder and upper arm level"
"S46.0","category","S46","Injury of muscle(s) and tendon(s) of the rotator cuff of shoulder"
"S46.1","category","S46","Injury of muscle and tendon of long head of biceps"
"S46.2","category","S46","Injury of muscle and tendon of other parts of biceps"
"S46.3","category","S46","Injury of muscle and tendon of triceps"
"S46.7","category","S46","Injury of multiple muscles and tendons at shoulder and upper arm level"
"S46.8","category","S46","Injury of other muscles and tendons at shoulder and upper arm level"
"S46.9","category","S46","Injury of unspecified muscle and tendon at shoulder and upper arm level"
"S47","category","S40-S49","Crushing injury of shoulder and upper arm"
"S48","category","S40-S49","Traumatic amputation of shoulder and upper arm"
"S48.0","category","S48","Traumatic amputation at shoulder joint"
"S48.1","category","S48","Traumatic amputation at level between shoulder and elbow"
"S48.9","category","S48","Traumatic amputation of shoulder and upper arm, level unspecified"
"S49","category","S40-S49","Other and unspecified injuries of shoulder and upper arm"
"S49.7","category","S49","Multiple injuries of shoulder and upper arm"
"S49.8","category","S49","Other specified injuries of shoulder and upper arm"
"S49.9","category","S49","Unspecified injury of shoulder and upper arm"
"S50-S59","block","XIX","Injuries to the elbow and forearm"
"S50","category","S50-S59","Superficial injury of forearm"
"S50.0","category","S50","Contusion of elbow"
"S50.1","category","S50","Contusion of other and unspecified parts of forearm"
"S50.7","category","S50","Multiple superficial injuries of forearm"
"S50.8","category","S50","Other superficial injuries of forearm"
"S50.9","category","S50","Superficial injury of forearm, unspecified"
"S51","category","S50-S59","Open wound of forearm"
"S51.0","category","S51","Open wound of elbow"
"S51.7","category","S51","Multiple open wounds of forearm"
"S51.8","category","S51","Open wound of other parts of forearm"
"S51.9","category","S51","Open wound of forearm, part unspecified"
"S52","category","S50-S59","Fracture of forearm"
"S52.0","category","S52","Fracture of upper end of ulna"
"S52.1","category","S52","Fracture of upper end of radius"
"S52.2","category","S52","Fracture of shaft of ulna"
"S52.3","category","S52","Fracture of shaft of radius"
"S52.4","category","S52","Fracture of shafts of both ulna and radius"
"S52.5","category","S52","Fracture of lower end of radius"
"S52.6","category","S52","Fracture of lower end of both ulna and radius"
"S52.7","category","S52","Multiple fractures of forearm"
"S52.8","category","S52","Fracture of other parts of forearm"
"S52.9","category","S52","Fracture of forearm, part unspecified"
"S53","category","S50-S59","Dislocation, sprain and strain of joints and ligaments of elbow"
"S53.0","category","S53","Dislocation of radial head"
"S53.1","category","S53","Dislocation of elbow, unspecified"
"S53.2","category","S53","Traumatic rupture of radial collateral ligament"
"S53.3","category","S53","Traumatic rupture of ulnar collateral ligament"
"S53.4","category","S53","Sprain and strain of elbow"
"S54","category","S50-S59","Injury of nerves at forearm level"
"S54.0","category","S54","Injury of ulnar nerve at forearm level"
"S54.1","category","S54","Injury of median nerve at forearm level"
"S54.2","category","S54","Injury of radial nerve at forearm level"
"S54.3","category","S54","Injury of cutaneous sensory nerve at forearm level"
"S54.7","category","S54","Injury of multiple nerves at forearm level"
"S54.8","category","S54","Injury of other nerves at forearm level"
"S54.9","category","S54","Injury of unspecified nerve at forearm level"
"S55","category","S50-S59","Injury of blood vessels at forearm level"
"S55.0","category","S55","Injury of ulnar artery at forearm level"
"S55.1","category","S55","Injury of radial artery at forearm level"
"S55.2","category","S55","Injury of vein at forearm level"
"S55.7","category","S55","Injury of multiple blood vessels at forearm level"
"S55.8","category","S55","Injury of other blood vessels at forearm level"
"S55.9","category","S55","Injury of unspecified blood vessel at forearm level"
"S56","category","S50-S59","Injury of muscle and tendon at forearm level"
"S56.0","category","S56","Injury of flexor muscle and tendon of thumb at forearm level"
"S56.1","category","S56","Injury of long flexor muscle and tendon of other finger(s) at forearm level"
"S56.2","category","S56","Injury of other flexor muscle and tendon at forearm level"
"S56.3","category","S56","Injury of extensor or abductor muscles and tendons of thumb at forearm level"
"S56.4","category","S56","Injury of extensor muscle and tendon of other finger(s) at forearm level"
"S56.5","category","S56","Injury of other extensor muscle and tendon at forearm level"
"S56.7","category","S56","Injury of multiple muscles and tendons at forearm level"
"S56.8","category","S56","Injury of other and unspecified muscles and tendons at forearm level"
"S57","category","S50-S59","Crushing injury of forearm"
"S57.0","category","S57","Crushing injury of elbow"
"S57.8","category","S57","Crushing injury of other parts of forearm"
"S57.9","category","S57","Crushing injury of forearm, part unspecified"
"S58","category","S50-S59","Traumatic amputation of forearm"
"S58.0","category","S58","Traumatic amputation at elbow level"
"S58.1","category","S58","Traumatic amputation at level between elbow and wrist"
"S58.9","category","S58","Traumatic amputation of forearm, level unspecified"
"S59","category","S50-S59","Other and unspecified injuries of forearm"
"S59.7","category","S59","Multiple injuries of forearm"
"S59.8","category","S59","Other specified injuries of forearm"
"S59.9","category","S59","Unspecified injury of forearm"
"S60-S69","block","XIX","Injuries to the wrist and hand"
"S60","category","S60-S69","Superficial injury of wrist and hand"
"S60.0","category","S60","Contusion of finger(s) without damage to nail"
"S60.1","category","S60","Contusion of finger(s) with damage to nail"
"S60.2","category","S60","Contusion of other parts of wrist and hand"
"S60.7","category","S60","Multiple superficial injuries of wrist and hand"
"S60.8","category","S60","Other superficial injuries of wrist and hand"
"S60.9","category","S60","Superficial injury of wrist and hand, unspecified"
"S61","category","S60-S69","Open wound of wrist and hand"
"S61.0","category","S61","Open wound of finger(s) without damage to nail"
"S61.1","category","S61","Open wound of finger(s) with damage to nail"
"S61.7","category","S61","Multiple open wounds of wrist and hand"
"S61.8","category","S61","Open wound of other parts of wrist and hand"
"S61.9","category","S61","Open wound of wrist and hand, part unspecified"
"S62","category","S60-S69","Fracture at wrist and hand level"
"S62.0","category","S62","Fracture of navicular [scaphoid] bone of hand"
"S62.1","category","S62","Fracture of other carpal bone(s)"
"S62.2","category","S62","Fracture of first metacarpal bone"
"S62.3","category","S62","Fracture of other metacarpal bone"
"S62.4","category","S62","Multiple fractures of metacarpal bones"
"S62.5","category","S62","Fracture of thumb"
"S62.6","category","S62","Fracture of other finger"
"S62.7","category","S62","Multiple fractures of fingers"
"S62.8","category","S62","Fracture of other and unspecified parts of wrist and hand"
"S63","category","S60-S69","Dislocation, sprain and strain of joints and ligaments at wrist and hand level"
"S63.0","category","S63","Dislocation of wrist"
"S63.1","category","S63","Dislocation of finger"
"S63.2","category","S63","Multiple dislocations of fingers"
"S63.3","category","S63","Traumatic rupture of ligament of wrist and carpus"
"S63.4","category","S63","Traumatic rupture of ligament of finger at metacarpophalangeal and interphalangeal joint(s)"
"S63.5","category","S63","Sprain and strain of wrist"
"S63.6","category","S63","Sprain and strain of finger(s)"
"S63.7","category","S63","Sprain and strain of other and unspecified parts of hand"
"S64","category","S60-S69","Injury of nerves at wrist and hand level"
"S64.0","category","S64","Injury of ulnar nerve at wrist and hand level"
"S64.1","category","S64","Injury of median nerve at wrist and hand level"
"S64.2","category","S64","Injury of radial nerve at wrist and hand level"
"S64.3","category","S64","Injury of digital nerve of thumb"
"S64.4","category","S64","Injury of digital nerve of other finger"
"S64.7","category","S64","Injury of multiple nerves at wrist and hand level"
"S64.8","category","S64","Injury of other nerves at wrist and hand level"
"S64.9","category","S64","Injury of unspecified nerve at wrist and hand level"
"S65","category","S60-S69","Injury of blood vessels at wrist and hand level"
"S65.0","category","S65","Injury of ulnar artery at wrist and hand level"
"S65.1","category","S65","Injury of radial artery at wrist and hand level"
"S65.2","category","S65","Injury of superficial palmar arch"
"S65.3","category","S65","Injury of deep palmar arch"
"S65.4","category","S65","Injury of blood vessel(s) of thumb"
"S65.5","category","S65","Injury of blood vessel(s) of other finger"
"S65.7","category","S65","Injury of multiple blood vessels at wrist and hand level"
"S65.8","category","S65","Injury of other blood vessels at wrist and hand level"
"S65.9","category","S65","Injury of unspecified blood vessel at wrist and hand level"
"S66","category","S60-S69","Injury of muscle and tendon at wrist and hand level"
"S66.0","category","S66","Injury of long flexor muscle and tendon of thumb at wrist and hand level"
"S66.1","category","S66","Injury of flexor muscle and tendon of other finger at wrist and hand level"
"S66.2","category","S66","Injury of extensor muscle and tendon of thumb at wrist and hand level"
"S66.3","category","S66","Injury of extensor muscle and tendon of other finger at wrist and hand level"
"S66.4","category","S66","Injury of intrinsic muscle and tendon of thumb at wrist and hand level"
"S66.5","category","S66","Injury of intrinsic muscle and tendon of other finger at wrist and hand level"
"S66.6","category","S66","Injury of multiple flexor muscles and tendons at wrist and hand level"
"S66.7","category","S66","Injury of multiple extensor muscles and tendons at wrist and hand level"
"S66.8","category","S66","Injury of other muscles and tendons at wrist and hand level"
"S66.9","category","S66","Injury of unspecified muscle and tendon at wrist and hand level"
"S67","category","S60-S69","Crushing injury of wrist and hand"
"S67.0","category","S67","Crushing injury of thumb and other finger(s)"
"S67.8","category","S67","Crushing injury of other and unspecified parts of wrist and hand"
"S68","category","S60-S69","Traumatic amputation of wrist and hand"
"S68.0","category","S68","Traumatic amputation of thumb (complete)(partial)"
"S68.1","category","S68","Traumatic amputation of other single finger (complete)(partial)"
"S68.2","category","S68","Traumatic amputation of two or more fingers alone (complete)(partial)"
"S68.3","category","S68","Combined traumatic amputation of (part of) finger(s) with other parts of wrist and hand"
"S68.4","category","S68","Traumatic amputation of hand at wrist level"
"S68.8","category","S68","Traumatic amputation of other parts of wrist and hand"
"S68.9","category","S68","Traumatic amputation of wrist and hand, level unspecified"
"S69","category","S60-S69","Other and unspecified injuries of wrist and hand"
"S69.7","category","S69","Multiple injuries of wrist and hand"
"S69.8","category","S69","Other specified injuries of wrist and hand"
"S69.9","category","S69","Unspecified injury of wrist and hand"
"S70-S79","block","XIX","Injuries to the hip and thigh"
"S70","category","S70-S79","Superficial injury of hip and thigh"
"S70.0","category","S70","Contusion of hip"
"S70.1","category","S70","Contusion of thigh"
"S70.7","category","S70","Multiple superficial injuries of hip and thigh"
"S70.8","category","S70","Other superficial injuries of hip and thigh"
"S70.9","category","S70","Superficial injury of hip and thigh, unspecified"
"S71","category","S70-S79","Open wound of hip and thigh"
"S71.0","category","S71","Open wound of hip"
"S71.1","category","S71","Open wound of thigh"
"S71.7","category","S71","Multiple open wounds of hip and thigh"
"S71.8","category","S71","Open wound of other and unspecified parts of pelvic girdle"
"S72","category","S70-S79","Fracture of femur"
"S72.0","category","S72","Fracture of neck of femur"
"S72.1","category","S72","Pertrochanteric fracture"
"S72.2","category","S72","Subtrochanteric fracture"
"S72.3","category","S72","Fracture of shaft of femur"
"S72.4","category","S72","Fracture of lower end of femur"
"S72.7","category","S72","Multiple fractures of femur"
"S72.8","category","S72","Fractures of other parts of femur"
"S72.9","category","S72","Fracture of femur, part unspecified"
"S73","category","S70-S79","Dislocation, sprain and strain of joint and ligaments of hip"
"S73.0","category","S73","Dislocation of hip"
"S73.1","category","S73","Sprain and strain of hip"
"S74","category","S70-S79","Injury of nerves at hip and thigh level"
"S74.0","category","S74","Injury of sciatic nerve at hip and thigh level"
"S74.1","category","S74","Injury of femoral nerve at hip and thigh level"
"S74.2","category","S74","Injury of cutaneous sensory nerve at hip and thigh level"
"S74.7","category","S74","Injury of multiple nerves at hip and thigh level"
"S74.8","category","S74","Injury of other nerves at hip and thigh level"
"S74.9","category","S74","Injury of unspecified nerve at hip and thigh level"
"S75","category","S70-S79","Injury of blood vessels at hip and thigh level"
"S75.0","category","S75","Injury of femoral artery"
"S75.1","category","S75","Injury of femoral vein at hip and thigh level"
"S75.2","category","S75","Injury of greater saphenous vein at hip and thigh level"
"S75.7","category","S75","Injury of multiple blood vessels at hip and thigh level"
"S75.8","category","S75","Injury of other blood vessels at hip and thigh level"
"S75.9","category","S75","Injury of unspecified blood vessel at hip and thigh level"
"S76","category","S70-S79","Injury of muscle and tendon at hip and thigh level"
"S76.0","category","S76","Injury of muscle and tendon of hip"
"S76.1","category","S76","Injury of quadriceps muscle and tendon"
"S76.2","category","S76","Injury of adductor muscle and tendon of thigh"
"S76.3","category","S76","Injury of muscle and tendon of the posterior muscle group at thigh level"
"S76.4","category","S76","Injury of other and unspecified muscles and tendons at thigh level"
"S76.7","category","S76","Injury of multiple muscles and tendons at hip and thigh level"
"S77","category","S70-S79","Crushing injury of hip and thigh"
"S77.0","category","S77","Crushing injury of hip"
"S77.1","category","S77","Crushing injury of thigh"
"S77.2","category","S77","Crushing injury of hip with thigh"
"S78","category","S70-S79","Traumatic amputation of hip and thigh"
"S78.0","category","S78","Traumatic amputation at hip joint"
"S78.1","category","S78","Traumatic amputation at level between hip and knee"
"S78.9","category","S78","Traumatic amputation of hip and thigh, level unspecified"
"S79","category","S70-S79","Other and unspecified injuries of hip and thigh"
"S79.7","category","S79","Multiple injuries of hip and thigh"
"S79.8","category","S79","Other specified injuries of hip and thigh"
"S79.9","category","S79","Unspecified injury of hip and thigh"
"S80-S89","block","XIX","Injuries to the knee and lower leg"
"S80","category","S80-S89","Superficial injury of lower leg"
"S80.0","category","S80","Contusion of knee"
"S80.1","category","S80","Contusion of other and unspecified parts of lower leg"
"S80.7","category","S80","Multiple superficial injuries of lower leg"
"S80.8","category","S80","Other superficial injuries of lower leg"
"S80.9","category","S80","Superficial injury of lower leg, unspecified"
"S81","category","S80-S89","Open wound of lower leg"
"S81.0","category","S81","Open wound of knee"
"S81.7","category","S81","Multiple open wounds of lower leg"
"S81.8","category","S81","Open wound of other parts of lower leg"
"S81.9","category","S81","Open wound of lower leg, part unspecified"
"S82","category","S80-S89","Fracture of lower leg, including ankle"
"S82.0","category","S82","Fracture of patella"
"S82.1","category","S82","Fracture of upper end of tibia"
"S82.2","category","S82","Fracture of shaft of tibia"
"S82.3","category","S82","Fracture of lower end of tibia"
"S82.4","category","S82","Fracture of fibula alone"
"S82.5","category","S82","Fracture of medial malleolus"
"S82.6","category","S82","Fracture of lateral malleolus"
"S82.7","category","S82","Multiple fractures of lower leg"
"S82.8","category","S82","Fractures of other parts of lower leg"
"S82.9","category","S82","Fracture of lower leg, part unspecified"
"S83","category","S80-S89","Dislocation, sprain and strain of joints and ligaments of knee"
"S83.0","category","S83","Dislocation of patella"
"S83.1","category","S83","Dislocation of knee"
"S83.2","category","S83","Tear of meniscus, current"
"S83.3","category","S83","Tear of articular cartilage of knee, current"
"S83.4","category","S83","Sprain and strain involving (fibular)(tibial) collateral ligament of knee"
"S83.5","category","S83","Sprain and strain involving (anterior)(posterior) cruciate ligament of knee"
"S83.6","category","S83","Sprain and strain of other and unspecified parts of knee"
"S83.7","category","S83","Injury to multiple structures of knee"
"S84","category","S80-S89","Injury of nerves at lower leg level"
"S84.0","category","S84","Injury of tibial nerve at lower leg level"
"S84.1","category","S84","Injury of peroneal nerve at lower leg level"
"S84.2","category","S84","Injury of cutaneous sensory nerve at lower leg level"
"S84.7","category","S84","Injury of multiple nerves at lower leg level"
"S84.8","category","S84","Injury of other nerves at lower leg level"
"S84.9","category","S84","Injury of unspecified nerve at lower leg level"
"S85","category","S80-S89","Injury of blood vessels at lower leg level"
"S85.0","category","S85","Injury of popliteal artery"
"S85.1","category","S85","Injury of (anterior)(posterior) tibial artery"
"S85.2","category","S85","Injury of peroneal artery"
"S85.3","category","S85","Injury of greater saphenous vein at lower leg level"
"S85.4","category","S85","Injury of lesser saphenous vein at lower leg level"
"S85.5","category","S85","Injury of popliteal vein"
"S85.7","category","S85","Injury of multiple blood vessels at lower leg level"
"S85.8","category","S85","Injury of other blood vessels at lower leg level"
"S85.9","category","S85","Injury of unspecified blood vessel at lower leg level"
"S86","category","S80-S89","Injury of muscle and tendon at lower leg level"
"S86.0","category","S86","Injury of Achilles tendon"
"S86.1","category","S86","Injury of other muscle(s) and tendon(s) of posterior muscle group at lower leg level"
"S86.2","category","S86","Injury of muscle(s) and tendon(s) of anterior muscle group at lower leg level"
"S86.3","category","S86","Injury of muscle(s) and tendon(s) of peroneal muscle group at lower leg level"
"S86.7","category","S86","Injury of multiple muscles and tendons at lower leg level"
"S86.8","category","S86","Injury of other muscles and tendons at lower leg level"
"S86.9","category","S86","Injury of unspecified muscle and tendon at lower leg level"
"S87","category","S80-S89","Crushing injury of lower leg"
"S87.0","category","S87","Crushing injury of knee"
"S87.8","category","S87","Crushing injury of other and unspecified parts of lower leg"
"S88","category","S80-S89","Traumatic amputation of lower leg"
"S88.0","category","S88","Traumatic amputation at knee level"
"S88.1","category","S88","Traumatic amputation at level between knee and ankle"
"S88.9","category","S88","Traumatic amputation of lower leg, level unspecified"
"S89","category","S80-S89","Other and unspecified injuries of lower leg"
"S89.7","category","S89","Multiple injuries of lower leg"
"S89.8","category","S89","Other specified injuries of lower leg"
"S89.9","category","S89","Unspecified injury of lower leg"
"S90-S99","block","XIX","Injuries to the ankle and foot"
"S90","category","S90-S99","Superficial injury of ankle and foot"
"S90.0","category","S90","Contusion of ankle"
"S90.1","category","S90","Contusion of toe(s) without damage to nail"
"S90.2","category","S90","Contusion of toe(s) with damage to nail"
"S90.3","category","S90","Contusion of other and unspecified parts of foot"
"S90.7","category","S90","Multiple superficial injuries of ankle and foot"
"S90.8","category","S90","Other superficial injuries of ankle and foot"
"S90.9","category","S90","Superficial injury of ankle and foot, unspecified"
"S91","category","S90-S99","Open wound of ankle and foot"
"S91.0","category","S91","Open wound of ankle"
"S91.1","category","S91","Open wound of toe(s) without damage to nail"
"S91.2","category","S91","Open wound of toe(s) with damage to nail"
"S91.3","category","S91","Open wound of other parts of foot"
"S91.7","category","S91","Multiple open wounds of ankle and foot"
"S92","category","S90-S99","Fracture of foot, except ankle"
"S92.0","category","S92","Fracture of calcaneus"
"S92.1","category","S92","Fracture of talus"
"S92.2","category","S92","Fracture of other tarsal bone(s)"
"S92.3","category","S92","Fracture of metatarsal bone"
"S92.4","category","S92","Fracture of great toe"
"S92.5","category","S92","Fracture of other toe"
"S92.7","category","S92","Multiple fractures of foot"
"S92.9","category","S92","Fracture of foot, unspecified"
"S93","category","S90-S99","Dislocation, sprain and strain of joints and ligaments at ankle and foot level"
"S93.0","category","S93","Dislocation of ankle joint"
"S93.1","category","S93","Dislocation of toe(s)"
"S93.2","category","S93","Rupture of ligaments at ankle and foot level"
"S93.3","category","S93","Dislocation of other and unspecified parts of foot"
"S93.4","category","S93","Sprain and strain of ankle"
"S93.5","category","S93","Sprain and strain of toe(s)"
"S93.6","category","S93","Sprain and strain of other and unspecified parts of foot"
"S94","category","S90-S99","Injury of nerves at ankle and foot level"
"S94.0","category","S94","Injury of lateral plantar nerve"
"S94.1","category","S94","Injury of medial plantar nerve"
"S94.2","category","S94","Injury of deep peroneal nerve at ankle and foot level"
"S94.3","category","S94","Injury of cutaneous sensory nerve at ankle and foot level"
"S94.7","category","S94","Injury of multiple nerves at ankle and foot level"
"S94.8","category","S94","Injury of other nerves at ankle and foot level"
"S94.9","category","S94","Injury of unspecified nerve at ankle and foot level"
"S95","category","S90-S99","Injury of blood vessels at ankle and foot level"
"S95.0","category","S95","Injury of dorsal artery of foot"
"S95.1","category","S95","Injury of plantar artery of foot"
"S95.2","category","S95","Injury of dorsal vein of foot"
"S95.7","category","S95","Injury of multiple blood vessels at ankle and foot level"
"S95.8","category","S95","Injury of other blood vessels at ankle and foot level"
"S95.9","category","S95","Injury of unspecified blood vessel at ankle and foot level"
"S96","category","S90-S99","Injury of muscle and tendon at ankle and foot level"
"S96.0","category","S96","Injury of muscle and tendon of long flexor muscle of toe at ankle and foot level"
"S96.1","category","S96","Injury of muscle and tendon of long extensor muscle of toe at ankle and foot level"
"S96.2","category","S96","Injury of intrinsic muscle and tendon at ankle and foot level"
"S96.7","category","S96","Injury of multiple muscles and tendons at ankle and foot level"
"S96.8","category","S96","Injury of other muscles and tendons at ankle and foot level"
"S96.9","category","S96","Injury of unspecified muscle and tendon at ankle and foot level"
"S97","category","S90-S99","Crushing injury of ankle and foot"
"S97.0","category","S97","Crushing injury of ankle"
"S97.1","category","S97","Crushing injury of toe(s)"
"S97.8","category","S97","Crushing injury of other parts of ankle and foot"
"S98","category","S90-S99","Traumatic amputation of ankle and foot"
"S98.0","category","S98","Traumatic amputation of foot at ankle level"
"S98.1","category","S98","Traumatic amputation of one toe"
"S98.2","category","S98","Traumatic amputation of two or more toes"
"S98.3","category","S98","Traumatic amputation of other parts of foot"
"S98.4","category","S98","Traumatic amputation of foot, level unspecified"
"S99","category","S90-S99","Other and unspecified injuries of ankle and foot"
"S99.7","category","S99","Multiple injuries of ankle and foot"
"S99.8","category","S99","Other specified injuries of ankle and foot"
"S99.9","category","S99","Unspecified injury of ankle and foot"
"T00-T07","block","XIX","Injuries involving multiple body regions"
"T00","category","T00-T07","Superficial injuries involving multiple body regions"
"T00.0","category","T00","Superficial injuries involving head with neck"
"T00.1","category","T00","Superficial injuries involving thorax with abdomen, lower back and pelvis"
"T00.2","category","T00","Superficial injuries involving multiple regions of upper limb(s)"
"T00.3","category","T00","Superficial injuries involving multiple regions of lower limb(s)"
"T00.6","category","T00","Superficial injuries involving multiple regions of upper limb(s) with lower limb(s)"
"T00.8","category","T00","Superficial injuries involving other combinations of body regions"
"T00.9","category","T00","Multiple superficial injuries, unspecified"
"T01","category","T00-T07","Open wounds involving multiple body regions"
"T01.0","category","T01","Open wounds involving head with neck"
"T01.1","category","T01","Open wounds involving thorax with abdomen, lower back and pelvis"
"T01.2","category","T01","Open wounds involving multiple regions of upper limb(s)"
"T01.3","category","T01","Open wounds involving multiple regions of lower limb(s)"
"T01.6","category","T01","Open wounds involving multiple regions of upper limb(s) with lower limb(s)"
"T01.8","category","T01","Open wounds involving other combinations of body regions"
"T01.9","category","T01","Multiple open wounds, unspecified"
"T02","category","T00-T07","Fractures involving multiple body regions"
"T02.0","category","T02","Fractures involving head with neck"
"T02.1","category","T02","Fractures involving thorax with lower back and pelvis"
"T02.2","category","T02","Fractures involving multiple regions of one upper limb"
"T02.3","category","T02","Fractures involving multiple regions of one lower limb"
"T02.4","category","T02","Fractures involving multiple regions of both upper limbs"
"T02.5","category","T02","Fractures involving multiple regions of both lower limbs"
"T02.6","category","T02","Fractures involving multiple regions of upper limb(s) with lower limb(s)"
"T02.7","category","T02","Fractures involving thorax with lower back and pelvis with limb(s)"
"T02.8","category","T02","Fractures involving other combinations of body regions"
"T02.9","category","T02","Multiple fractures, unspecified"
"T03","category","T00-T07","Dislocations, sprains and strains involving multiple body regions"
"T03.0","category","T03","Dislocations, sprains and strains involving head with neck"
"T03.1","category","T03","Dislocations, sprains and strains involving thorax with lower back and pelvis"
"T03.2","category","T03","Dislocations, sprains and strains involving multiple regions of upper limb(s)"
"T03.3","category","T03","Dislocations, sprains and strains involving multiple regions of lower limb(s)"
"T03.4","category","T03","Dislocations, sprains and strains involving multiple regions of upper limb(s) with lower limb(s)"
"T03.8","category","T03","Dislocations, sprains and strains involving other combinations of body regions"
"T03.9","category","T03","Multiple dislocations, sprains and strains, unspecified"
"T04","category","T00-T07","Crushing injuries involving multiple body regions"
"T04.0","category","T04","Crushing injuries involving head with neck"
"T04.1","category","T04","Crushing injuries involving thorax with abdomen, lower back and pelvis"
"T04.2","category","T04","Crushing injuries involving multiple regions of upper limb(s)"
"T04.3","category","T04","Crushing injuries involving multiple regions of lower limb(s)"
"T04.4","category","T04","Crushing injuries involving multiple regions of upper limb(s) with lower limb(s)"
"T04.7","category","T04","Crushing injuries of thorax with abdomen, lower back and pelvis with limb(s)"
"T04.8","category","T04","Crushing injuries involving other combinations of body regions"
"T04.9","category","T04","Multiple crushing injuries, unspecified"
"T05","category","T00-T07","Traumatic amputations involving multiple body regions"
"T05.0","category","T05","Traumatic amputation of both hands"
"T05.1","category","T05","Traumatic amputation of one hand and other arm [any level, except hand]"
"T05.2","category","T05","Traumatic amputation of both arms [any level]"
"T05.3","category","T05","Traumatic amputation of both feet"
"T05.4","category","T05","Traumatic amputation of one foot and other leg [any level, except foot]"
"T05.5","category","T05","Traumatic amputation of both legs [any level]"
"T05.6","category","T05","Traumatic amputation of upper and lower limbs, any combination [any level]"
"T05.8","category","T05","Traumatic amputations involving other combinations of body regions"
"T05.9","category","T05","Multiple traumatic amputations, unspecified"
"T06","category","T00-T07","Other injuries involving multiple body regions, not elsewhere classified"
"T06.0","category","T06","Injuries of brain and cranial nerves with injuries of nerves and spinal cord at neck level"
"T06.1","category","T06","Injuries of nerves and spinal cord involving other multiple body regions"
"T06.2","category","T06","Injuries of nerves involving multiple body regions"
"T06.3","category","T06","Injuries of blood vessels involving multiple body regions"
"T06.4","category","T06","Injuries of muscles and tendons involving multiple body regions"
"T06.5","category","T06","Injuries of intrathoracic organs with intra-abdominal and pelvic organs"
"T06.8","category","T06","Other specified injuries involving multiple body regions"
"T07","category","T00-T07","Unspecified multiple injuries"
"T08-T14","block","XIX","Injuries to unspecified part of trunk, limb or body region"
"T08","category","T08-T14","Fracture of spine, level unspecified"
"T09","category","T08-T14","Other injuries of spine and trunk, level unspecified"
"T09.0","category","T09","Superficial injury of trunk, level unspecified"
"T09.1","category","T09","Open wound of trunk, level unspecified"
"T09.2","category","T09","Dislocation, sprain and strain of unspecified joint and ligament of trunk"
"T09.3","category","T09","Injury of spinal cord, level unspecified"
"T09.4","category","T09","Injury of unspecified nerve, spinal nerve root and plexus of trunk"
"T09.5","category","T09","Injury of unspecified muscle and tendon of trunk"
"T09.6","category","T09","Traumatic amputation of trunk, level unspecified"
"T09.8","category","T09","Other specified injuries of trunk, level unspecified"
"T09.9","category","T09","Unspecified injury of trunk, level unspecified"
"T10","category","T08-T14","Fracture of upper limb, level unspecified"
"T11","category","T08-T14","Other injuries of upper limb, level unspecified"
"T11.0","category","T11","Superficial injury of upper limb, level unspecified"
"T11.1","category","T11","Open wound of upper limb, level unspecified"
"T11.2","category","T11","Dislocation, sprain and strain of unspecified joint and ligament of upper limb, level unspecified"
"T11.3","category","T11","Injury of unspecified nerve of upper limb, level unspecified"
"T11.4","category","T11","Injury of unspecified blood vessel of upper limb, level unspecified"
"T11.5","category","T11","Injury of unspecified muscle and tendon of upper limb, level unspecified"
"T11.6","category","T11","Traumatic amputation of upper limb, level unspecified"
"T11.8","category","T11","Other specified injuries of upper limb, level unspecified"
"T11.9","category","T11","Unspecified injury of upper limb, level unspecified"
"T12","category","T08-T14","Fracture of lower limb, level unspecified"
"T13","category","T08-T14","Other injuries of lower limb, level unspecified"
"T13.0","category","T13","Superficial injury of lower limb, level unspecified"
"T13.1","category","T13","Open wound of lower limb, level unspecified"
"T13.2","category","T13","Dislocation, sprain and strain of unspecified joint and ligament of lower limb, level unspecified"
"T13.3","category","T13","Injury of unspecified nerve of lower limb, level unspecified"
"T13.4","category","T13","Injury of unspecified blood vessel of lower limb, level unspecified"
"T13.5","category","T13","Injury of unspecified muscle and tendon of lower limb, level unspecified"
"T13.6","category","T13","Traumatic amputation of lower limb, level unspecified"
"T13.8","category","T13","Other specified injuries of lower limb, level unspecified"
"T13.9","category","T13","Unspecified injury of lower limb, level unspecified"
"T14","category","T08-T14","Injury of unspecified body region"
"T14.0","category","T14","Superficial injury of unspecified body region"
"T14.1","category","T14","Open wound of unspecified body region"
"T14.2","category","T14","Fracture of unspecified body region"
"T14.3","category","T14","Dislocation, sprain and strain of unspecified body region"
"T14.4","category","T14","Injury of nerve(s) of unspecified body region"
"T14.5","category","T14","Injury of blood vessel(s) of unspecified body region"
"T14.6","category","T14","Injury of muscles and tendons of unspecified body region"
"T14.7","category","T14","Crushing injury and traumatic amputation of unspecified body region"
"T14.8","category","T14","Other injuries of unspecified body region"
"T14.9","category","T14","Injury, unspecified"
"T15-T19","block","XIX","Effects of foreign body entering through natural orifice"
"T15","category","T15-T19","Foreign body on external eye"
"T15.0","category","T15","Foreign body in cornea"
"T15.1","category","T15","Foreign body in conjunctival sac"
"T15.8","category","T15","Foreign body in other and multiple parts of external eye"
"T15.9","category","T15","Foreign body on external eye, part unspecified"
"T16","category","T15-T19","Foreign body in ear"
"T17","category","T15-T19","Foreign body in respiratory tract"
"T17.0","category","T17","Foreign body in nasal sinus"
"T17.1","category","T17","Foreign body in nostril"
"T17.2","category","T17","Foreign body in pharynx"
"T17.3","category","T17","Foreign body in larynx"
"T17.4","category","T17","Foreign body in trachea"
"T17.5","category","T17","Foreign body in bronchus"
"T17.8","category","T17","Foreign body in other and multiple parts of respiratory tract"
"T17.9","category","T17","Foreign body in respiratory tract, part unspecified"
"T18","category","T15-T19","Foreign body in alimentary tract"
"T18.0","category","T18","Foreign body in mouth"
"T18.1","category","T18","Foreign body in oesophagus"
"T18.2","category","T18","Foreign body in stomach"
"T18.3","category","T18","Foreign body in small intestine"
"T18.4","category","T18","Foreign body in colon"
"T18.5","category","T18","Foreign body in anus and rectum"
"T18.8","category","T18","Foreign body in other and multiple parts of alimentary tract"
"T18.9","category","T18","Foreign body in alimentary tract, part unspecified"
"T19","category","T15-T19","Foreign body in genitourinary tract"
"T19.0","category","T19","Foreign body in urethra"
"T19.1","category","T19","Foreign body in bladder"
"T19.2","category","T19","Foreign body in vulva and vagina"
"T19.3","category","T19","Foreign body in uterus [any part]"
"T19.8","category","T19","Foreign body in other and multiple parts of genitourinary tract"
"T19.9","category","T19","Foreign body in genitourinary tract, part unspecified"
"T20-T32","block","XIX","Burns and corrosions"
"T20-T25","block","T20-T32","Burns and corrosions of external body surface, specified by site"
"T20","category","T20-T25","Burn and corrosion of head and neck"
"T20.0","category","T20","Burn of unspecified degree of head and neck"
"T20.1","category","T20","Burn of first degree of head and neck"
"T20.2","category","T20","Burn of second degree of head and neck"
"T20.3","category","T20","Burn of third degree of head and neck"
"T20.4","category","T20","Corrosion of unspecified degree of head and neck"
"T20.5","category","T20","Corrosion of first degree of head and neck"
"T20.6","category","T20","Corrosion of second degree of head and neck"
"T20.7","category","T20","Corrosion of third degree of head and neck"
"T21","category","T20-T25","Burn and corrosion of trunk"
"T21.0","category","T21","Burn of unspecified degree of trunk"
"T21.1","category","T21","Burn of first degree of trunk"
"T21.2","category","T21","Burn of second degree of trunk"
"T21.3","category","T21","Burn of third degree of trunk"
"T21.4","category","T21","Corrosion of unspecified degree of trunk"
"T21.5","category","T21","Corrosion of first degree of trunk"
"T21.6","category","T21","Corrosion of second degree of trunk"
"T21.7","category","T21","Corrosion of third degree of trunk"
"T22","category","T20-T25","Burn and corrosion of shoulder and upper limb, except wrist and hand"
"T22.0","category","T22","Burn of unspecified degree of shoulder and upper limb, except wrist and hand"
"T22.1","category","T22","Burn of first degree of shoulder and upper limb, except wrist and hand"
"T22.2","category","T22","Burn of second degree of shoulder and upper limb, except wrist and hand"
"T22.3","category","T22","Burn of third degree of shoulder and upper limb, except wrist and hand"
"T22.4","category","T22","Corrosion of unspecified degree of shoulder and upper limb, except wrist and hand"
"T22.5","category","T22","Corrosion of first degree of shoulder and upper limb, except wrist and hand"
"T22.6","category","T22","Corrosion of second degree of shoulder and upper limb, except wrist and hand"
"T22.7","category","T22","Corrosion of third degree of shoulder and upper limb, except wrist and hand"
"T23","category","T20-T25","Burn and corrosion of wrist and hand"
"T23.0","category","T23","Burn of unspecified degree of wrist and hand"
"T23.1","category","T23","Burn of first degree of wrist and hand"
"T23.2","category","T23","Burn of second degree of wrist and hand"
"T23.3","category","T23","Burn of third degree of wrist and hand"
"T23.4","category","T23","Corrosion of unspecified degree of wrist and hand"
"T23.5","category","T23","Corrosion of first degree of wrist and hand"
"T23.6","category","T23","Corrosion of second degree of wrist and hand"
"T23.7","category","T23","Corrosion of third degree of wrist and hand"
"T24","category","T20-T25","Burn and corrosion of hip and lower limb, except ankle and foot"
"T24.0","category","T24","Burn of unspecified degree of hip and lower limb, except ankle and foot"
"T24.1","category","T24","Burn of first degree of hip and lower limb, except ankle and foot"
"T24.2","category","T24","Burn of second degree of hip and lower limb, except ankle and foot"
"T24.3","category","T24","Burn of third degree of hip and lower limb, except ankle and foot"
"T24.4","category","T24","Corrosion of unspecified degree of hip and lower limb, except ankle and foot"
"T24.5","category","T24","Corrosion of first degree of hip and lower limb, except ankle and foot"
"T24.6","category","T24","Corrosion of second degree of hip and lower limb, except ankle and foot"
"T24.7","category","T24","Corrosion of third degree of hip and lower limb, except ankle and foot"
"T25","category","T20-T25","Burn and corrosion of ankle and foot"
"T25.0","category","T25","Burn of unspecified degree of ankle and foot"
"T25.1","category","T25","Burn of first degree of ankle and foot"
"T25.2","category","T25","Burn of second degree of ankle and foot"
"T25.3","category","T25","Burn of third degree of ankle and foot"
"T25.4","category","T25","Corrosion of unspecified degree of ankle and foot"
"T25.5","category","T25","Corrosion of first degree of ankle and foot"
"T25.6","category","T25","Corrosion of second degree of ankle and foot"
"T25.7","category","T25","Corrosion of third degree of ankle and foot"
"T26-T28","block","T20-T32","Burns and corrosions confined to eye and internal organs"
"T26","category","T26-T28","Burn and corrosion confined to eye and adnexa"
"T26.0","category","T26","Burn of eyelid and periocular area"
"T26.1","category","T26","Burn of cornea and conjunctival sac"
"T26.2","category","T26","Burn with resulting rupture and destruction of eyeball"
"T26.3","category","T26","Burn of other parts of eye and adnexa"
"T26.4","category","T26","Burn of eye and adnexa, part unspecified"
"T26.5","category","T26","Corrosion of eyelid and periocular area"
"T26.6","category","T26","Corrosion of cornea and conjunctival sac"
"T26.7","category","T26","Corrosion with resulting rupture and destruction of eyeball"
"T26.8","category","T26","Corrosion of other parts of eye and adnexa"
"T26.9","category","T26","Corrosion of eye and adnexa, part unspecified"
"T27","category","T26-T28","Burn and corrosion of respiratory tract"
"T27.0","category","T27","Burn of larynx and trachea"
"T27.1","category","T27","Burn involving larynx and trachea with lung"
"T27.2","category","T27","Burn of other parts of respiratory tract"
"T27.3","category","T27","Burn of respiratory tract, part unspecified"
"T27.4","category","T27","Corrosion of larynx and trachea"
"T27.5","category","T27","Corrosion involving larynx and trachea with lung"
"T27.6","category","T27","Corrosion of other parts of respiratory tract"
"T27.7","category","T27","Corrosion of respiratory tract, part unspecified"
"T28","category","T26-T28","Burn and corrosion of other internal organs"
"T28.0","category","T28","Burn of mouth and pharynx"
"T28.1","category","T28","Burn of oesophagus"
"T28.2","category","T28","Burn of other parts of alimentary tract"
"T28.3","category","T28","Burn of internal genitourinary organs"
"T28.4","category","T28","Burn of other and unspecified internal organs"
"T28.5","category","T28","Corrosion of mouth and pharynx"
"T28.6","category","T28","Corrosion of oesophagus"
"T28.7","category","T28","Corrosion of other parts of alimentary tract"
"T28.8","category","T28","Corrosion of internal genitourinary organs"
"T28.9","category","T28","Corrosion of other and unspecified internal organs"
"T29-T32","block","T20-T32","Burns and corrosions of multiple and unspecified body regions"
"T29","category","T29-T32","Burns and corrosions of multiple body regions"
"T29.0","category","T29","Burns of multiple regions, unspecified degree"
"T29.1","category","T29","Burns of multiple regions, no more than first-degree burns mentioned"
"T29.2","category","T29","Burns of multiple regions, no more than second-degree burns mentioned"
"T29.3","category","T29","Burns of multiple regions, at least one burn of third degree mentioned"
"T29.4","category","T29","Corrosions of multiple regions, unspecified degree"
"T29.5","category","T29","Corrosions of multiple regions, no more than first-degree corrosions mentioned"
"T29.6","category","T29","Corrosions of multiple regions, no more than second-degree corrosions mentioned"
"T29.7","category","T29","Corrosions of multiple regions, at least one corrosion of third degree mentioned"
"T30","category","T29-T32","Burn and corrosion, body region unspecified"
"T30.0","category","T30","Burn of unspecified body region, unspecified degree"
"T30.1","category","T30","Burn of first degree, body region unspecified"
"T30.2","category","T30","Burn of second degree, body region unspecified"
"T30.3","category","T30","Burn of third degree, body region unspecified"
"T30.4","category","T30","Corrosion of unspecified body region, unspecified degree"
"T30.5","category","T30","Corrosion of first degree, body region unspecified"
"T30.6","category","T30","Corrosion of second degree, body region unspecified"
"T30.7","category","T30","Corrosion of third degree, body region unspecified"
"T31","category","T29-T32","Burns classified according to extent of body surface involved"
"T31.0","category","T31","Burns involving less than 10% of body surface"
"T31.1","category","T31","Burns involving 10-19% of body surface"
"T31.2","category","T31","Burns involving 20-29% of body surface"
"T31.3","category","T31","Burns involving 30-39% of body surface"
"T31.4","category","T31","Burns involving 40-49% of body surface"
"T31.5","category","T31","Burns involving 50-59% of body surface"
"T31.6","category","T31","Burns involving 60-69% of body surface"
"T31.7","category","T31","Burns involving 70-79% of body surface"
"T31.8","category","T31","Burns involving 80-89% of body surface"
"T31.9","category","T31","Burns involving 90% or more of body surface"
"T32","category","T29-T32","Corrosions classified according to extent of body surface involved"
"T32.0","category","T32","Corrosions involving less than 10% of body surface"
"T32.1","category","T32","Corrosions involving 10-19% of body surface"
"T32.2","category","T32","Corrosions involving 20-29% of body surface"
"T32.3","category","T32","Corrosions involving 30-39% of body surface"
"T32.4","category","T32","Corrosions involving 40-49% of body surface"
"T32.5","category","T32","Corrosions involving 50-59% of body surface"
"T32.6","category","T32","Corrosions involving 60-69% of body surface"
"T32.7","category","T32","Corrosions involving 70-79% of body surface"
"T32.8","category","T32","Corrosions involving 80-89% of body surface"
"T32.9","category","T32","Corrosions involving 90% or more of body surface"
"T33-T35","block","XIX","Frostbite"
"T33","category","T33-T35","Superficial frostbite"
"T33.0","category","T33","Superficial frostbite of head"
"T33.1","category","T33","Superficial frostbite of neck"
"T33.2","category","T33","Superficial frostbite of thorax"
"T33.3","category","T33","Superficial frostbite of abdominal wall, lower back and pelvis"
"T33.4","category","T33","Superficial frostbite of arm"
"T33.5","category","T33","Superficial frostbite of wrist and hand"
"T33.6","category","T33","Superficial frostbite of hip and thigh"
"T33.7","category","T33","Superficial frostbite of knee and lower leg"
"T33.8","category","T33","Superficial frostbite of ankle and foot"
"T33.9","category","T33","Superficial frostbite of other and unspecified sites"
"T34","category","T33-T35","Frostbite with tissue necrosis"
"T34.0","category","T34","Frostbite with tissue necrosis of head"
"T34.1","category","T34","Frostbite with tissue necrosis of neck"
"T34.2","category","T34","Frostbite with tissue necrosis of thorax"
"T34.3","category","T34","Frostbite with tissue necrosis of abdominal wall, lower back and pelvis"
"T34.4","category","T34","Frostbite with tissue necrosis of arm"
"T34.5","category","T34","Frostbite with tissue necrosis of wrist and hand"
"T34.6","category","T34","Frostbite with tissue necrosis of hip and thigh"
"T34.7","category","T34","Frostbite with tissue necrosis of knee and lower leg"
"T34.8","category","T34","Frostbite with tissue necrosis of ankle and foot"
"T34.9","category","T34","Frostbite with tissue necrosis of other and unspecified sites"
"T35","category","T33-T35","Frostbite involving multiple body regions and unspecified frostbite"
"T35.0","category","T35","Superficial frostbite involving multiple body regions"
"T35.1","category","T35","Frostbite with tissue necrosis involving multiple body regions"
"T35.2","category","T35","Unspecified frostbite of head and neck"
"T35.3","category","T35","Unspecified frostbite of thorax, abdomen, lower back and pelvis"
"T35.4","category","T35","Unspecified frostbite of upper limb"
"T35.5","category","T35","Unspecified frostbite of lower limb"
"T35.6","category","T35","Unspecified frostbite involving multiple body regions"
"T35.7","category","T35","Unspecified frostbite of unspecified site"
"T36-T50","block","XIX","Poisoning by drugs, medicaments and biological substances"
"T36","category","T36-T50","Poisoning by systemic antibiotics"
"T36.0","category","T36","Penicillins"
"T36.1","category","T36","Cefalosporins and other beta-lactam antibiotics"
"T36.2","category","T36","Chloramphenicol group"
"T36.3","category","T36","Macrolides"
"T36.4","category","T36","Tetracyclines"
"T36.5","category","T36","Aminoglycosides"
"T36.6","category","T36","Rifamycins"
"T36.7","category","T36","Antifungal antibiotics, systemically used"
"T36.8","category","T36","Other systemic antibiotics"
"T36.9","category","T36","Systemic antibiotic, unspecified"
"T37","category","T36-T50","Poisoning by other systemic anti-infectives and antiparasitics"
"T37.0","category","T37","Sulfonamides"
"T37.1","category","T37","Antimycobacterial drugs"
"T37.2","category","T37","Antimalarials and drugs acting on other blood protozoa"
"T37.3","category","T37","Other antiprotozoal drugs"
"T37.4","category","T37","Anthelminthics"
"T37.5","category","T37","Antiviral drugs"
"T37.8","category","T37","Other specified systemic anti-infectives and antiparasitics"
"T37.9","category","T37","Systemic anti-infective and antiparasitic, unspecified"
"T38","category","T36-T50","Poisoning by hormones and their synthetic substitutes and antagonists, not elsewhere classified"
"T38.0","category","T38","Glucocorticoids and synthetic analogues"
"T38.1","category","T38","Thyroid hormones and substitutes"
"T38.2","category","T38","Antithyroid drugs"
"T38.3","category","T38","Insulin and oral hypoglycaemic [antidiabetic] drugs"
"T38.4","category","T38","Oral contraceptives"
"T38.5","category","T38","Other estrogens and progestogens"
"T38.6","category","T38","Antigonadotrophins, antiestrogens, antiandrogens, not elsewhere classified"
"T38.7","category","T38","Androgens and anabolic congeners"
"T38.8","category","T38","Other and unspecified hormones and their synthetic substitutes"
"T38.9","category","T38","Other and unspecified hormone antagonists"
"T39","category","T36-T50","Poisoning by nonopioid analgesics, antipyretics and antirheumatics"
"T39.0","category","T39","Salicylates"
"T39.1","category","T39","4-Aminophenol derivatives"
"T39.2","category","T39","Pyrazolone derivatives"
"T39.3","category","T39","Other nonsteroidal anti-inflammatory drugs [NSAID]"
"T39.4","category","T39","Antirheumatics, not elsewhere classified"
"T39.8","category","T39","Other nonopioid analgesics and antipyretics, not elsewhere classified"
"T39.9","category","T39","Nonopioid analgesic, antipyretic and antirheumatic, unspecified"
"T40","category","T36-T50","Poisoning by narcotics and psychodysleptics [hallucinogens]"
"T40.0","category","T40","Opium"
"T40.1","category","T40","Heroin"
"T40.2","category","T40","Other opioids"
"T40.3","category","T40","Methadone"
"T40.4","category","T40","Other synthetic narcotics"
"T40.5","category","T40","Cocaine"
"T40.6","category","T40","Other and unspecified narcotics"
"T40.7","category","T40","Cannabis (derivatives)"
"T40.8","category","T40","Lysergide [LSD]"
"T40.9","category","T40","Other and unspecified psychodysleptics [hallucinogens]"
"T41","category","T36-T50","Poisoning by anaesthetics and therapeutic gases"
"T41.0","category","T41","Inhaled anaesthetics"
"T41.1","category","T41","Intravenous anaesthetics"
"T41.2","category","T41","Other and unspecified general anaesthetics"
"T41.3","category","T41","Local anaesthetics"
"T41.4","category","T41","Anaesthetic, unspecified"
"T41.5","category","T41","Therapeutic gases"
"T42","category","T36-T50","Poisoning by antiepileptic, sedative-hypnotic and antiparkinsonism drugs"
"T42.0","category","T42","Hydantoin derivatives"
"T42.1","category","T42","Iminostilbenes"
"T42.2","category","T42","Succinimides and oxazolidinediones"
"T42.3","category","T42","Barbiturates"
"T42.4","category","T42","Benzodiazepines"
"T42.5","category","T42","Mixed antiepileptics, not elsewhere classified"
"T42.6","category","T42","Other antiepileptic and sedative-hypnotic drugs"
"T42.7","category","T42","Antiepileptic and sedative-hypnotic drugs, unspecified"
"T42.8","category","T42","Antiparkinsonism drugs and other central muscle-tone depressants"
"T43","category","T36-T50","Poisoning by psychotropic drugs, not elsewhere classified"
"T43.0","category","T43","Tricyclic and tetracyclic antidepressants"
"T43.1","category","T43","Monoamine-oxidase-inhibitor antidepressants"
"T43.2","category","T43","Other and unspecified antidepressants"
"T43.3","category","T43","Phenothiazine antipsychotics and neuroleptics"
"T43.4","category","T43","Butyrophenone and thioxanthene neuroleptics"
"T43.5","category","T43","Other and unspecified antipsychotics and neuroleptics"
"T43.6","category","T43","Psychostimulants with abuse potential"
"T43.8","category","T43","Other psychotropic drugs, not elsewhere classified"
"T43.9","category","T43","Psychotropic drug, unspecified"
"T44","category","T36-T50","Poisoning by drugs primarily affecting the autonomic nervous system"
"T44.0","category","T44","Anticholinesterase agents"
"T44.1","category","T44","Other parasympathomimetics [cholinergics]"
"T44.2","category","T44","Ganglionic blocking drugs, not elsewhere classified"
"T44.3","category","T44","Other parasympatholytics [anticholinergics and antimuscarinics] and spasmolytics, not elsewhere classified"
"T44.4","category","T44","Predominantly alpha-adrenoreceptor agonists, not elsewhere classified"
"T44.5","category","T44","Predominantly beta-adrenoreceptor agonists, not elsewhere classified"
"T44.6","category","T44","Alpha-adrenoreceptor antagonists, not elsewhere classified"
"T44.7","category","T44","Beta-adrenoreceptor antagonists, not elsewhere classified"
"T44.8","category","T44","Centrally acting and adrenergic-neuron-blocking agents, not elsewhere classified"
"T44.9","category","T44","Other and unspecified drugs primarily affecting the autonomic nervous system"
"T45","category","T36-T50","Poisoning by primarily systemic and haematological agents, not elsewhere classified"
"T45.0","category","T45","Antiallergic and antiemetic drugs"
"T45.1","category","T45","Antineoplastic and immunosuppressive drugs"
"T45.2","category","T45","Vitamins, not elsewhere classified"
"T45.3","category","T45","Enzymes, not elsewhere classified"
"T45.4","category","T45","Iron and its compounds"
"T45.5","category","T45","Anticoagulants"
"T45.6","category","T45","Fibrinolysis-affecting drugs"
"T45.7","category","T45","Anticoagulant antagonists, vitamin K and other coagulants"
"T45.8","category","T45","Other primarily systemic and haematological agents"
"T45.9","category","T45","Primarily systemic and haematological agent, unspecified"
"T46","category","T36-T50","Poisoning by agents primarily affecting the cardiovascular system"
"T46.0","category","T46","Cardiac-stimulant glycosides and drugs of similar action"
"T46.1","category","T46","Calcium-channel blockers"
"T46.2","category","T46","Other antidysrhythmic drugs, not elsewhere classified"
"T46.3","category","T46","Coronary vasodilators, not elsewhere classified"
"T46.4","category","T46","Angiotensin-converting-enzyme inhibitors"
"T46.5","category","T46","Other antihypertensive drugs, not elsewhere classified"
"T46.6","category","T46","Antihyperlipidaemic and antiarteriosclerotic drugs"
"T46.7","category","T46","Peripheral vasodilators"
"T46.8","category","T46","Antivaricose drugs, including sclerosing agents"
"T46.9","category","T46","Other and unspecified agents primarily affecting the cardiovascular system"
"T47","category","T36-T50","Poisoning by agents primarily affecting the gastrointestinal system"
"T47.0","category","T47","Histamine H 2 -receptor antagonists"
"T47.1","category","T47","Other antacids and anti-gastric-secretion drugs"
"T47.2","category","T47","Stimulant laxatives"
"T47.3","category","T47","Saline and osmotic laxatives"
"T47.4","category","T47","Other laxatives"
"T47.5","category","T47","Digestants"
"T47.6","category","T47","Antidiarrhoeal drugs"
"T47.7","category","T47","Emetics"
"T47.8","category","T47","Other agents primarily affecting the gastrointestinal system"
"T47.9","category","T47","Agent primarily affecting the gastrointestinal system, unspecified"
"T48","category","T36-T50","Poisoning by agents primarily acting on smooth and skeletal muscles and the respiratory system"
"T48.0","category","T48","Oxytocic drugs"
"T48.1","category","T48","Skeletal muscle relaxants [neuromuscular blocking agents]"
"T48.2","category","T48","Other and unspecified agents primarily acting on muscles"
"T48.3","category","T48","Antitussives"
"T48.4","category","T48","Expectorants"
"T48.5","category","T48","Anti-common-cold drugs"
"T48.6","category","T48","Antiasthmatics, not elsewhere classified"
"T48.7","category","T48","Other and unspecified agents primarily acting on the respiratory system"
"T49","category","T36-T50","Poisoning by topical agents primarily affecting skin and mucous membrane and by ophthalmological, otorhinolaryngological and dental drugs"
"T49.0","category","T49","Local antifungal, anti-infective and anti-inflammatory drugs, not elsewhere classified"
"T49.1","category","T49","Antipruritics"
"T49.2","category","T49","Local astringents and local detergents"
"T49.3","category","T49","Emollients, demulcents and protectants"
"T49.4","category","T49","Keratolytics, keratoplastics and other hair treatment drugs and preparations"
"T49.5","category","T49","Ophthalmological drugs and preparations"
"T49.6","category","T49","Otorhinolaryngological drugs and preparations"
"T49.7","category","T49","Dental drugs, topically applied"
"T49.8","category","T49","Other topical agents"
"T49.9","category","T49","Topical agent, unspecified"
"T50","category","T36-T50","Poisoning by diuretics and other and unspecified drugs, medicaments and biological substances"
"T50.0","category","T50","Mineralocorticoids and their antagonists"
"T50.1","category","T50","Loop [high-ceiling] diuretics"
"T50.2","category","T50","Carbonic-anhydrase inhibitors, benzothiadiazides and other diuretics"
"T50.3","category","T50","Electrolytic, caloric and water-balance agents"
"T50.4","category","T50","Drugs affecting uric acid metabolism"
"T50.5","category","T50","Appetite depressants"
"T50.6","category","T50","Antidotes and chelating agents, not elsewhere classified"
"T50.7","category","T50","Analeptics and opioid receptor antagonists"
"T50.8","category","T50","Diagnostic agents"
"T50.9","category","T50","Other and unspecified drugs, medicaments and biological substances"
"T51-T65","block","XIX","Toxic effects of substances chiefly nonmedicinal as to source"
"T51","category","T51-T65","Toxic effect of alcohol"
"T51.0","category","T51","Ethanol"
"T51.1","category","T51","Methanol"
"T51.2","category","T51","2-Propanol"
"T51.3","category","T51","Fusel oil"
"T51.8","category","T51","Other alcohols"
"T51.9","category","T51","Alcohol, unspecified"
"T52","category","T51-T65","Toxic effect of organic solvents"
"T52.0","category","T52","Petroleum products"
"T52.1","category","T52","Benzene"
"T52.2","category","T52","Homologues of benzene"
"T52.3","category","T52","Glycols"
"T52.4","category","T52","Ketones"
"T52.8","category","T52","Other organic solvents"
"T52.9","category","T52","Organic solvent, unspecified"
"T53","category","T51-T65","Toxic effect of halogen derivatives of aliphatic and aromatic hydrocarbons"
"T53.0","category","T53","Carbon tetrachloride"
"T53.1","category","T53","Chloroform"
"T53.2","category","T53","Trichloroethylene"
"T53.3","category","T53","Tetrachloroethylene"
"T53.4","category","T53","Dichloromethane"
"T53.5","category","T53","Chlorofluorocarbons"
"T53.6","category","T53","Other halogen derivatives of aliphatic hydrocarbons"
"T53.7","category","T53","Other halogen derivatives of aromatic hydrocarbons"
"T53.9","category","T53","Halogen derivative of aliphatic and aromatic hydrocarbons, unspecified"
"T54","category","T51-T65","Toxic effect of corrosive substances"
"T54.0","category","T54","Phenol and phenol homologues"
"T54.1","category","T54","Other corrosive organic compounds"
"T54.2","category","T54","Corrosive acids and acid-like substances"
"T54.3","category","T54","Corrosive alkalis and alkali-like substances"
"T54.9","category","T54","Corrosive substance, unspecified"
"T55","category","T51-T65","Toxic effect of soaps and detergents"
"T56","category","T51-T65","Toxic effect of metals"
"T56.0","category","T56","Lead and its compounds"
"T56.1","category","T56","Mercury and its compounds"
"T56.2","category","T56","Chromium and its compounds"
"T56.3","category","T56","Cadmium and its compounds"
"T56.4","category","T56","Copper and its compounds"
"T56.5","category","T56","Zinc and its compounds"
"T56.6","category","T56","Tin and its compounds"
"T56.7","category","T56","Beryllium and its compounds"
"T56.8","category","T56","Other metals"
"T56.9","category","T56","Metal, unspecified"
"T57","category","T51-T65","Toxic effect of other inorganic substances"
"T57.0","category","T57","Arsenic and its compounds"
"T57.1","category","T57","Phosphorus and its compounds"
"T57.2","category","T57","Manganese and its compounds"
"T57.3","category","T57","Hydrogen cyanide"
"T57.8","category","T57","Other specified inorganic substances"
"T57.9","category","T57","Inorganic substance, unspecified"
"T58","category","T51-T65","Toxic effect of carbon monoxide"
"T59","category","T51-T65","Toxic effect of other gases, fumes and vapours"
"T59.0","category","T59","Nitrogen oxides"
"T59.1","category","T59","Sulfur dioxide"
"T59.2","category","T59","Formaldehyde"
"T59.3","category","T59","Lacrimogenic gas"
"T59.4","category","T59","Chlorine gas"
"T59.5","category","T59","Fluorine gas and hydrogen fluoride"
"T59.6","category","T59","Hydrogen sulfide"
"T59.7","category","T59","Carbon dioxide"
"T59.8","category","T59","Other specified gases, fumes and vapours"
"T59.9","category","T59","Gases, fumes and vapours, unspecified"
"T60","category","T51-T65","Toxic effect of pesticides"
"T60.0","category","T60","Organophosphate and carbamate insecticides"
"T60.1","category","T60","Halogenated insecticides"
"T60.2","category","T60","Other and unspecified insecticides"
"T60.3","category","T60","Herbicides and fungicides"
"T60.4","category","T60","Rodenticides"
"T60.8","category","T60","Other pesticides"
"T60.9","category","T60","Pesticide, unspecified"
"T61","category","T51-T65","Toxic effect of noxious substances eaten as seafood"
"T61.0","category","T61","Ciguatera fish poisoning"
"T61.1","category","T61","Scombroid fish poisoning"
"T61.2","category","T61","Other fish and shellfish poisoning"
"T61.8","category","T61","Toxic effect of other seafoods"
"T61.9","category","T61","Toxic effect of unspecified seafood"
"T62","category","T51-T65","Toxic effect of other noxious substances eaten as food"
"T62.0","category","T62","Ingested mushrooms"
"T62.1","category","T62","Ingested berries"
"T62.2","category","T62","Other ingested (parts of) plant(s)"
"T62.8","category","T62","Other specified noxious substances eaten as food"
"T62.9","category","T62","Noxious substance eaten as food, unspecified"
"T63","category","T51-T65","Toxic effect of contact with venomous animals"
"T63.0","category","T63","Snake venom"
"T63.1","category","T63","Venom of other reptiles"
"T63.2","category","T63","Venom of scorpion"
"T63.3","category","T63","Venom of spider"
"T63.4","category","T63","Venom of other arthropods"
"T63.5","category","T63","Toxic effect of contact with fish"
"T63.6","category","T63","Toxic effect of contact with other marine animals"
"T63.8","category","T63","Toxic effect of contact with other venomous animals"
"T63.9","category","T63","Toxic effect of contact with unspecified venomous animal"
"T64","category","T51-T65","Toxic effect of aflatoxin and other mycotoxin food contaminants"
"T65","category","T51-T65","Toxic effect of other and unspecified substances"
"T65.0","category","T65","Cyanides"
"T65.1","category","T65","Strychnine and its salts"
"T65.2","category","T65","Tobacco and nicotine"
"T65.3","category","T65","Nitroderivatives and aminoderivatives of benzene and its homologues"
"T65.4","category","T65","Carbon disulfide"
"T65.5","category","T65","Nitroglycerin and other nitric acids and esters"
"T65.6","category","T65","Paints and dyes, not elsewhere classified"
"T65.8","category","T65","Toxic effect of other specified substances"
"T65.9","category","T65","Toxic effect of unspecified substance"
"T66-T78","block","XIX","Other and unspecified effects of external causes"
"T66","category","T66-T78","Unspecified effects of radiation"
"T67","category","T66-T78","Effects of heat and light"
"T67.0","category","T67","Heatstroke and sunstroke"
"T67.1","category","T67","Heat syncope"
"T67.2","category","T67","Heat cramp"
"T67.3","category","T67","Heat exhaustion, anhydrotic"
"T67.4","category","T67","Heat exhaustion due to salt depletion"
"T67.5","category","T67","Heat exhaustion, unspecified"
"T67.6","category","T67","Heat fatigue, transient"
"T67.7","category","T67","Heat oedema"
"T67.8","category","T67","Other effects of heat and light"
"T67.9","category","T67","Effect of heat and light, unspecified"
"T68","category","T66-T78","Hypothermia"
"T69","category","T66-T78","Other effects of reduced temperature"
"T69.0","category","T69","Immersion hand and foot"
"T69.1","category","T69","Chilblains"
"T69.8","category","T69","Other specified effects of reduced temperature"
"T69.9","category","T69","Effect of reduced temperature, unspecified"
"T70","category","T66-T78","Effects of air pressure and water pressure"
"T70.0","category","T70","Otitic barotrauma"
"T70.1","category","T70","Sinus barotrauma"
"T70.2","category","T70","Other and unspecified effects of high altitude"
"T70.3","category","T70","Caisson disease [decompression sickness]"
"T70.4","category","T70","Effects of high-pressure fluids"
"T70.8","category","T70","Other effects of air pressure and water pressure"
"T70.9","category","T70","Effect of air pressure and water pressure, unspecified"
"T71","category","T66-T78","Asphyxiation"
"T73","category","T66-T78","Effects of other deprivation"
"T73.0","category","T73","Effects of hunger"
"T73.1","category","T73","Effects of thirst"
"T73.2","category","T73","Exhaustion due to exposure"
"T73.3","category","T73","Exhaustion due to excessive exertion"
"T73.8","category","T73","Other effects of deprivation"
"T73.9","category","T73","Effect of deprivation, unspecified"
"T74","category","T66-T78","Maltreatment syndromes"
"T74.0","category","T74","Neglect or abandonment"
"T74.1","category","T74","Physical abuse"
"T74.2","category","T74","Sexual abuse"
"T74.3","category","T74","Psychological abuse"
"T74.8","category","T74","Other maltreatment syndromes"
"T74.9","category","T74","Maltreatment syndrome, unspecified"
"T75","category","T66-T78","Effects of other external causes"
"T75.0","category","T75","Effects of lightning"
"T75.1","category","T75","Drowning and nonfatal submersion"
"T75.2","category","T75","Effects of vibration"
"T75.3","category","T75","Motion sickness"
"T75.4","category","T75","Effects of electric current"
"T75.8","category","T75","Other specified effects of other external causes"
"T76","category","T66-T78","Unspecified effects of external causes"
"T78","category","T66-T78","Adverse effects, not elsewhere classified"
"T78.0","category","T78","Anaphylactic shock due to adverse food reaction"
"T78.1","category","T78","Other adverse food reactions, not elsewhere classified"
"T78.2","category","T78","Anaphylactic shock, unspecified"
"T78.3","category","T78","Angioneurotic oedema"
"T78.4","category","T78","Allergy, unspecified"
"T78.8","category","T78","Other adverse effects, not elsewhere classified"
"T78.9","category","T78","Adverse effect, unspecified"
"T79-T79","block","XIX","Certain early complications of trauma"
"T79","category","T79-T79","Certain early complications of trauma, not elsewhere classified"
"T79.0","category","T79","Air embolism (traumatic)"
"T79.1","category","T79","Fat embolism (traumatic)"
"T79.2","category","T79","Traumatic secondary and recurrent haemorrhage"
"T79.3","category","T79","Post-traumatic wound infection, not elsewhere classified"
"T79.4","category","T79","Traumatic shock"
"T79.5","category","T79","Traumatic anuria"
"T79.6","category","T79","Traumatic ischaemia of muscle"
"T79.7","category","T79","Traumatic subcutaneous emphysema"
"T79.8","category","T79","Other early complications of trauma"
"T79.9","category","T79","Unspecified early complication of trauma"
"T80-T88","block","XIX","Complications of surgical and medical care, not elsewhere classified"
"T80","category","T80-T88","Complications following infusion, transfusion and therapeutic injection"
"T80.0","category","T80","Air embolism following infusion, transfusion and therapeutic injection"
"T80.1","category","T80","Vascular complications following infusion, transfusion and therapeutic injection"
"T80.2","category","T80","Infections following infusion, transfusion and therapeutic injection"
"T80.3","category","T80","ABO incompatibility reaction"
"T80.4","category","T80","Rh incompatibility reaction"
"T80.5","category","T80","Anaphylactic shock due to serum"
"T80.6","category","T80","Other serum reactions"
"T80.8","category","T80","Other complications following infusion, transfusion and therapeutic injection"
"T80.9","category","T80","Unspecified complication following infusion, transfusion and therapeutic injection"
"T81","category","T80-T88","Complications of procedures, not elsewhere classified"
"T81.0","category","T81","Haemorrhage and haematoma complicating a procedure, not elsewhere classified"
"T81.1","category","T81","Shock during or resulting from a procedure, not elsewhere classified"
"T81.2","category","T81","Accidental puncture and laceration during a procedure, not elsewhere classified"
"T81.3","category","T81","Disruption of operation wound, not elsewhere classified"
"T81.4","category","T81","Infection following a procedure, not elsewhere classified"
"T81.5","category","T81","Foreign body accidentally left in body cavity or operation wound following a procedure"
"T81.6","category","T81","Acute reaction to foreign substance accidentally left during a procedure"
"T81.7","category","T81","Vascular complications following a procedure, not elsewhere classified"
"T81.8","category","T81","Other complications of procedures, not elsewhere classified"
"T81.9","category","T81","Unspecified complication of procedure"
"T82","category","T80-T88","Complications of cardiac and vascular prosthetic devices, implants and grafts"
"T82.0","category","T82","Mechanical complication of heart valve prosthesis"
"T82.1","category","T82","Mechanical complication of cardiac electronic device"
"T82.2","category","T82","Mechanical complication of coronary artery bypass and valve grafts"
"T82.3","category","T82","Mechanical complication of other vascular grafts"
"T82.4","category","T82","Mechanical complication of vascular dialysis catheter"
"T82.5","category","T82","Mechanical complication of other cardiac and vascular devices and implants"
"T82.6","category","T82","Infection and inflammatory reaction due to cardiac valve prosthesis"
"T82.7","category","T82","Infection and inflammatory reaction due to other cardiac and vascular devices, implants and grafts"
"T82.8","category","T82","Other specified complications of cardiac and vascular prosthetic devices, implants and grafts"
"T82.9","category","T82","Unspecified complication of cardiac and vascular prosthetic device, implant and graft"
"T83","category","T80-T88","Complications of genitourinary prosthetic devices, implants and grafts"
"T83.0","category","T83","Mechanical complication of urinary (indwelling) catheter"
"T83.1","category","T83","Mechanical complication of other urinary devices and implants"
"T83.2","category","T83","Mechanical complication of graft of urinary organ"
"T83.3","category","T83","Mechanical complication of intrauterine contraceptive device"
"T83.4","category","T83","Mechanical complication of other prosthetic devices, implants and grafts in genital tract"
"T83.5","category","T83","Infection and inflammatory reaction due to prosthetic device, implant and graft in urinary system"
"T83.6","category","T83","Infection and inflammatory reaction due to prosthetic device, implant and graft in genital tract"
"T83.8","category","T83","Other complications of genitourinary prosthetic devices, implants and grafts"
"T83.9","category","T83","Unspecified complication of genitourinary prosthetic device, implant and graft"
"T84","category","T80-T88","Complications of internal orthopaedic prosthetic devices, implants and grafts"
"T84.0","category","T84","Mechanical complication of internal joint prosthesis"
"T84.1","category","T84","Mechanical complication of internal fixation device of bones of limb"
"T84.2","category","T84","Mechanical complication of internal fixation device of other bones"
"T84.3","category","T84","Mechanical complication of other bone devices, implants and grafts"
"T84.4","category","T84","Mechanical complication of other internal orthopaedic devices, implants and grafts"
"T84.5","category","T84","Infection and inflammatory reaction due to internal joint prosthesis"
"T84.6","category","T84","Infection and inflammatory reaction due to internal fixation device [any site]"
"T84.7","category","T84","Infection and inflammatory reaction due to other internal orthopaedic prosthetic devices, implants and grafts"
"T84.8","category","T84","Other complications of internal orthopaedic prosthetic devices, implants and grafts"
"T84.9","category","T84","Unspecified complication of internal orthopaedic prosthetic device, implant and graft"
"T85","category","T80-T88","Complications of other internal prosthetic devices, implants and grafts"
"T85.0","category","T85","Mechanical complication of ventricular intracranial (communicating) shunt"
"T85.1","category","T85","Mechanical complication of implanted electronic stimulator of nervous system"
"T85.2","category","T85","Mechanical complication of intraocular lens"
"T85.3","category","T85","Mechanical complication of other ocular prosthetic devices, implants and grafts"
"T85.4","category","T85","Mechanical complication of breast prosthesis and implant"
"T85.5","category","T85","Mechanical complication of gastrointestinal prosthetic devices, implants and grafts"
"T85.6","category","T85","Mechanical complication of other specified internal prosthetic devices, implants and grafts"
"T85.7","category","T85","Infection and inflammatory reaction due to other internal prosthetic devices, implants and grafts"
"T85.8","category","T85","Other complications of internal prosthetic devices, implants and grafts, not elsewhere classified"
"T85.9","category","T85","Unspecified complication of internal prosthetic device, implant and graft"
"T86","category","T80-T88","Failure and rejection of transplanted organs and tissues"
"T86.0","category","T86","Bone-marrow transplant rejection"
"T86.1","category","T86","Kidney transplant failure and rejection"
"T86.2","category","T86","Heart transplant failure and rejection"
"T86.3","category","T86","Heart-lung transplant failure and rejection"
"T86.4","category","T86","Liver transplant failure and rejection"
"T86.8","category","T86","Failure and rejection of other transplanted organs and tissues"
"T86.9","category","T86","Failure and rejection of unspecified transplanted organ and tissue"
"T87","category","T80-T88","Complications peculiar to reattachment and amputation"
"T87.0","category","T87","Complications of reattached (part of) upper extremity"
"T87.1","category","T87","Complications of reattached (part of) lower extremity"
"T87.2","category","T87","Complications of other reattached body part"
"T87.3","category","T87","Neuroma of amputation stump"
"T87.4","category","T87","Infection of amputation stump"
"T87.5","category","T87","Necrosis of amputation stump"
"T87.6","category","T87","Other and unspecified complications of amputation stump"
"T88","category","T80-T88","Other complications of surgical and medical care, not elsewhere classified"
"T88.0","category","T88","Infection following immunization"
"T88.1","category","T88","Other complications following immunization, not elsewhere classified"
"T88.2","category","T88","Shock due to anaesthesia"
"T88.3","category","T88","Malignant hyperthermia due to anaesthesia"
"T88.4","category","T88","Failed or difficult intubation"
"T88.5","category","T88","Other complications of anaesthesia"
"T88.6","category","T88","Anaphylactic shock due to adverse effect of correct drug or medicament properly administered"
"T88.7","category","T88","Unspecified adverse effect of drug or medicament"
"T88.8","category","T88","Other specified complications of surgical and medical care, not elsewhere classified"
"T88.9","category","T88","Complication of surgical and medical care, unspecified"
"T90-T98","block","XIX","Sequelae of injuries, of poisoning and of other consequences of external causes"
"T90","category","T90-T98","Sequelae of injuries of head"
"T90.0","category","T90","Sequelae of superficial injury of head"
"T90.1","category","T90","Sequelae of open wound of head"
"T90.2","category","T90","Sequelae of fracture of skull and facial bones"
"T90.3","category","T90","Sequelae of injury of cranial nerves"
"T90.4","category","T90","Sequelae of injury of eye and orbit"
"T90.5","category","T90","Sequelae of intracranial injury"
"T90.8","category","T90","Sequelae of other specified injuries of head"
"T90.9","category","T90","Sequelae of unspecified injury of head"
"T91","category","T90-T98","Sequelae of injuries of neck and trunk"
"T91.0","category","T91","Sequelae of superficial injury and open wound of neck and trunk"
"T91.1","category","T91","Sequelae of fracture of spine"
"T91.2","category","T91","Sequelae of other fracture of thorax and pelvis"
"T91.3","category","T91","Sequelae of injury of spinal cord"
"T91.4","category","T91","Sequelae of injury of intrathoracic organs"
"T91.5","category","T91","Sequelae of injury of intra-abdominal and pelvic organs"
"T91.8","category","T91","Sequelae of other specified injuries of neck and trunk"
"T91.9","category","T91","Sequelae of unspecified injury of neck and trunk"
"T92","category","T90-T98","Sequelae of injuries of upper limb"
"T92.0","category","T92","Sequelae of open wound of upper limb"
"T92.1","category","T92","Sequelae of fracture of arm"
"T92.2","category","T92","Sequelae of fracture at wrist and hand level"
"T92.3","category","T92","Sequelae of dislocation, sprain and strain of upper limb"
"T92.4","category","T92","Sequelae of injury of nerve of upper limb"
"T92.5","category","T92","Sequelae of injury of muscle and tendon of upper limb"
"T92.6","category","T92","Sequelae of crushing injury and traumatic amputation of upper limb"
"T92.8","category","T92","Sequelae of other specified injuries of upper limb"
"T92.9","category","T92","Sequelae of unspecified injury of upper limb"
"T93","category","T90-T98","Sequelae of injuries of lower limb"
"T93.0","category","T93","Sequelae of open wound of lower limb"
"T93.1","category","T93","Sequelae of fracture of femur"
"T93.2","category","T93","Sequelae of other fractures of lower limb"
"T93.3","category","T93","Sequelae of dislocation, sprain and strain of lower limb"
"T93.4","category","T93","Sequelae of injury of nerve of lower limb"
"T93.5","category","T93","Sequelae of injury of muscle and tendon of lower limb"
"T93.6","category","T93","Sequelae of crushing injury and traumatic amputation of lower limb"
"T93.8","category","T93","Sequelae of other specified injuries of lower limb"
"T93.9","category","T93","Sequelae of unspecified injury of lower limb"
"T94","category","T90-T98","Sequelae of injuries involving multiple and unspecified body regions"
"T94.0","category","T94","Sequelae of injuries involving multiple body regions"
"T94.1","category","T94","Sequelae of injuries, not specified by body region"
"T95","category","T90-T98","Sequelae of burns, corrosions and frostbite"
"T95.0","category","T95","Sequelae of burn, corrosion and frostbite of head and neck"
"T95.1","category","T95","Sequelae of burn, corrosion and frostbite of trunk"
"T95.2","category","T95","Sequelae of burn, corrosion and frostbite of upper limb"
"T95.3","category","T95","Sequelae of burn, corrosion and frostbite of lower limb"
"T95.4","category","T95","Sequelae of burn and corrosion classifiable only according to extent of body surface involved"
"T95.8","category","T95","Sequelae of other specified burn, corrosion and frostbite"
"T95.9","category","T95","Sequelae of unspecified burn, corrosion and frostbite"
"T96","category","T90-T98","Sequelae of poisoning by drugs, medicaments and biological substances"
"T97","category","T90-T98","Sequelae of toxic effects of substances chiefly nonmedicinal as to source"
"T98","category","T90-T98","Sequelae of other and unspecified effects of external causes"
"T98.0","category","T98","Sequelae of effects of foreign body entering through natural orifice"
"T98.1","category","T98","Sequelae of other and unspecified effects of external causes"
"T98.2","category","T98","Sequelae of certain early complications of trauma"
"T98.3","category","T98","Sequelae of complications of surgical and medical care, not elsewhere classified"
"XX","chapter","","External causes of morbidity and mortality"
"V01-X59","block","XX","Accidents"
"V01-V99","block","V01-X59","Transport accidents"
"V01-V09","block","V01-V99","Pedestrian injured in transport accident"
"V01","category","V01-V09","Pedestrian injured in collision with pedal cycle"
"V02","category","V01-V09","Pedestrian injured in collision with two- or three-wheeled motor vehicle"
"V03","category","V01-V09","Pedestrian injured in collision with car, pick-up truck or van"
"V04","category","V01-V09","Pedestrian injured in collision with heavy transport vehicle or bus"
"V05","category","V01-V09","Pedestrian injured in collision with railway train or railway vehicle"
"V06","category","V01-V09","Pedestrian injured in collision with other nonmotor vehicle"
"V09","category","V01-V09","Pedestrian injured in other and unspecified transport accidents"
"V09.0","category","V09","Pedestrian injured in nontraffic accident involving other and unspecified motor vehicles"
"V09.1","category","V09","Pedestrian injured in unspecified nontraffic accident"
"V09.2","category","V09","Pedestrian injured in traffic accident involving other and unspecified motor vehicles"
"V09.3","category","V09","Pedestrian injured in unspecified traffic accident"
"V09.9","category","V09","Pedestrian injured in unspecified transport accident"
"V10-V19","block","V01-V99","Pedal cyclist injured in transport accident"
"V10","category","V10-V19","Pedal cyclist injured in collision with pedestrian or animal"
"V11","category","V10-V19","Pedal cyclist injured in collision with other pedal cycle"
"V12","category","V10-V19","Pedal cyclist injured in collision with two- or three-wheeled motor vehicle"
"V13","category","V10-V19","Pedal cyclist injured in collision with car, pick-up truck or van"
"V14","category","V10-V19","Pedal cyclist injured in collision with heavy transport vehicle or bus"
"V15","category","V10-V19","Pedal cyclist injured in collision with railway train or railway vehicle"
"V16","category","V10-V19","Pedal cyclist injured in collision with other nonmotor vehicle"
"V17","category","V10-V19","Pedal cyclist injured in collision with fixed or stationary object"
"V18","category","V10-V19","Pedal cyclist injured in noncollision transport accident"
"V19","category","V10-V19","Pedal cyclist injured in other and unspecified transport accidents"
"V19.0","category","V19","Driver injured in collision with other and unspecified motor vehicles in nontraffic accident"
"V19.1","category","V19","Passenger injured in collision with other and unspecified motor vehicles in nontraffic accident"
"V19.2","category","V19","Unspecified pedal cyclist injured in collision with other and unspecified motor vehicles in nontraffic accident"
"V19.3","category","V19","Pedal cyclist [any] injured in unspecified nontraffic accident"
"V19.4","category","V19","Driver injured in collision with other and unspecified motor vehicles in traffic accident"
"V19.5","category","V19","Passenger injured in collision with other and unspecified motor vehicles in traffic accident"
"V19.6","category","V19","Unspecified pedal cyclist injured in collision with other and unspecified motor vehicles in traffic accident"
"V19.8","category","V19","Pedal cyclist [any] injured in other specified transport accidents"
"V19.9","category","V19","Pedal cyclist [any] injured in unspecified traffic accident"
"V20-V29","block","V01-V99","Motorcycle rider injured in transport accident"
"V20","category","V20-V29","Motorcycle rider injured in collision with pedestrian or animal"
"V21","category","V20-V29","Motorcycle rider injured in collision with pedal cycle"
"V22","category","V20-V29","Motorcycle rider injured in collision with two- or three-wheeled motor vehicle"
"V23","category","V20-V29","Motorcycle rider injured in collision with car, pick-up truck or van"
"V24","category","V20-V29","Motorcycle rider injured in collision with heavy transport vehicle or bus"
"V25","category","V20-V29","Motorcycle rider injured in collision with railway train or railway vehicle"
"V26","category","V20-V29","Motorcycle rider injured in collision with other nonmotor vehicle"
"V27","category","V20-V29","Motorcycle rider injured in collision with fixed or stationary object"
"V28","category","V20-V29","Motorcycle rider injured in noncollision transport accident"
"V29","category","V20-V29","Motorcycle rider injured in other and unspecified transport accidents"
"V29.0","category","V29","Driver injured in collision with other and unspecified motor vehicles in nontraffic accident"
"V29.1","category","V29","Passenger injured in collision with other and unspecified motor vehicles in nontraffic accident"
"V29.2","category","V29","Unspecified motorcycle rider injured in collision with other and unspecified motor vehicles in nontraffic accident"
"V29.3","category","V29","Motorcycle rider [any] injured in unspecified nontraffic accident"
"V29.4","category","V29","Driver injured in collision with other and unspecified motor vehicles in traffic accident"
"V29.5","category","V29","Passenger injured in collision with other and unspecified motor vehicles in traffic accident"
"V29.6","category","V29","Unspecified motorcycle rider injured in collision with other and unspecified motor vehicles in traffic accident"
"V29.8","category","V29","Motorcycle rider [any] injured in other specified transport accidents"
"V29.9","category","V29","Motorcycle rider [any] injured in unspecified traffic accident"
"V30-V39","block","V01-V99","Occupant of three-wheeled motor vehicle injured in transport accident"
"V30","category","V30-V39","Occupant of three-wheeled motor vehicle injured in collision with pedestrian or animal"
"V31","category","V30-V39","Occupant of three-wheeled motor vehicle injured in collision with pedal cycle"
"V32","category","V30-V39","Occupant of three-wheeled motor vehicle injured in collision with two- or three-wheeled motor vehicle"
"V33","category","V30-V39","Occupant of three-wheeled motor vehicle injured in collision with car, pick-up truck or van"
"V34","category","V30-V39","Occupant of three-wheeled motor vehicle injured in collision with heavy transport vehicle or bus"
"V35","category","V30-V39","Occupant of three-wheeled motor vehicle injured in collision with railway train or railway vehicle"
"V36","category","V30-V39","Occupant of three-wheeled motor vehicle injured in collision with other nonmotor vehicle"
"V37","category","V30-V39","Occupant of three-wheeled motor vehicle injured in collision with fixed or stationary object"
"V38","category","V30-V39","Occupant of three-wheeled motor vehicle injured in noncollision transport accident"
"V39","category","V30-V39","Occupant of three-wheeled motor vehicle injured in other and unspecified transport accidents"
"V39.0","category","V39","Driver injured in collision with other and unspecified motor vehicles in nontraffic accident"
"V39.1","category","V39","Passenger injured in collision with other and unspecified motor vehicles in nontraffic accident"
"V39.2","category","V39","Unspecified occupant of three-wheeled motor vehicle injured in collision with other and unspecified motor vehicles in nontraffic accident"
"V39.3","category","V39","Occupant [any] of three-wheeled motor vehicle injured in unspecified nontraffic accident"
"V39.4","category","V39","Driver injured in collision with other and unspecified motor vehicles in traffic accident"
"V39.5","category","V39","Passenger injured in collision with other and unspecified motor vehicles in traffic accident"
"V39.6","category","V39","Unspecified occupant of three-wheeled motor vehicle injured in collision with other and unspecified motor vehicles in traffic accident"
"V39.8","category","V39","Occupant [any] of three-wheeled motor vehicle injured in other specified transport accidents"
"V39.9","category","V39","Occupant [any] of three-wheeled motor vehicle injured in unspecified traffic accident"
"V40-V49","block","V01-V99","Car occupant injured in transport accident"
"V40","category","V40-V49","Car occupant injured in collision with pedestrian or animal"
"V41","category","V40-V49","Car occupant injured in collision with pedal cycle"
"V42","category","V40-V49","Car occupant injured in collision with two- or three-wheeled motor vehicle"
"V43","category","V40-V49","Car occupant injured in collision with car, pick-up truck or van"
"V44","category","V40-V49","Car occupant injured in collision with heavy transport vehicle or bus"
"V45","category","V40-V49","Car occupant injured in collision with railway train or railway vehicle"
"V46","category","V40-V49","Car occupant injured in collision with other nonmotor vehicle"
"V47","category","V40-V49","Car occupant injured in collision with fixed or stationary object"
"V48","category","V40-V49","Car occupant injured in noncollision transport accident"
"V49","category","V40-V49","Car occupant injured in other and unspecified transport accidents"
"V49.0","category","V49","Driver injured in collision with other and unspecified motor vehicles in nontraffic accident"
"V49.1","category","V49","Passenger injured in collision with other and unspecified motor vehicles in nontraffic accident"
"V49.2","category","V49","Unspecified car occupant injured in collision with other and unspecified motor vehicles in nontraffic accident"
"V49.3","category","V49","Car occupant [any] injured in unspecified nontraffic accident"
"V49.4","category","V49","Driver injured in collision with other and unspecified motor vehicles in traffic accident"
"V49.5","category","V49","Passenger injured in collision with other and unspecified motor vehicles in traffic accident"
"V49.6","category","V49","Unspecified car occupant injured in collision with other and unspecified motor vehicles in traffic accident"
"V49.8","category","V49","Car occupant [any] injured in other specified transport accidents"
"V49.9","category","V49","Car occupant [any] injured in unspecified traffic accident"
"V50-V59","block","V01-V99","Occupant of pick-up truck or van injured in transport accident"
"V50","category","V50-V59","Occupant of pick-up truck or van injured in collision with pedestrian or animal"
"V51","category","V50-V59","Occupant of pick-up truck or van injured in collision with pedal cycle"
"V52","category","V50-V59","Occupant of pick-up truck or van injured in collision with two- or three-wheeled motor vehicle"
"V53","category","V50-V59","Occupant of pick-up truck or van injured in collision with car, pick-up truck or van"
"V54","category","V50-V59","Occupant of pick-up truck or van injured in collision with heavy transport vehicle or bus"
"V55","category","V50-V59","Occupant of pick-up truck or van injured in collision with railway train or railway vehicle"
"V56","category","V50-V59","Occupant of pick-up truck or van injured in collision with other nonmotor vehicle"
"V57","category","V50-V59","Occupant of pick-up truck or van injured in collision with fixed or stationary object"
"V58","category","V50-V59","Occupant of pick-up truck or van injured in noncollision transport accident"
"V59","category","V50-V59","Occupant of pick-up truck or van injured in other and unspecified transport accidents"
"V59.0","category","V59","Driver injured in collision with other and unspecified motor vehicles in nontraffic accident"
"V59.1","category","V59","Passenger injured in collision with other and unspecified motor vehicles in nontraffic accident"
"V59.2","category","V59","Unspecified occupant of pick-up truck or van injured in collision with other and unspecified motor vehicles in nontraffic accident"
"V59.3","category","V59","Occupant [any] of pick-up truck or van injured in unspecified nontraffic accident"
"V59.4","category","V59","Driver injured in collision with other and unspecified motor vehicles in traffic accident"
"V59.5","category","V59","Passenger injured in collision with other and unspecified motor vehicles in traffic accident"
"V59.6","category","V59","Unspecified occupant of pick-up truck or van injured in collision with other and unspecified motor vehicles in traffic accident"
"V59.8","category","V59","Occupant [any] of pick-up truck or van injured in other specified transport accidents"
"V59.9","category","V59","Occupant [any] of pick-up truck or van injured in unspecified traffic accident"
"V60-V69","block","V01-V99","Occupant of heavy transport vehicle injured in transport accident"
"V60","category","V60-V69","Occupant of heavy transport vehicle injured in collision with pedestrian or animal"
"V61","category","V60-V69","Occupant of heavy transport vehicle injured in collision with pedal cycle"
"V62","category","V60-V69","Occupant of heavy transport vehicle injured in collision with two- or three-wheeled motor vehicle"
"V63","category","V60-V69","Occupant of heavy transport vehicle injured in collision with car, pick-up truck or van"
"V64","category","V60-V69","Occupant of heavy transport vehicle injured in collision with heavy transport vehicle or bus"
"V65","category","V60-V69","Occupant of heavy transport vehicle injured in collision with railway train or railway vehicle"
"V66","category","V60-V69","Occupant of heavy transport vehicle injured in collision with other nonmotor vehicle"
"V67","category","V60-V69","Occupant of heavy transport vehicle injured in collision with fixed or stationary object"
"V68","category","V60-V69","Occupant of heavy transport vehicle injured in noncollision transport accident"
"V69","category","V60-V69","Occupant of heavy transport vehicle injured in other and unspecified transport accidents"
"V69.0","category","V69","Driver injured in collision with other and unspecified motor vehicles in nontraffic accident"
"V69.1","category","V69","Passenger injured in collision with other and unspecified motor vehicles in nontraffic accident"
"V69.2","category","V69","Unspecified occupant of heavy transport vehicle injured in collision with other and unspecified motor vehicles in nontraffic accident"
"V69.3","category","V69","Occupant [any] of heavy transport vehicle injured in unspecified nontraffic accident"
"V69.4","category","V69","Driver injured in collision with other and unspecified motor vehicles in traffic accident"
"V69.5","category","V69","Passenger injured in collision with other and unspecified motor vehicles in traffic accident"
"V69.6","category","V69","Unspecified occupant of heavy transport vehicle injured in collision with other and unspecified motor vehicles in traffic accident"
"V69.8","category","V69","Occupant [any] of heavy transport vehicle injured in other specified transport accidents"
"V69.9","category","V69","Occupant [any] of heavy transport vehicle injured in unspecified traffic accident"
"V70-V79","block","V01-V99","Bus occupant injured in transport accident"
"V70","category","V70-V79","Bus occupant injured in collision with pedestrian or animal"
"V71","category","V70-V79","Bus occupant injured in collision with pedal cycle"
"V72","category","V70-V79","Bus occupant injured in collision with two- or three-wheeled motor vehicle"
"V73","category","V70-V79","Bus occupant injured in collision with car, pick-up truck or van"
"V74","category","V70-V79","Bus occupant injured in collision with heavy transport vehicle or bus"
"V75","category","V70-V79","Bus occupant injured in collision with railway train or railway vehicle"
"V76","category","V70-V79","Bus occupant injured in collision with other nonmotor vehicle"
"V77","category","V70-V79","Bus occupant injured in collision with fixed or stationary object"
"V78","category","V70-V79","Bus occupant injured in noncollision transport accident"
"V79","category","V70-V79","Bus occupant injured in other and unspecified transport accidents"
"V79.0","category","V79","Driver injured in collision with other and unspecified motor vehicles in nontraffic accident"
"V79.1","category","V79","Passenger injured in collision with other and unspecified motor vehicles in nontraffic accident"
"V79.2","category","V79","Unspecified bus occupant injured in collision with other and unspecified motor vehicles in nontraffic accident"
"V79.3","category","V79","Bus occupant [any] injured in unspecified nontraffic accident"
"V79.4","category","V79","Driver injured in collision with other and unspecified motor vehicles in traffic accident"
"V79.5","category","V79","Passenger injured in collision with other and unspecified motor vehicles in traffic accident"
"V79.6","category","V79","Unspecified bus occupant injured in collision with other and unspecified motor vehicles in traffic accident"
"V79.8","category","V79","Bus occupant [any] injured in other specified transport accidents"
"V79.9","category","V79","Bus occupant [any] injured in unspecified traffic accident"
"V80-V89","block","V01-V99","Other land transport accidents"
"V80","category","V80-V89","Animal-rider or occupant of animal-drawn vehicle injured in transport accident"
"V80.0","category","V80","Rider or occupant injured by fall from or being thrown from animal or animal-drawn vehicle in noncollision accident"
"V80.1","category","V80","Rider or occupant injured in collision with pedestrian or animal"
"V80.2","category","V80","Rider or occupant injured in collision with pedal cycle"
"V80.3","category","V80","Rider or occupant injured in collision with two- or three-wheeled motor vehicle"
"V80.4","category","V80","Rider or occupant injured in collision with car, pick-up truck, van, heavy transport vehicle or bus"
"V80.5","category","V80","Rider or occupant injured in collision with other specified motor vehicle"
"V80.6","category","V80","Rider or occupant injured in collision with railway train or railway vehicle"
"V80.7","category","V80","Rider or occupant injured in collision with other nonmotor vehicle"
"V80.8","category","V80","Rider or occupant injured in collision with fixed or stationary object"
"V80.9","category","V80","Rider or occupant injured in other and unspecified transport accidents"
"V81","category","V80-V89","Occupant of railway train or railway vehicle injured in transport accident"
"V81.0","category","V81","Occupant of railway train or railway vehicle injured in collision with motor vehicle in nontraffic accident"
"V81.1","category","V81","Occupant of railway train or railway vehicle injured in collision with motor vehicle in traffic accident"
"V81.2","category","V81","Occupant of railway train or railway vehicle injured in collision with or hit by rolling stock"
"V81.3","category","V81","Occupant of railway train or railway vehicle injured in collision with other object"
"V81.4","category","V81","Person injured while boarding or alighting from railway train or railway vehicle"
"V81.5","category","V81","Occupant of railway train or railway vehicle injured by fall in railway train or railway vehicle"
"V81.6","category","V81","Occupant of railway train or railway vehicle injured by fall from railway train or railway vehicle"
"V81.7","category","V81","Occupant of railway train or railway vehicle injured in derailment without antecedent collision"
"V81.8","category","V81","Occupant of railway train or railway vehicle injured in other specified railway accidents"
"V81.9","category","V81","Occupant of railway train or railway vehicle injured in unspecified railway accident"
"V82","category","V80-V89","Occupant of streetcar injured in transport accident"
"V82.0","category","V82","Occupant of streetcar injured in collision with motor vehicle in nontraffic accident"
"V82.1","category","V82","Occupant of streetcar injured in collision with motor vehicle in traffic accident"
"V82.2","category","V82","Occupant of streetcar injured in collision with or hit by rolling stock"
"V82.3","category","V82","Occupant of streetcar injured in collision with other object"
"V82.4","category","V82","Person injured while boarding or alighting from streetcar"
"V82.5","category","V82","Occupant of streetcar injured by fall in streetcar"
"V82.6","category","V82","Occupant of streetcar injured by fall from streetcar"
"V82.7","category","V82","Occupant of streetcar injured in derailment without antecedent collision"
"V82.8","category","V82","Occupant of streetcar injured in other specified transport accidents"
"V82.9","category","V82","Occupant of streetcar injured in unspecified traffic accident"
"V83","category","V80-V89","Occupant of special vehicle mainly used on industrial premises injured in transport accident"
"V83.0","category","V83","Driver of special industrial vehicle injured in traffic accident"
"V83.1","category","V83","Passenger of special industrial vehicle injured in traffic accident"
"V83.2","category","V83","Person on outside of special industrial vehicle injured in traffic accident"
"V83.3","category","V83","Unspecified occupant of special industrial vehicle injured in traffic accident"
"V83.4","category","V83","Person injured while boarding or alighting from special industrial vehicle"
"V83.5","category","V83","Driver of special industrial vehicle injured in nontraffic accident"
"V83.6","category","V83","Passenger of special industrial vehicle injured in nontraffic accident"
"V83.7","category","V83","Person on outside of special industrial vehicle injured in nontraffic accident"
"V83.9","category","V83","Unspecified occupant of special industrial vehicle injured in nontraffic accident"
"V84","category","V80-V89","Occupant of special vehicle mainly used in agriculture injured in transport accident"
"V84.0","category","V84","Driver of special agricultural vehicle injured in traffic accident"
"V84.1","category","V84","Passenger of special agricultural vehicle injured in traffic accident"
"V84.2","category","V84","Person on outside of special agricultural vehicle injured in traffic accident"
"V84.3","category","V84","Unspecified occupant of special agricultural vehicle injured in traffic accident"
"V84.4","category","V84","Person injured while boarding or alighting from special agricultural vehicle"
"V84.5","category","V84","Driver of special agricultural vehicle injured in nontraffic accident"
"V84.6","category","V84","Passenger of special agricultural vehicle injured in nontraffic accident"
"V84.7","category","V84","Person on outside of special agricultural vehicle injured in nontraffic accident"
"V84.9","category","V84","Unspecified occupant of special agricultural vehicle injured in nontraffic accident"
"V85","category","V80-V89","Occupant of special construction vehicle injured in transport accident"
"V85.0","category","V85","Driver of special construction vehicle injured in traffic accident"
"V85.1","category","V85","Passenger of special construction vehicle injured in traffic accident"
"V85.2","category","V85","Person on outside of special construction vehicle injured in traffic accident"
"V85.3","category","V85","Unspecified occupant of special construction vehicle injured in traffic accident"
"V85.4","category","V85","Person injured while boarding or alighting from special construction vehicle"
"V85.5","category","V85","Driver of special construction vehicle injured in nontraffic accident"
"V85.6","category","V85","Passenger of special construction vehicle injured in nontraffic accident"
"V85.7","category","V85","Person on outside of special construction vehicle injured in nontraffic accident"
"V85.9","category","V85","Unspecified occupant of special construction vehicle injured in nontraffic accident"
"V86","category","V80-V89","Occupant of special all-terrain or other motor vehicle designed primarily for off-road use, injured in transport accident"
"V86.0","category","V86","Driver of all-terrain or other off-road motor vehicle injured in traffic accident"
"V86.1","category","V86","Passenger of all-terrain or other off-road motor vehicle injured in traffic accident"
"V86.2","category","V86","Person on outside of all-terrain or other off-road motor vehicle injured in traffic accident"
"V86.3","category","V86","Unspecified occupant of all-terrain or other off-road motor vehicle injured in traffic accident"
"V86.4","category","V86","Person injured while boarding or alighting from all-terrain or other off-road motor vehicle"
"V86.5","category","V86","Driver of all-terrain or other off-road motor vehicle injured in nontraffic accident"
"V86.6","category","V86","Passenger of all-terrain or other off-road motor vehicle injured in nontraffic accident"
"V86.7","category","V86","Person on outside of all-terrain or other off-road motor vehicle injured in nontraffic accident"
"V86.9","category","V86","Unspecified occupant of all-terrain or other off-road motor vehicle injured in nontraffic accident"
"V87","category","V80-V89","Traffic accident of specified type but victim's mode of transport unknown"
"V87.0","category","V87","Person injured in collision between car and two- or three-wheeled motor vehicle (traffic)"
"V87.1","category","V87","Person injured in collision between other motor vehicle and two- or three-wheeled motor vehicle (traffic)"
"V87.2","category","V87","Person injured in collision between car and pick-up truck or van (traffic)"
"V87.3","category","V87","Person injured in collision between car and bus (traffic)"
"V87.4","category","V87","Person injured in collision between car and heavy transport vehicle (traffic)"
"V87.5","category","V87","Person injured in collision between heavy transport vehicle and bus (traffic)"
"V87.6","category","V87","Person injured in collision between railway train or railway vehicle and car (traffic)"
"V87.7","category","V87","Person injured in collision between other specified motor vehicles (traffic)"
"V87.8","category","V87","Person injured in other specified noncollision transport accidents involving motor vehicle (traffic)"
"V87.9","category","V87","Person injured in other specified (collision)(noncollision) transport accidents involving nonmotor vehicle (traffic)"
"V88","category","V80-V89","Nontraffic accident of specified type but victim's mode of transport unknown"
"V88.0","category","V88","Person injured in collision between car and two- or three-wheeled motor vehicle, nontraffic"
"V88.1","category","V88","Person injured in collision between other motor vehicle and two- or three-wheeled motor vehicle, nontraffic"
"V88.2","category","V88","Person injured in collision between car and pick-up truck or van, nontraffic"
"V88.3","category","V88","Person injured in collision between car and bus, nontraffic"
"V88.4","category","V88","Person injured in collision between car and heavy transport vehicle, nontraffic"
"V88.5","category","V88","Person injured in collision between heavy transport vehicle and bus, nontraffic"
"V88.6","category","V88","Person injured in collision between railway train or railway vehicle and car, nontraffic"
"V88.7","category","V88","Person injured in collision between other specified motor vehicles, nontraffic"
"V88.8","category","V88","Person injured in other specified noncollision transport accidents involving motor vehicle, nontraffic"
"V88.9","category","V88","Person injured in other specified (collision)(noncollision) transport accidents involving nonmotor vehicle, nontraffic"
"V89","category","V80-V89","Motor- or nonmotor-vehicle accident, type of vehicle unspecified"
"V89.0","category","V89","Person injured in unspecified motor-vehicle accident, nontraffic"
"V89.1","category","V89","Person injured in unspecified nonmotor-vehicle accident, nontraffic"
"V89.2","category","V89","Person injured in unspecified motor-vehicle accident, traffic"
"V89.3","category","V89","Person injured in unspecified nonmotor-vehicle accident, traffic"
"V89.9","category","V89","Person injured in unspecified vehicle accident"
"V90-V94","block","V01-V99","Water transport accidents"
"V90","category","V90-V94","Accident to watercraft causing drowning and submersion"
"V91","category","V90-V94","Accident to watercraft causing other injury"
"V92","category","V90-V94","Water-transport-related drowning and submersion without accident to watercraft"
"V93","category","V90-V94","Accident on board watercraft without accident to watercraft, not causing drowning and submersion"
"V94","category","V90-V94","Other and unspecified water transport accidents"
"V95-V97","block","V01-V99","Air and space transport accidents"
"V95","category","V95-V97","Accident to powered aircraft causing injury to occupant"
"V95.0","category","V95","Helicopter accident injuring occupant"
"V95.1","category","V95","Ultralight, microlight or powered-glider accident injuring occupant"
"V95.2","category","V95","Accident to other private fixed-wing aircraft, injuring occupant"
"V95.3","category","V95","Accident to commercial fixed-wing aircraft, injuring occupant"
"V95.4","category","V95","Spacecraft accident injuring occupant"
"V95.8","category","V95","Other aircraft accidents injuring occupant"
"V95.9","category","V95","Unspecified aircraft accident injuring occupant"
"V96","category","V95-V97","Accident to nonpowered aircraft causing injury to occupant"
"V96.0","category","V96","Balloon accident injuring occupant"
"V96.1","category","V96","Hang-glider accident injuring occupant"
"V96.2","category","V96","Glider (nonpowered) accident injuring occupant"
"V96.8","category","V96","Other nonpowered-aircraft accidents injuring occupant"
"V96.9","category","V96","Unspecified nonpowered-aircraft accident injuring occupant"
"V97","category","V95-V97","Other specified air transport accidents"
"V97.0","category","V97","Occupant of aircraft injured in other specified air transport accidents"
"V97.1","category","V97","Person injured while boarding or alighting from aircraft"
"V97.2","category","V97","Parachutist injured in air transport accident"
"V97.3","category","V97","Person on ground injured in air transport accident"
"V97.8","category","V97","Other air transport accidents, not elsewhere classified"
"V98-V99","block","V01-V99","Other and unspecified transport accidents"
"V98","category","V98-V99","Other specified transport accidents"
"V99","category","V98-V99","Unspecified transport accident"
"W00-X59","block","V01-X59","Other external causes of accidental injury"
"W00-W19","block","W00-X59","Falls"
"W00","category","W00-W19","Fall on same level involving ice and snow"
"W01","category","W00-W19","Fall on same level from slipping, tripping and stumbling"
"W02","category","W00-W19","Fall involving ice-skates, skis, roller-skates or skateboards"
"W03","category","W00-W19","Other fall on same level due to collision with, or pushing by, another person"
"W04","category","W00-W19","Fall while being carried or supported by other persons"
"W05","category","W00-W19","Fall involving wheelchair"
"W06","category","W00-W19","Fall involving bed"
"W07","category","W00-W19","Fall involving chair"
"W08","category","W00-W19","Fall involving other furniture"
"W09","category","W00-W19","Fall involving playground equipment"
"W10","category","W00-W19","Fall on and from stairs and steps"
"W11","category","W00-W19","Fall on and from ladder"
"W12","category","W00-W19","Fall on and from scaffolding"
"W13","category","W00-W19","Fall from, out of or through building or structure"
"W14","category","W00-W19","Fall from tree"
"W15","category","W00-W19","Fall from cliff"
"W16","category","W00-W19","Diving or jumping into water causing injury other than drowning or submersion"
"W17","category","W00-W19","Other fall from one level to another"
"W18","category","W00-W19","Other fall on same level"
"W19","category","W00-W19","Unspecified fall"
"W20-W49","block","W00-X59","Exposure to inanimate mechanical forces"
"W20","category","W20-W49","Struck by thrown, projected or falling object(s)"
"W21","category","W20-W49","Striking against or struck by sports equipment"
"W22","category","W20-W49","Striking against or struck by other object(s)"
"W23","category","W20-W49","Caught, crushed, jammed or pinched in or between objects"
"W24","category","W20-W49","Contact with lifting and transmission device(s), not elsewhere classified"
"W25","category","W20-W49","Contact with sharp glass"
"W26","category","W20-W49","Contact with other sharp object(s)"
"W26.0","category","W26","Contact with knife, sword or dagger"
"W26.8","category","W26","Contact with other sharp object(s), not elsewhere classified"
"W26.9","category","W26","Contact with unspecified sharp object(s)"
"W27","category","W20-W49","Contact with nonpowered hand tool"
"W28","category","W20-W49","Contact with powered lawnmower"
"W29","category","W20-W49","Contact with other powered hand tools and household machinery"
"W30","category","W20-W49","Contact with agricultural machinery"
"W31","category","W20-W49","Contact with other and unspecified machinery"
"W32","category","W20-W49","Handgun discharge"
"W33","category","W20-W49","Rifle, shotgun and larger firearm discharge"
"W34","category","W20-W49","Discharge from other and unspecified firearms"
"W35","category","W20-W49","Explosion and rupture of boiler"
"W36","category","W20-W49","Explosion and rupture of gas cylinder"
"W37","category","W20-W49","Explosion and rupture of pressurized tyre, pipe or hose"
"W38","category","W20-W49","Explosion and rupture of other specified pressurized devices"
"W39","category","W20-W49","Discharge of firework"
"W40","category","W20-W49","Explosion of other materials"
"W41","category","W20-W49","Exposure to high-pressure jet"
"W42","category","W20-W49","Exposure to noise"
"W43","category","W20-W49","Exposure to vibration"
"W44","category","W20-W49","Foreign body entering into or through eye or natural orifice"
"W45","category","W20-W49","Foreign body or object entering through skin"
"W46","category","W20-W49","Contact with hypodermic needle"
"W49","category","W20-W49","Exposure to other and unspecified inanimate mechanical forces"
"W50-W64","block","W00-X59","Exposure to animate mechanical forces"
"W50","category","W50-W64","Hit, struck, kicked, twisted, bitten or scratched by another person"
"W51","category","W50-W64","Striking against or bumped into by another person"
"W52","category","W50-W64","Crushed, pushed or stepped on by crowd or human stampede"
"W53","category","W50-W64","Bitten by rat"
"W54","category","W50-W64","Bitten or struck by dog"
"W55","category","W50-W64","Bitten or struck by other mammals"
"W56","category","W50-W64","Contact with marine animal"
"W57","category","W50-W64","Bitten or stung by nonvenomous insect and other nonvenomous arthropods"
"W58","category","W50-W64","Bitten or struck by crocodile or alligator"
"W59","category","W50-W64","Bitten or crushed by other reptiles"
"W60","category","W50-W64","Contact with plant thorns and spines and sharp leaves"
"W64","category","W50-W64","Exposure to other and unspecified animate mechanical forces"
"W65-W74","block","W00-X59","Accidental drowning and submersion"
"W65","category","W65-W74","Drowning and submersion while in bath-tub"
"W66","category","W65-W74","Drowning and submersion following fall into bath-tub"
"W67","category","W65-W74","Drowning and submersion while in swimming-pool"
"W68","category","W65-W74","Drowning and submersion following fall into swimming-pool"
"W69","category","W65-W74","Drowning and submersion while in natural water"
"W70","category","W65-W74","Drowning and submersion following fall into natural water"
"W73","category","W65-W74","Other specified drowning and submersion"
"W74","category","W65-W74","Unspecified drowning and submersion"
"W75-W84","block","W00-X59","Other accidental threats to breathing"
"W75","category","W75-W84","Accidental suffocation and strangulation in bed"
"W76","category","W75-W84","Other accidental hanging and strangulation"
"W77","category","W75-W84","Threat to breathing due to cave-in, falling earth and other substances"
"W78","category","W75-W84","Inhalation of gastric contents"
"W79","category","W75-W84","Inhalation and ingestion of food causing obstruction of respiratory tract"
"W80","category","W75-W84","Inhalation and ingestion of other objects causing obstruction of respiratory tract"
"W81","category","W75-W84","Confined to or trapped in a low-oxygen environment"
"W83","category","W75-W84","Other specified threats to breathing"
"W84","category","W75-W84","Unspecified threat to breathing"
"W85-W99","block","W00-X59","Exposure to electric current, radiation and extreme ambient air temperature and pressure"
"W85","category","W85-W99","Exposure to electric transmission lines"
"W86","category","W85-W99","Exposure to other specified electric current"
"W87","category","W85-W99","Exposure to unspecified electric current"
"W88","category","W85-W99","Exposure to ionizing radiation"
"W89","category","W85-W99","Exposure to man-made visible and ultraviolet light"
"W90","category","W85-W99","Exposure to other nonionizing radiation"
"W91","category","W85-W99","Exposure to unspecified type of radiation"
"W92","category","W85-W99","Exposure to excessive heat of man-made origin"
"W93","category","W85-W99","Exposure to excessive cold of man-made origin"
"W94","category","W85-W99","Exposure to high and low air pressure and changes in air pressure"
"W99","category","W85-W99","Exposure to other and unspecified man-made environmental factors"
"X00-X09","block","W00-X59","Exposure to smoke, fire and flames"
"X00","category","X00-X09","Exposure to uncontrolled fire in building or structure"
"X01","category","X00-X09","Exposure to uncontrolled fire, not in building or structure"
"X02","category","X00-X09","Exposure to controlled fire in building or structure"
"X03","category","X00-X09","Exposure to controlled fire, not in building or structure"
"X04","category","X00-X09","Exposure to ignition of highly flammable material"
"X05","category","X00-X09","Exposure to ignition or melting of nightwear"
"X06","category","X00-X09","Exposure to ignition or melting of other clothing and apparel"
"X08","category","X00-X09","Exposure to other specified smoke, fire and flames"
"X09","category","X00-X09","Exposure to unspecified smoke, fire and flames"
"X10-X19","block","W00-X59","Contact with heat and hot substances"
"X10","category","X10-X19","Contact with hot drinks, food, fats and cooking oils"
"X11","category","X10-X19","Contact with hot tap-water"
"X12","category","X10-X19","Contact with other hot fluids"
"X13","category","X10-X19","Contact with steam and hot vapours"
"X14","category","X10-X19","Contact with hot air and gases"
"X15","category","X10-X19","Contact with hot household appliances"
"X16","category","X10-X19","Contact with hot heating appliances, radiators and pipes"
"X17","category","X10-X19","Contact with hot engines, machinery and tools"
"X18","category","X10-X19","Contact with other hot metals"
"X19","category","X10-X19","Contact with other and unspecified heat and hot substances"
"X20-X29","block","W00-X59","Contact with venomous animals and plants"
"X20","category","X20-X29","Contact with venomous snakes and lizards"
"X21","category","X20-X29","Contact with venomous spiders"
"X22","category","X20-X29","Contact with scorpions"
"X23","category","X20-X29","Contact with hornets, wasps and bees"
"X24","category","X20-X29","Contact with centipedes and venomous millipedes (tropical)"
"X25","category","X20-X29","Contact with other venomous arthropods"
"X26","category","X20-X29","Contact with venomous marine animals and plants"
"X27","category","X20-X29","Contact with other specified venomous animals"
"X28","category","X20-X29","Contact with other specified venomous plants"
"X29","category","X20-X29","Contact with unspecified venomous animal or plant"
"X30-X39","block","W00-X59","Exposure to forces of nature"
"X30","category","X30-X39","Exposure to excessive natural heat"
"X31","category","X30-X39","Exposure to excessive natural cold"
"X32","category","X30-X39","Exposure to sunlight"
"X33","category","X30-X39","Victim of lightning"
"X34","category","X30-X39","Victim of earthquake"
"X34.0","category","X34","Victim of cataclysmic earth movements caused by earthquake"
"X34.1","category","X34","Victim of tsunami"
"X34.8","category","X34","Victim of other specified effects of earthquake"
"X34.9","category","X34","Victim of unspecified effect of earthquake"
"X35","category","X30-X39","Victim of volcanic eruption"
"X36","category","X30-X39","Victim of avalanche, landslide and other earth movements"
"X37","category","X30-X39","Victim of cataclysmic storm"
"X38","category","X30-X39","Victim of flood"
"X39","category","X30-X39","Exposure to other and unspecified forces of nature"
"X40-X49","block","W00-X59","Accidental poisoning by and exposure to noxious substances"
"X40","category","X40-X49","Accidental poisoning by and exposure to nonopioid analgesics, antipyretics and antirheumatics"
"X41","category","X40-X49","Accidental poisoning by and exposure to antiepileptic, sedative-hypnotic, antiparkinsonism and psychotropic drugs, not elsewhere classified"
"X42","category","X40-X49","Accidental poisoning by and exposure to narcotics and psychodysleptics [hallucinogens], not elsewhere classified"
"X43","category","X40-X49","Accidental poisoning by and exposure to other drugs acting on the autonomic nervous system"
"X44","category","X40-X49","Accidental poisoning by and exposure to other and unspecified drugs, medicaments and biological substances"
"X45","category","X40-X49","Accidental poisoning by and exposure to alcohol"
"X46","category","X40-X49","Accidental poisoning by and exposure to organic solvents and halogenated hydrocarbons and their vapours"
"X47","category","X40-X49","Accidental poisoning by and exposure to carbon monoxide and other gases and vapours"
"X47.0","category","X47","Accidental poisoning by and exposure to carbon monoxide from combustion engine exhaust"
"X47.1","category","X47","Accidental poisoning by and exposure to carbon monoxide from utility gas"
"X47.2","category","X47","Accidental poisoning by and exposure to carbon monoxide from other domestic fuels"
"X47.3","category","X47","Accidental poisoning by and exposure to carbon monoxide from other sources"
"X47.4","category","X47","Accidental poisoning by and exposure to carbon monoxide from unspecified sources"
"X47.8","category","X47","Accidental poisoning by and exposure to other specified gases and vapours"
"X47.9","category","X47","Accidental poisoning by and exposure to unspecified gases and vapours"
"X48","category","X40-X49","Accidental poisoning by and exposure to pesticides"
"X49","category","X40-X49","Accidental poisoning by and exposure to other and unspecified chemicals and noxious substances"
"X50-X57","block","W00-X59","Overexertion, travel and privation"
"X50","category","X50-X57","Overexertion and strenuous or repetitive movements"
"X51","category","X50-X57","Travel and motion"
"X52","category","X50-X57","Prolonged stay in weightless environment"
"X53","category","X50-X57","Lack of food"
"X54","category","X50-X57","Lack of water"
"X57","category","X50-X57","Unspecified privation"
"X58-X59","block","W00-X59","Accidental exposure to other and unspecified factors"
"X58","category","X58-X59","Exposure to other specified factors"
"X59","category","X58-X59","Exposure to unspecified factor"
"X59.0","category","X59","Exposure to unspecified factor causing fracture"
"X59.9","category","X59","Exposure to unspecified factor causing other and unspecified injury"
"X60-X84","block","XX","Intentional self-harm"
"X60","category","X60-X84","Intentional self-poisoning by and exposure to nonopioid analgesics, antipyretics and antirheumatics"
"X61","category","X60-X84","Intentional self-poisoning by and exposure to antiepileptic, sedative-hypnotic, antiparkinsonism and psychotropic drugs, not elsewhere classified"
"X62","category","X60-X84","Intentional self-poisoning by and exposure to narcotics and psychodysleptics [hallucinogens], not elsewhere classified"
"X63","category","X60-X84","Intentional self-poisoning by and exposure to other drugs acting on the autonomic nervous system"
"X64","category","X60-X84","Intentional self-poisoning by and exposure to other and unspecified drugs, medicaments and biological substances"
"X65","category","X60-X84","Intentional self-poisoning by and exposure to alcohol"
"X66","category","X60-X84","Intentional self-poisoning by and exposure to organic solvents and halogenated hydrocarbons and their vapours"
"X67","category","X60-X84","Intentional self-poisoning by and exposure to carbon monoxide and other gases and vapours"
"X67.0","category","X67","Intentional self-poisoning by and exposure to carbon monoxide from combustion engine exhaust"
"X67.1","category","X67","Intentional self-poisoning by and exposure to carbon monoxide from utility gas"
"X67.2","category","X67","Intentional self-poisoning by and exposure to carbon monoxide from other domestic fuels"
"X67.3","category","X67","Intentional self-poisoning by and exposure to carbon monoxide from other sources"
"X67.4","category","X67","Intentional self-poisoning by and exposure to carbon monoxide from unspecified sources"
"X67.8","category","X67","Intentional self-poisoning by and exposure to other specified gases and vapours"
"X67.9","category","X67","Intentional self-poisoning by and exposure to unspecified gases and vapours"
"X68","category","X60-X84","Intentional self-poisoning by and exposure to pesticides"
"X69","category","X60-X84","Intentional self-poisoning by and exposure to other and unspecified chemicals and noxious substances"
"X70","category","X60-X84","Intentional self-harm by hanging, strangulation and suffocation"
"X71","category","X60-X84","Intentional self-harm by drowning and submersion"
"X72","category","X60-X84","Intentional self-harm by handgun discharge"
"X73","category","X60-X84","Intentional self-harm by rifle, shotgun and larger firearm discharge"
"X74","category","X60-X84","Intentional self-harm by other and unspecified firearm discharge"
"X75","category","X60-X84","Intentional self-harm by explosive material"
"X76","category","X60-X84","Intentional self-harm by smoke, fire and flames"
"X77","category","X60-X84","Intentional self-harm by steam, hot vapours and hot objects"
"X78","category","X60-X84","Intentional self-harm by sharp object"
"X79","category","X60-X84","Intentional self-harm by blunt object"
"X80","category","X60-X84","Intentional self-harm by jumping from a high place"
"X81","category","X60-X84","Intentional self-harm by jumping or lying before moving object"
"X82","category","X60-X84","Intentional self-harm by crashing of motor vehicle"
"X83","category","X60-X84","Intentional self-harm by other specified means"
"X84","category","X60-X84","Intentional self-harm by unspecified means"
"X85-Y09","block","XX","Assault"
"X85","category","X85-Y09","Assault by drugs, medicaments and biological substances"
"X86","category","X85-Y09","Assault by corrosive substance"
"X87","category","X85-Y09","Assault by pesticides"
"X88","category","X85-Y09","Assault by gases and vapours"
"X88.0","category","X88","Assault by carbon monoxide from combustion engine exhaust"
"X88.1","category","X88","Assault by carbon monoxide from utility gas"
"X88.2","category","X88","Assault by carbon monoxide from other domestic fuels"
"X88.3","category","X88","Assault by carbon monoxide from other sources"
"X88.4","category","X88","Assault by carbon monoxide from unspecified sources"
"X88.8","category","X88","Assault by other specified gases and vapours"
"X88.9","category","X88","Assault by unspecified gases and vapours"
"X89","category","X85-Y09","Assault by other specified chemicals and noxious substances"
"X90","category","X85-Y09","Assault by unspecified chemical or noxious substance"
"X91","category","X85-Y09","Assault by hanging, strangulation and suffocation"
"X92","category","X85-Y09","Assault by drowning and submersion"
"X93","category","X85-Y09","Assault by handgun discharge"
"X94","category","X85-Y09","Assault by rifle, shotgun and larger firearm discharge"
"X95","category","X85-Y09","Assault by other and unspecified firearm discharge"
"X96","category","X85-Y09","Assault by explosive material"
"X97","category","X85-Y09","Assault by smoke, fire and flames"
"X98","category","X85-Y09","Assault by steam, hot vapours and hot objects"
"X99","category","X85-Y09","Assault by sharp object"
"Y00","category","X85-Y09","Assault by blunt object"
"Y01","category","X85-Y09","Assault by pushing from high place"
"Y02","category","X85-Y09","Assault by pushing or placing victim before moving object"
"Y03","category","X85-Y09","Assault by crashing of motor vehicle"
"Y04","category","X85-Y09","Assault by bodily force"
"Y05","category","X85-Y09","Sexual assault by bodily force"
"Y06","category","X85-Y09","Neglect and abandonment"
"Y06.0","category","Y06","By spouse or partner"
"Y06.1","category","Y06","By parent"
"Y06.2","category","Y06","By acquaintance or friend"
"Y06.8","category","Y06","By other specified persons"
"Y06.9","category","Y06","By unspecified person"
"Y07","category","X85-Y09","Other maltreatment"
"Y07.0","category","Y07","By spouse or partner"
"Y07.1","category","Y07","By parent"
"Y07.2","category","Y07","By acquaintance or friend"
"Y07.3","category","Y07","By official authorities"
"Y07.8","category","Y07","By other specified persons"
"Y07.9","category","Y07","By unspecified person"
"Y08","category","X85-Y09","Assault by other specified means"
"Y09","category","X85-Y09","Assault by unspecified means"
"Y10-Y34","block","XX","Event of undetermined intent"
"Y10","category","Y10-Y34","Poisoning by and exposure to nonopioid analgesics, antipyretics and antirheumatics, undetermined intent"
"Y11","category","Y10-Y34","Poisoning by and exposure to antiepileptic, sedative-hypnotic, antiparkinsonism and psychotropic drugs, not elsewhere classified, undetermined intent"
"Y12","category","Y10-Y34","Poisoning by and exposure to narcotics and psychodysleptics [hallucinogens], not elsewhere classified, undetermined intent"
"Y13","category","Y10-Y34","Poisoning by and exposure to other drugs acting on the autonomic nervous system, undetermined intent"
"Y14","category","Y10-Y34","Poisoning by and exposure to other and unspecified drugs, medicaments and biological substances, undetermined intent"
"Y15","category","Y10-Y34","Poisoning by and exposure to alcohol, undetermined intent"
"Y16","category","Y10-Y34","Poisoning by and exposure to organic solvents and halogenated hydrocarbons and their vapours, undetermined intent"
"Y17","category","Y10-Y34","Poisoning by and exposure to carbon monoxide and other gases and vapours, undetermined intent"
"Y17.0","category","Y17","Poisoning by and exposure to carbon monoxide from combustion engine exhaust, undetermined intent"
"Y17.1","category","Y17","Poisoning by and exposure to carbon monoxide from utility gas, undetermined intent"
"Y17.2","category","Y17","Poisoning by and exposure to carbon monoxide from other domestic fuels, undetermined intent"
"Y17.3","category","Y17","Poisoning by and exposure to carbon monoxide from other sources, undetermined intent"
"Y17.4","category","Y17","Poisoning by and exposure to carbon monoxide from unspecified sources, undetermined intent"
"Y17.8","category","Y17","Poisoning by and exposure to other specified gases and vapours, undetermined intent"
"Y17.9","category","Y17","Poisoning by and exposure to unspecified gases and vapours, undetermined intent"
"Y18","category","Y10-Y34","Poisoning by and exposure to pesticides, undetermined intent"
"Y19","category","Y10-Y34","Poisoning by and exposure to other and unspecified chemicals and noxious substances, undetermined intent"
"Y20","category","Y10-Y34","Hanging, strangulation and suffocation, undetermined intent"
"Y21","category","Y10-Y34","Drowning and submersion, undetermined intent"
"Y22","category","Y10-Y34","Handgun discharge, undetermined intent"
"Y23","category","Y10-Y34","Rifle, shotgun and larger firearm discharge, undetermined intent"
"Y24","category","Y10-Y34","Other and unspecified firearm discharge, undetermined intent"
"Y25","category","Y10-Y34","Contact with explosive material, undetermined intent"
"Y26","category","Y10-Y34","Exposure to smoke, fire and flames, undetermined intent"
"Y27","category","Y10-Y34","Contact with steam, hot vapours and hot objects, undetermined intent"
"Y28","category","Y10-Y34","Contact with sharp object, undetermined intent"
"Y29","category","Y10-Y34","Contact with blunt object, undetermined intent"
"Y30","category","Y10-Y34","Falling, jumping or pushed from a high place, undetermined intent"
"Y31","category","Y10-Y34","Falling, lying or running before or into moving object, undetermined intent"
"Y32","category","Y10-Y34","Crashing of motor vehicle, undetermined intent"
"Y33","category","Y10-Y34","Other specified events, undetermined intent"
"Y34","category","Y10-Y34","Unspecified event, undetermined intent"
"Y35-Y36","block","XX","Legal intervention and operations of war"
"Y35","category","Y35-Y36","Legal intervention"
"Y35.0","category","Y35","Legal intervention involving firearm discharge"
"Y35.1","category","Y35","Legal intervention involving explosives"
"Y35.2","category","Y35","Legal intervention involving gas"
"Y35.3","category","Y35","Legal intervention involving blunt objects"
"Y35.4","category","Y35","Legal intervention involving sharp objects"
"Y35.5","category","Y35","Legal execution"
"Y35.6","category","Y35","Legal intervention involving other specified means"
"Y35.7","category","Y35","Legal intervention, means unspecified"
"Y36","category","Y35-Y36","Operations of war"
"Y36.0","category","Y36","War operations involving explosion of marine weapons"
"Y36.1","category","Y36","War operations involving destruction of aircraft"
"Y36.2","category","Y36","War operations involving other explosions and fragments"
"Y36.3","category","Y36","War operations involving fires, conflagrations and hot substances"
"Y36.4","category","Y36","War operations involving firearm discharge and other forms of conventional warfare"
"Y36.5","category","Y36","War operations involving nuclear weapons"
"Y36.6","category","Y36","War operations involving biological weapons"
"Y36.7","category","Y36","War operations involving chemical weapons and other forms of unconventional warfare"
"Y36.8","category","Y36","War operations occurring after cessation of hostilities"
"Y36.9","category","Y36","War operations, unspecified"
"Y40-Y84","block","XX","Complications of medical and surgical care"
"Y40-Y59","block","Y40-Y84","Drugs, medicaments and biological substances causing adverse effects in therapeutic use"
"Y40","category","Y40-Y59","Systemic antibiotics"
"Y40.0","category","Y40","Penicillins"
"Y40.1","category","Y40","Cefalosporins and other beta-lactam antibiotics"
"Y40.2","category","Y40","Chloramphenicol group"
"Y40.3","category","Y40","Macrolides"
"Y40.4","category","Y40","Tetracyclines"
"Y40.5","category","Y40","Aminoglycosides"
"Y40.6","category","Y40","Rifamycins"
"Y40.7","category","Y40","Antifungal antibiotics, systemically used"
"Y40.8","category","Y40","Other systemic antibiotics"
"Y40.9","category","Y40","Systemic antibiotic, unspecified"
"Y41","category","Y40-Y59","Other systemic anti-infectives and antiparasitics"
"Y41.0","category","Y41","Sulfonamides"
"Y41.1","category","Y41","Antimycobacterial drugs"
"Y41.2","category","Y41","Antimalarials and drugs acting on other blood protozoa"
"Y41.3","category","Y41","Other antiprotozoal drugs"
"Y41.4","category","Y41","Anthelminthics"
"Y41.5","category","Y41","Antiviral drugs"
"Y41.8","category","Y41","Other specified systemic anti-infectives and antiparasitics"
"Y41.9","category","Y41","Systemic anti-infective and antiparasitic, unspecified"
"Y42","category","Y40-Y59","Hormones and their synthetic substitutes and antagonists, not elsewhere classified"
"Y42.0","category","Y42","Glucocorticoids and synthetic analogues"
"Y42.1","category","Y42","Thyroid hormones and substitutes"
"Y42.2","category","Y42","Antithyroid drugs"
"Y42.3","category","Y42","Insulin and oral hypoglycaemic [antidiabetic] drugs"
"Y42.4","category","Y42","Oral contraceptives"
"Y42.5","category","Y42","Other estrogens and progestogens"
"Y42.6","category","Y42","Antigonadotrophins, antiestrogens, antiandrogens, not elsewhere classified"
"Y42.7","category","Y42","Androgens and anabolic congeners"
"Y42.8","category","Y42","Other and unspecified hormones and their synthetic substitutes"
"Y42.9","category","Y42","Other and unspecified hormone antagonists"
"Y43","category","Y40-Y59","Primarily systemic agents"
"Y43.0","category","Y43","Antiallergic and antiemetic drugs"
"Y43.1","category","Y43","Antineoplastic antimetabolites"
"Y43.2","category","Y43","Antineoplastic natural products"
"Y43.3","category","Y43","Other antineoplastic drugs"
"Y43.4","category","Y43","Immunosuppressive agents"
"Y43.5","category","Y43","Acidifying and alkalizing agents"
"Y43.6","category","Y43","Enzymes, not elsewhere classified"
"Y43.8","category","Y43","Other primarily systemic agents, not elsewhere classified"
"Y43.9","category","Y43","Primarily systemic agent, unspecified"
"Y44","category","Y40-Y59","Agents primarily affecting blood constituents"
"Y44.0","category","Y44","Iron preparations and other anti-hypochromic-anaemia preparations"
"Y44.1","category","Y44","Vitamin B 12 , folic acid and other anti-megaloblastic-anaemia preparations"
"Y44.2","category","Y44","Anticoagulants"
"Y44.3","category","Y44","Anticoagulant antagonists, vitamin K and other coagulants"
"Y44.4","category","Y44","Antithrombotic drugs [platelet-aggregation inhibitors]"
"Y44.5","category","Y44","Thrombolytic drugs"
"Y44.6","category","Y44","Natural blood and blood products"
"Y44.7","category","Y44","Plasma substitutes"
"Y44.9","category","Y44","Other and unspecified agents affecting blood constituents"
"Y45","category","Y40-Y59","Analgesics, antipyretics and anti-inflammatory drugs"
"Y45.0","category","Y45","Opioids and related analgesics"
"Y45.1","category","Y45","Salicylates"
"Y45.2","category","Y45","Propionic acid derivatives"
"Y45.3","category","Y45","Other nonsteroidal anti-inflammatory drugs [NSAID]"
"Y45.4","category","Y45","Antirheumatics"
"Y45.5","category","Y45","4-Aminophenol derivatives"
"Y45.8","category","Y45","Other analgesics and antipyretics"
"Y45.9","category","Y45","Analgesic, antipyretic and anti-inflammatory drug, unspecified"
"Y46","category","Y40-Y59","Antiepileptics and antiparkinsonism drugs"
"Y46.0","category","Y46","Succinimides"
"Y46.1","category","Y46","Oxazolidinediones"
"Y46.2","category","Y46","Hydantoin derivatives"
"Y46.3","category","Y46","Deoxybarbiturates"
"Y46.4","category","Y46","Iminostilbenes"
"Y46.5","category","Y46","Valproic acid"
"Y46.6","category","Y46","Other and unspecified antiepileptics"
"Y46.7","category","Y46","Antiparkinsonism drugs"
"Y46.8","category","Y46","Antispasticity drugs"
"Y47","category","Y40-Y59","Sedatives, hypnotics and antianxiety drugs"
"Y47.0","category","Y47","Barbiturates, not elsewhere classified"
"Y47.1","category","Y47","Benzodiazepines"
"Y47.2","category","Y47","Cloral derivatives"
"Y47.3","category","Y47","Paraldehyde"
"Y47.4","category","Y47","Bromine compounds"
"Y47.5","category","Y47","Mixed sedatives and hypnotics, not elsewhere classified"
"Y47.8","category","Y47","Other sedatives, hypnotics and antianxiety drugs"
"Y47.9","category","Y47","Sedative, hypnotic and antianxiety drug, unspecified"
"Y48","category","Y40-Y59","Anaesthetics and therapeutic gases"
"Y48.0","category","Y48","Inhaled anaesthetics"
"Y48.1","category","Y48","Parenteral anaesthetics"
"Y48.2","category","Y48","Other and unspecified general anaesthetics"
"Y48.3","category","Y48","Local anaesthetics"
"Y48.4","category","Y48","Anaesthetic, unspecified"
"Y48.5","category","Y48","Therapeutic gases"
"Y49","category","Y40-Y59","Psychotropic drugs, not elsewhere classified"
"Y49.0","category","Y49","Tricyclic and tetracyclic antidepressants"
"Y49.1","category","Y49","Monoamine-oxidase-inhibitor antidepressants"
"Y49.2","category","Y49","Other and unspecified antidepressants"
"Y49.3","category","Y49","Phenothiazine antipsychotics and neuroleptics"
"Y49.4","category","Y49","Butyrophenone and thioxanthene neuroleptics"
"Y49.5","category","Y49","Other antipsychotics and neuroleptics"
"Y49.6","category","Y49","Psychodysleptics [hallucinogens]"
"Y49.7","category","Y49","Psychostimulants with abuse potential"
"Y49.8","category","Y49","Other psychotropic drugs, not elsewhere classified"
"Y49.9","category","Y49","Psychotropic drug, unspecified"
"Y50","category","Y40-Y59","Central nervous system stimulants, not elsewhere classified"
"Y50.0","category","Y50","Analeptics"
"Y50.1","category","Y50","Opioid receptor antagonists"
"Y50.2","category","Y50","Methylxanthines, not elsewhere classified"
"Y50.8","category","Y50","Other central nervous system stimulants"
"Y50.9","category","Y50","Central nervous system stimulant, unspecified"
"Y51","category","Y40-Y59","Drugs primarily affecting the autonomic nervous system"
"Y51.0","category","Y51","Anticholinesterase agents"
"Y51.1","category","Y51","Other parasympathomimetics [cholinergics]"
"Y51.2","category","Y51","Ganglionic blocking drugs, not elsewhere classified"
"Y51.3","category","Y51","Other parasympatholytics [anticholinergics and antimuscarinics] and spasmolytics, not elsewhere classified"
"Y51.4","category","Y51","Predominantly alpha-adrenoreceptor agonists, not elsewhere classified"
"Y51.5","category","Y51","Predominantly beta-adrenoreceptor agonists, not elsewhere classified"
"Y51.6","category","Y51","Alpha-adrenoreceptor antagonists, not elsewhere classified"
"Y51.7","category","Y51","Beta-adrenoreceptor antagonists, not elsewhere classified"
"Y51.8","category","Y51","Centrally acting and adrenergic-neuron-blocking agents, not elsewhere classified"
"Y51.9","category","Y51","Other and unspecified drugs primarily affecting the autonomic nervous system"
"Y52","category","Y40-Y59","Agents primarily affecting the cardiovascular system"
"Y52.0","category","Y52","Cardiac-stimulant glycosides and drugs of similar action"
"Y52.1","category","Y52","Calcium-channel blockers"
"Y52.2","category","Y52","Other antidysrhythmic drugs, not elsewhere classified"
"Y52.3","category","Y52","Coronary vasodilators, not elsewhere classified"
"Y52.4","category","Y52","Angiotensin-converting-enzyme inhibitors"
"Y52.5","category","Y52","Other antihypertensive drugs, not elsewhere classified"
"Y52.6","category","Y52","Antihyperlipidaemic and antiarteriosclerotic drugs"
"Y52.7","category","Y52","Peripheral vasodilators"
"Y52.8","category","Y52","Antivaricose drugs, including sclerosing agents"
"Y52.9","category","Y52","Other and unspecified agents primarily affecting the cardiovascular system"
"Y53","category","Y40-Y59","Agents primarily affecting the gastrointestinal system"
"Y53.0","category","Y53","Histamine H 2 -receptor antagonists"
"Y53.1","category","Y53","Other antacids and anti-gastric-secretion drugs"
"Y53.2","category","Y53","Stimulant laxatives"
"Y53.3","category","Y53","Saline and osmotic laxatives"
"Y53.4","category","Y53","Other laxatives"
"Y53.5","category","Y53","Digestants"
"Y53.6","category","Y53","Antidiarrhoeal drugs"
"Y53.7","category","Y53","Emetics"
"Y53.8","category","Y53","Other agents primarily affecting the gastrointestinal system"
"Y53.9","category","Y53","Agent primarily affecting the gastrointestinal system, unspecified"
"Y54","category","Y40-Y59","Agents primarily affecting water-balance and mineral and uric acid metabolism"
"Y54.0","category","Y54","Mineralocorticoids"
"Y54.1","category","Y54","Mineralocorticoid antagonists [aldosterone antagonists]"
"Y54.2","category","Y54","Carbonic-anhydrase inhibitors"
"Y54.3","category","Y54","Benzothiadiazine derivatives"
"Y54.4","category","Y54","Loop [high-ceiling] diuretics"
"Y54.5","category","Y54","Other diuretics"
"Y54.6","category","Y54","Electrolytic, caloric and water-balance agents"
"Y54.7","category","Y54","Agents affecting calcification"
"Y54.8","category","Y54","Agents affecting uric acid metabolism"
"Y54.9","category","Y54","Mineral salts, not elsewhere classified"
"Y55","category","Y40-Y59","Agents primarily acting on smooth and skeletal muscles and the respiratory system"
"Y55.0","category","Y55","Oxytocic drugs"
"Y55.1","category","Y55","Skeletal muscle relaxants [neuromuscular blocking agents]"
"Y55.2","category","Y55","Other and unspecified agents primarily acting on muscles"
"Y55.3","category","Y55","Antitussives"
"Y55.4","category","Y55","Expectorants"
"Y55.5","category","Y55","Anti-common-cold drugs"
"Y55.6","category","Y55","Antiasthmatics, not elsewhere classified"
"Y55.7","category","Y55","Other and unspecified agents primarily acting on the respiratory system"
"Y56","category","Y40-Y59","Topical agents primarily affecting skin and mucous membrane and ophthalmological, otorhinolaryngological and dental drugs"
"Y56.0","category","Y56","Local antifungal, anti-infective and anti-inflammatory drugs, not elsewhere classified"
"Y56.1","category","Y56","Antipruritics"
"Y56.2","category","Y56","Local astringents and local detergents"
"Y56.3","category","Y56","Emollients, demulcents and protectants"
"Y56.4","category","Y56","Keratolytics, keratoplastics and other hair treatment drugs and preparations"
"Y56.5","category","Y56","Ophthalmological drugs and preparations"
"Y56.6","category","Y56","Otorhinolaryngological drugs and preparations"
"Y56.7","category","Y56","Dental drugs, topically applied"
"Y56.8","category","Y56","Other topical agents"
"Y56.9","category","Y56","Topical agent, unspecified"
"Y57","category","Y40-Y59","Other and unspecified drugs and medicaments"
"Y57.0","category","Y57","Appetite depressants [anorectics]"
"Y57.1","category","Y57","Lipotropic drugs"
"Y57.2","category","Y57","Antidotes and chelating agents, not elsewhere classified"
"Y57.3","category","Y57","Alcohol deterrents"
"Y57.4","category","Y57","Pharmaceutical excipients"
"Y57.5","category","Y57","X-ray contrast media"
"Y57.6","category","Y57","Other diagnostic agents"
"Y57.7","category","Y57","Vitamins, not elsewhere classified"
"Y57.8","category","Y57","Other drugs and medicaments"
"Y57.9","category","Y57","Drug or medicament, unspecified"
"Y58","category","Y40-Y59","Bacterial vaccines"
"Y58.0","category","Y58","BCG vaccine"
"Y58.1","category","Y58","Typhoid and paratyphoid vaccine"
"Y58.2","category","Y58","Cholera vaccine"
"Y58.3","category","Y58","Plague vaccine"
"Y58.4","category","Y58","Tetanus vaccine"
"Y58.5","category","Y58","Diphtheria vaccine"
"Y58.6","category","Y58","Pertussis vaccine, including combinations with a pertussis component"
"Y58.8","category","Y58","Mixed bacterial vaccines, except combinations with a pertussis component"
"Y58.9","category","Y58","Other and unspecified bacterial vaccines"
"Y59","category","Y40-Y59","Other and unspecified vaccines and biological substances"
"Y59.0","category","Y59","Viral vaccines"
"Y59.1","category","Y59","Rickettsial vaccines"
"Y59.2","category","Y59","Protozoal vaccines"
"Y59.3","category","Y59","Immunoglobulin"
"Y59.8","category","Y59","Other specified vaccines and biological substances"
"Y59.9","category","Y59","Vaccine or biological substance, unspecified"
"Y60-Y69","block","Y40-Y84","Misadventures to patients during surgical and medical care"
"Y60","category","Y60-Y69","Unintentional cut, puncture, perforation or haemorrhage during surgical and medical care"
"Y60.0","category","Y60","During surgical operation"
"Y60.1","category","Y60","During infusion or transfusion"
"Y60.2","category","Y60","During kidney dialysis or other perfusion"
"Y60.3","category","Y60","During injection or immunization"
"Y60.4","category","Y60","During endoscopic examination"
"Y60.5","category","Y60","During heart catheterization"
"Y60.6","category","Y60","During aspiration, puncture and other catheterization"
"Y60.7","category","Y60","During administration of enema"
"Y60.8","category","Y60","During other surgical and medical care"
"Y60.9","category","Y60","During unspecified surgical and medical care"
"Y61","category","Y60-Y69","Foreign object accidentally left in body during surgical and medical care"
"Y61.0","category","Y61","During surgical operation"
"Y61.1","category","Y61","During infusion or transfusion"
"Y61.2","category","Y61","During kidney dialysis or other perfusion"
"Y61.3","category","Y61","During injection or immunization"
"Y61.4","category","Y61","During endoscopic examination"
"Y61.5","category","Y61","During heart catheterization"
"Y61.6","category","Y61","During aspiration, puncture and other catheterization"
"Y61.7","category","Y61","During removal of catheter or packing"
"Y61.8","category","Y61","During other surgical and medical care"
"Y61.9","category","Y61","During unspecified surgical and medical care"
"Y62","category","Y60-Y69","Failure of sterile precautions during surgical and medical care"
"Y62.0","category","Y62","During surgical operation"
"Y62.1","category","Y62","During infusion or transfusion"
"Y62.2","category","Y62","During kidney dialysis or other perfusion"
"Y62.3","category","Y62","During injection or immunization"
"Y62.4","category","Y62","During endoscopic examination"
"Y62.5","category","Y62","During heart catheterization"
"Y62.6","category","Y62","During aspiration, puncture and other catheterization"
"Y62.8","category","Y62","During other surgical and medical care"
"Y62.9","category","Y62","During unspecified surgical and medical care"
"Y63","category","Y60-Y69","Failure in dosage during surgical and medical care"
"Y63.0","category","Y63","Excessive amount of blood or other fluid given during transfusion or infusion"
"Y63.1","category","Y63","Incorrect dilution of fluid used during infusion"
"Y63.2","category","Y63","Overdose of radiation given during therapy"
"Y63.3","category","Y63","Inadvertent exposure of patient to radiation during medical care"
"Y63.4","category","Y63","Failure in dosage in electroshock or insulin-shock therapy"
"Y63.5","category","Y63","Inappropriate temperature in local application and packing"
"Y63.6","category","Y63","Nonadministration of necessary drug, medicament or biological substance"
"Y63.8","category","Y63","Failure in dosage during other surgical and medical care"
"Y63.9","category","Y63","Failure in dosage during unspecified surgical and medical care"
"Y64","category","Y60-Y69","Contaminated medical or biological substances"
"Y64.0","category","Y64","Contaminated medical or biological substance, transfused or infused"
"Y64.1","category","Y64","Contaminated medical or biological substance, injected or used for immunization"
"Y64.8","category","Y64","Contaminated medical or biological substance administered by other means"
"Y64.9","category","Y64","Contaminated medical or biological substance administered by unspecified means"
"Y65","category","Y60-Y69","Other misadventures during surgical and medical care"
"Y65.0","category","Y65","Mismatched blood used in transfusion"
"Y65.1","category","Y65","Wrong fluid used in infusion"
"Y65.2","category","Y65","Failure in suture or ligature during surgical operation"
"Y65.3","category","Y65","Endotracheal tube wrongly placed during anaesthetic procedure"
"Y65.4","category","Y65","Failure to introduce or to remove other tube or instrument"
"Y65.5","category","Y65","Performance of inappropriate operation"
"Y65.8","category","Y65","Other specified misadventures during surgical and medical care"
"Y66","category","Y60-Y69","Nonadministration of surgical and medical care"
"Y69","category","Y60-Y69","Unspecified misadventure during surgical and medical care"
"Y70-Y82","block","Y40-Y84","Medical devices associated with adverse incidents in diagnostic and therapeutic use"
"Y70","category","Y70-Y82","Anaesthesiology devices associated with adverse incidents"
"Y71","category","Y70-Y82","Cardiovascular devices associated with adverse incidents"
"Y72","category","Y70-Y82","Otorhinolaryngological devices associated with adverse incidents"
"Y73","category","Y70-Y82","Gastroenterology and urology devices associated with adverse incidents"
"Y74","category","Y70-Y82","General hospital and personal-use devices associated with adverse incidents"
"Y75","category","Y70-Y82","Neurological devices associated with adverse incidents"
"Y76","category","Y70-Y82","Obstetric and gynaecological devices associated with adverse incidents"
"Y77","category","Y70-Y82","Ophthalmic devices associated with adverse incidents"
"Y78","category","Y70-Y82","Radiological devices associated with adverse incidents"
"Y79","category","Y70-Y82","Orthopaedic devices associated with adverse incidents"
"Y80","category","Y70-Y82","Physical medicine devices associated with adverse incidents"
"Y81","category","Y70-Y82","General- and plastic-surgery devices associated with adverse incidents"
"Y82","category","Y70-Y82","Other and unspecified medical devices associated with adverse incidents"
"Y83-Y84","block","Y40-Y84","Surgical and other medical procedures as the cause of abnormal reaction of the patient, or of later complication, without mention of misadventure at the time of the procedure"
"Y83","category","Y83-Y84","Surgical operation and other surgical procedures as the cause of abnormal reaction of the patient, or of later complication, without mention of misadventure at the time of the procedure"
"Y83.0","category","Y83","Surgical operation with transplant of whole organ"
"Y83.1","category","Y83","Surgical operation with implant of artificial internal device"
"Y83.2","category","Y83","Surgical operation with anastomosis, bypass or graft"
"Y83.3","category","Y83","Surgical operation with formation of external stoma"
"Y83.4","category","Y83","Other reconstructive surgery"
"Y83.5","category","Y83","Amputation of limb(s)"
"Y83.6","category","Y83","Removal of other organ (partial) (total)"
"Y83.8","category","Y83","Other surgical procedures"
"Y83.9","category","Y83","Surgical procedure, unspecified"
"Y84","category","Y83-Y84","Other medical procedures as the cause of abnormal reaction of the patient, or of later complication, without mention of misadventure at the time of the procedure"
"Y84.0","category","Y84","Cardiac catheterization"
"Y84.1","category","Y84","Kidney dialysis"
"Y84.2","category","Y84","Radiological procedure and radiotherapy"
"Y84.3","category","Y84","Shock therapy"
"Y84.4","category","Y84","Aspiration of fluid"
"Y84.5","category","Y84","Insertion of gastric or duodenal sound"
"Y84.6","category","Y84","Urinary catheterization"
"Y84.7","category","Y84","Blood-sampling"
"Y84.8","category","Y84","Other medical procedures"
"Y84.9","category","Y84","Medical procedure, unspecified"
"Y85-Y89","block","XX","Sequelae of external causes of morbidity and mortality"
"Y85","category","Y85-Y89","Sequelae of transport accidents"
"Y85.0","category","Y85","Sequelae of motor-vehicle accident"
"Y85.9","category","Y85","Sequelae of other and unspecified transport accidents"
"Y86","category","Y85-Y89","Sequelae of other accidents"
"Y87","category","Y85-Y89","Sequelae of intentional self-harm, assault and events of undetermined intent"
"Y87.0","category","Y87","Sequelae of intentional self-harm"
"Y87.1","category","Y87","Sequelae of assault"
"Y87.2","category","Y87","Sequelae of events of undetermined intent"
"Y88","category","Y85-Y89","Sequelae with surgical and medical care as external cause"
"Y88.0","category","Y88","Sequelae of adverse effects caused by drugs, medicaments and biological substances in therapeutic use"
"Y88.1","category","Y88","Sequelae of misadventures to patients during surgical and medical procedures"
"Y88.2","category","Y88","Sequelae of adverse incidents associated with medical devices in diagnostic and therapeutic use"
"Y88.3","category","Y88","Sequelae of surgical and medical procedures as the cause of abnormal reaction of the patient, or of later complication, without mention of misadventure at the time of the procedure"
"Y89","category","Y85-Y89","Sequelae of other external causes"
"Y89.0","category","Y89","Sequelae of legal intervention"
"Y89.1","category","Y89","Sequelae of war operations"
"Y89.9","category","Y89","Sequelae of unspecified external cause"
"Y90-Y98","block","XX","Supplementary factors related to causes of morbidity and mortality classified elsewhere"
"Y90","category","Y90-Y98","Evidence of alcohol involvement determined by blood alcohol level"
"Y90.0","category","Y90","Blood alcohol level of less than 20 mg/100 ml"
"Y90.1","category","Y90","Blood alcohol level of 20-39 mg/100 ml"
"Y90.2","category","Y90","Blood alcohol level of 40-59 mg/100 ml"
"Y90.3","category","Y90","Blood alcohol level of 60-79 mg/100 ml"
"Y90.4","category","Y90","Blood alcohol level of 80-99 mg/100 ml"
"Y90.5","category","Y90","Blood alcohol level of 100-119 mg/100 ml"
"Y90.6","category","Y90","Blood alcohol level of 120-199 mg/100 ml"
"Y90.7","category","Y90","Blood alcohol level of 200-239 mg/100 ml"
"Y90.8","category","Y90","Blood alcohol level of 240 mg/100 ml or more"
"Y90.9","category","Y90","Presence of alcohol in blood, level not specified"
"Y91","category","Y90-Y98","Evidence of alcohol involvement determined by level of intoxication"
"Y91.0","category","Y91","Mild alcohol intoxication"
"Y91.1","category","Y91","Moderate alcohol intoxication"
"Y91.2","category","Y91","Severe alcohol intoxication"
"Y91.3","category","Y91","Very severe alcohol intoxication"
"Y91.9","category","Y91","Alcohol involvement, not otherwise specified"
"Y95","category","Y90-Y98","Nosocomial condition"
"Y96","category","Y90-Y98","Work-related condition"
"Y97","category","Y90-Y98","Environmental-pollution-related condition"
"Y98","category","Y90-Y98","Lifestyle-related condition"
"XXI","chapter","","Factors influencing health status and contact with health services"
"Z00-Z13","block","XXI","Persons encountering health services for examination and investigation"
"Z00","category","Z00-Z13","General examination and investigation of persons without complaint and reported diagnosis"
"Z00.0","category","Z00","General medical examination"
"Z00.1","category","Z00","Routine child health examination"
"Z00.2","category","Z00","Examination for period of rapid growth in childhood"
"Z00.3","category","Z00","Examination for adolescent development state"
"Z00.4","category","Z00","General psychiatric examination, not elsewhere classified"
"Z00.5","category","Z00","Examination of potential donor of organ and tissue"
"Z00.6","category","Z00","Examination for normal comparison and control in clinical research programme"
"Z00.8","category","Z00","Other general examinations"
"Z01","category","Z00-Z13","Other special examinations and investigations of persons without complaint or reported diagnosis"
"Z01.0","category","Z01","Examination of eyes and vision"
"Z01.1","category","Z01","Examination of ears and hearing"
"Z01.2","category","Z01","Dental examination"
"Z01.3","category","Z01","Examination of blood pressure"
"Z01.4","category","Z01","Gynaecological examination (general)(routine)"
"Z01.5","category","Z01","Diagnostic skin and sensitization tests"
"Z01.6","category","Z01","Radiological examination, not elsewhere classified"
"Z01.7","category","Z01","Laboratory examination"
"Z01.8","category","Z01","Other specified special examinations"
"Z01.9","category","Z01","Special examination, unspecified"
"Z02","category","Z00-Z13","Examination and encounter for administrative purposes"
"Z02.0","category","Z02","Examination for admission to educational institution"
"Z02.1","category","Z02","Pre-employment examination"
"Z02.2","category","Z02","Examination for admission to residential institutions"
"Z02.3","category","Z02","Examination for recruitment to armed forces"
"Z02.4","category","Z02","Examination for driving licence"
"Z02.5","category","Z02","Examination for participation in sport"
"Z02.6","category","Z02","Examination for insurance purposes"
"Z02.7","category","Z02","Issue of medical certificate"
"Z02.8","category","Z02","Other examinations for administrative purposes"
"Z02.9","category","Z02","Examination for administrative purposes, unspecified"
"Z03","category","Z00-Z13","Medical observation and evaluation for suspected diseases and conditions, ruled out"
"Z03.0","category","Z03","Observation for suspected tuberculosis"
"Z03.1","category","Z03","Observation for suspected malignant neoplasm"
"Z03.2","category","Z03","Observation for suspected mental and behavioural disorders"
"Z03.3","category","Z03","Observation for suspected nervous system disorder"
"Z03.4","category","Z03","Observation for suspected myocardial infarction"
"Z03.5","category","Z03","Observation for other suspected cardiovascular diseases"
"Z03.6","category","Z03","Observation for suspected toxic effect from ingested substance"
"Z03.8","category","Z03","Observation for other suspected diseases and conditions"
"Z03.9","category","Z03","Observation for suspected disease or condition, unspecified"
"Z04","category","Z00-Z13","Examination and observation for other reasons"
"Z04.0","category","Z04","Blood-alcohol and blood-drug test"
"Z04.1","category","Z04","Examination and observation following transport accident"
"Z04.2","category","Z04","Examination and observation following work accident"
"Z04.3","category","Z04","Examination and observation following other accident"
"Z04.4","category","Z04","Examination and observation following alleged rape and seduction"
"Z04.5","category","Z04","Examination and observation following other inflicted injury"
"Z04.6","category","Z04","General psychiatric examination, requested by authority"
"Z04.8","category","Z04","Examination and observation for other specified reasons"
"Z04.9","category","Z04","Examination and observation for unspecified reason"
"Z08","category","Z00-Z13","Follow-up examination after treatment for malignant neoplasms"
"Z08.0","category","Z08","Follow-up examination after surgery for malignant neoplasm"
"Z08.1","category","Z08","Follow-up examination after radiotherapy for malignant neoplasm"
"Z08.2","category","Z08","Follow-up examination after chemotherapy for malignant neoplasm"
"Z08.7","category","Z08","Follow-up examination after combined treatment for malignant neoplasm"
"Z08.8","category","Z08","Follow-up examination after other treatment for malignant neoplasm"
"Z08.9","category","Z08","Follow-up examination after unspecified treatment for malignant neoplasm"
"Z09","category","Z00-Z13","Follow-up examination after treatment for conditions other than malignant neoplasms"
"Z09.0","category","Z09","Follow-up examination after surgery for other conditions"
"Z09.1","category","Z09","Follow-up examination after radiotherapy for other conditions"
"Z09.2","category","Z09","Follow-up examination after chemotherapy for other conditions"
"Z09.3","category","Z09","Follow-up examination after psychotherapy"
"Z09.4","category","Z09","Follow-up examination after treatment of fracture"
"Z09.7","category","Z09","Follow-up examination after combined treatment for other conditions"
"Z09.8","category","Z09","Follow-up examination after other treatment for other conditions"
"Z09.9","category","Z09","Follow-up examination after unspecified treatment for other conditions"
"Z10","category","Z00-Z13","Routine general health check-up of defined subpopulation"
"Z10.0","category","Z10","Occupational health examination"
"Z10.1","category","Z10","Routine general health check-up of inhabitants of institutions"
"Z10.2","category","Z10","Routine general health check-up of armed forces"
"Z10.3","category","Z10","Routine general health check-up of sports teams"
"Z10.8","category","Z10","Routine general health check-up of other defined subpopulations"
"Z11","category","Z00-Z13","Special screening examination for infectious and parasitic diseases"
"Z11.0","category","Z11","Special screening examination for intestinal infectious diseases"
"Z11.1","category","Z11","Special screening examination for respiratory tuberculosis"
"Z11.2","category","Z11","Special screening examination for other bacterial diseases"
"Z11.3","category","Z11","Special screening examination for infections with a predominantly sexual mode of transmission"
"Z11.4","category","Z11","Special screening examination for human immunodeficiency virus [HIV]"
"Z11.5","category","Z11","Special screening examination for other viral diseases"
"Z11.6","category","Z11","Special screening examination for other protozoal diseases and helminthiases"
"Z11.8","category","Z11","Special screening examination for other infectious and parasitic diseases"
"Z11.9","category","Z11","Special screening examination for infectious and parasitic diseases, unspecified"
"Z12","category","Z00-Z13","Special screening examination for neoplasms"
"Z12.0","category","Z12","Special screening examination for neoplasm of stomach"
"Z12.1","category","Z12","Special screening examination for neoplasm of intestinal tract"
"Z12.2","category","Z12","Special screening examination for neoplasm of respiratory organs"
"Z12.3","category","Z12","Special screening examination for neoplasm of breast"
"Z12.4","category","Z12","Special screening examination for neoplasm of cervix"
"Z12.5","category","Z12","Special screening examination for neoplasm of prostate"
"Z12.6","category","Z12","Special screening examination for neoplasm of bladder"
"Z12.8","category","Z12","Special screening examination for neoplasms of other sites"
"Z12.9","category","Z12","Special screening examination for neoplasm, unspecified"
"Z13","category","Z00-Z13","Special screening examination for other diseases and disorders"
"Z13.0","category","Z13","Special screening examination for diseases of the blood and blood-forming organs and certain disorders involving the immune mechanism"
"Z13.1","category","Z13","Special screening examination for diabetes mellitus"
"Z13.2","category","Z13","Special screening examination for nutritional disorders"
"Z13.3","category","Z13","Special screening examination for mental and behavioural disorders"
"Z13.4","category","Z13","Special screening examination for certain developmental disorders in childhood"
"Z13.5","category","Z13","Special screening examination for eye and ear disorders"
"Z13.6","category","Z13","Special screening examination for cardiovascular disorders"
"Z13.7","category","Z13","Special screening examination for congenital malformations, deformations and chromosomal abnormalities"
"Z13.8","category","Z13","Special screening examination for other specified diseases and disorders"
"Z13.9","category","Z13","Special screening examination, unspecified"
"Z20-Z29","block","XXI","Persons with potential health hazards related to communicable diseases"
"Z20","category","Z20-Z29","Contact with and exposure to communicable diseases"
"Z20.0","category","Z20","Contact with and exposure to intestinal infectious diseases"
"Z20.1","category","Z20","Contact with and exposure to tuberculosis"
"Z20.2","category","Z20","Contact with and exposure to infections with a predominantly sexual mode of transmission"
"Z20.3","category","Z20","Contact with and exposure to rabies"
"Z20.4","category","Z20","Contact with and exposure to rubella"
"Z20.5","category","Z20","Contact with and exposure to viral hepatitis"
"Z20.6","category","Z20","Contact with and exposure to human immunodeficiency virus [HIV]"
"Z20.7","category","Z20","Contact with and exposure to pediculosis, acariasis and other infestations"
"Z20.8","category","Z20","Contact with and exposure to other communicable diseases"
"Z20.9","category","Z20","Contact with and exposure to unspecified communicable disease"
"Z21","category","Z20-Z29","Asymptomatic human immunodeficiency virus [HIV] infection status"
"Z22","category","Z20-Z29","Carrier of infectious disease"
"Z22.0","category","Z22","Carrier of typhoid"
"Z22.1","category","Z22","Carrier of other intestinal infectious diseases"
"Z22.2","category","Z22","Carrier of diphtheria"
"Z22.3","category","Z22","Carrier of other specified bacterial diseases"
"Z22.4","category","Z22","Carrier of infections with a predominantly sexual mode of transmission"
"Z22.6","category","Z22","Carrier of human T-lymphotropic virus type- 1 [HTLV-1] infection"
"Z22.7","category","Z22","Latent tuberculosis"
"Z22.8","category","Z22","Carrier of other infectious diseases"
"Z22.9","category","Z22","Carrier of infectious disease, unspecified"
"Z23","category","Z20-Z29","Need for immunization against single bacterial diseases"
"Z23.0","category","Z23","Need for immunization against cholera alone"
"Z23.1","category","Z23","Need for immunization against typhoid-paratyphoid alone [TAB]"
"Z23.2","category","Z23","Need for immunization against tuberculosis [BCG]"
"Z23.3","category","Z23","Need for immunization against plague"
"Z23.4","category","Z23","Need for immunization against tularaemia"
"Z23.5","category","Z23","Need for immunization against tetanus alone"
"Z23.6","category","Z23","Need for immunization against diphtheria alone"
"Z23.7","category","Z23","Need for immunization against pertussis alone"
"Z23.8","category","Z23","Need for immunization against other single bacterial diseases"
"Z24","category","Z20-Z29","Need for immunization against certain single viral diseases"
"Z24.0","category","Z24","Need for immunization against poliomyelitis"
"Z24.1","category","Z24","Need for immunization against arthropod-borne viral encephalitis"
"Z24.2","category","Z24","Need for immunization against rabies"
"Z24.3","category","Z24","Need for immunization against yellow fever"
"Z24.4","category","Z24","Need for immunization against measles alone"
"Z24.5","category","Z24","Need for immunization against rubella alone"
"Z24.6","category","Z24","Need for immunization against viral hepatitis"
"Z25","category","Z20-Z29","Need for immunization against other single viral diseases"
"Z25.0","category","Z25","Need for immunization against mumps alone"
"Z25.1","category","Z25","Need for immunization against influenza"
"Z25.8","category","Z25","Need for immunization against other specified single viral diseases"
"Z26","category","Z20-Z29","Need for immunization against other single infectious diseases"
"Z26.0","category","Z26","Need for immunization against leishmaniasis"
"Z26.8","category","Z26","Need for immunization against other specified single infectious diseases"
"Z26.9","category","Z26","Need for immunization against unspecified infectious disease"
"Z27","category","Z20-Z29","Need for immunization against combinations of infectious diseases"
"Z27.0","category","Z27","Need for immunization against cholera with typhoid-paratyphoid [cholera + TAB]"
"Z27.1","category","Z27","Need for immunization against diphtheria-tetanus-pertussis, combined [DTP]"
"Z27.2","category","Z27","Need for immunization against diphtheria-tetanus-pertussis with typhoid-paratyphoid [DTP + TAB]"
"Z27.3","category","Z27","Need for immunization against diphtheria-tetanus-pertussis with poliomyelitis [DTP + polio]"
"Z27.4","category","Z27","Need for immunization against measles-mumps-rubella [MMR]"
"Z27.8","category","Z27","Need for immunization against other combinations of infectious diseases"
"Z27.9","category","Z27","Need for immunization against unspecified combinations of infectious diseases"
"Z28","category","Z20-Z29","Immunization not carried out"
"Z28.0","category","Z28","Immunization not carried out because of contraindication"
"Z28.1","category","Z28","Immunization not carried out because of patient's decision for reasons of belief or group pressure"
"Z28.2","category","Z28","Immunization not carried out because of patient's decision for other and unspecified reasons"
"Z28.8","category","Z28","Immunization not carried out for other reasons"
"Z28.9","category","Z28","Immunization not carried out for unspecified reason"
"Z29","category","Z20-Z29","Need for other prophylactic measures"
"Z29.0","category","Z29","Isolation"
"Z29.1","category","Z29","Prophylactic immunotherapy"
"Z29.2","category","Z29","Other prophylactic chemotherapy"
"Z29.8","category","Z29","Other specified prophylactic measures"
"Z29.9","category","Z29","Prophylactic measure, unspecified"
"Z30-Z39","block","XXI","Persons encountering health services in circumstances related to reproduction"
"Z30","category","Z30-Z39","Contraceptive management"
"Z30.0","category","Z30","General counselling and advice on contraception"
"Z30.1","category","Z30","Insertion of (intrauterine) contraceptive device"
"Z30.2","category","Z30","Sterilization"
"Z30.3","category","Z30","Menstrual extraction"
"Z30.4","category","Z30","Surveillance of contraceptive drugs"
"Z30.5","category","Z30","Surveillance of (intrauterine) contraceptive device"
"Z30.8","category","Z30","Other contraceptive management"
"Z30.9","category","Z30","Contraceptive management, unspecified"
"Z31","category","Z30-Z39","Procreative management"
"Z31.0","category","Z31","Tuboplasty or vasoplasty after previous sterilization"
"Z31.1","category","Z31","Artificial insemination"
"Z31.2","category","Z31","In vitro fertilization"
"Z31.3","category","Z31","Other assisted fertilization methods"
"Z31.4","category","Z31","Procreative investigation and testing"
"Z31.5","category","Z31","Genetic counselling"
"Z31.6","category","Z31","General counselling and advice on procreation"
"Z31.8","category","Z31","Other procreative management"
"Z31.9","category","Z31","Procreative management, unspecified"
"Z32","category","Z30-Z39","Pregnancy examination and test"
"Z32.0","category","Z32","Pregnancy, not (yet) confirmed"
"Z32.1","category","Z32","Pregnancy confirmed"
"Z33","category","Z30-Z39","Pregnant state, incidental"
"Z34","category","Z30-Z39","Supervision of normal pregnancy"
"Z34.0","category","Z34","Supervision of normal first pregnancy"
"Z34.8","category","Z34","Supervision of other normal pregnancy"
"Z34.9","category","Z34","Supervision of normal pregnancy, unspecified"
"Z35","category","Z30-Z39","Supervision of high-risk pregnancy"
"Z35.0","category","Z35","Supervision of pregnancy with history of infertility"
"Z35.1","category","Z35","Supervision of pregnancy with history of abortive outcome"
"Z35.2","category","Z35","Supervision of pregnancy with other poor reproductive or obstetric history"
"Z35.3","category","Z35","Supervision of pregnancy with history of insufficient antenatal care"
"Z35.4","category","Z35","Supervision of pregnancy with grand multiparity"
"Z35.5","category","Z35","Supervision of elderly primigravida"
"Z35.6","category","Z35","Supervision of very young primigravida"
"Z35.7","category","Z35","Supervision of high-risk pregnancy due to social problems"
"Z35.8","category","Z35","Supervision of other high-risk pregnancies"
"Z35.9","category","Z35","Supervision of high-risk pregnancy, unspecified"
"Z36","category","Z30-Z39","Antenatal screening"
"Z36.0","category","Z36","Antenatal screening for chromosomal anomalies"
"Z36.1","category","Z36","Antenatal screening for raised alphafetoprotein level"
"Z36.2","category","Z36","Other antenatal screening based on amniocentesis"
"Z36.3","category","Z36","Antenatal screening for malformations using ultrasound and other physical methods"
"Z36.4","category","Z36","Antenatal screening for fetal growth retardation using ultrasound and other physical methods"
"Z36.5","category","Z36","Antenatal screening for isoimmunization"
"Z36.8","category","Z36","Other antenatal screening"
"Z36.9","category","Z36","Antenatal screening, unspecified"
"Z37","category","Z30-Z39","Outcome of delivery"
"Z37.0","category","Z37","Single live birth"
"Z37.1","category","Z37","Single stillbirth"
"Z37.2","category","Z37","Twins, both liveborn"
"Z37.3","category","Z37","Twins, one liveborn and one stillborn"
"Z37.4","category","Z37","Twins, both stillborn"
"Z37.5","category","Z37","Other multiple births, all liveborn"
"Z37.6","category","Z37","Other multiple births, some liveborn"
"Z37.7","category","Z37","Other multiple births, all stillborn"
"Z37.9","category","Z37","Outcome of delivery, unspecified"
"Z38","category","Z30-Z39","Liveborn infants according to place of birth"
"Z38.0","category","Z38","Singleton, born in hospital"
"Z38.1","category","Z38","Singleton, born outside hospital"
"Z38.2","category","Z38","Singleton, unspecified as to place of birth"
"Z38.3","category","Z38","Twin, born in hospital"
"Z38.4","category","Z38","Twin, born outside hospital"
"Z38.5","category","Z38","Twin, unspecified as to place of birth"
"Z38.6","category","Z38","Other multiple, born in hospital"
"Z38.7","category","Z38","Other multiple, born outside hospital"
"Z38.8","category","Z38","Other multiple, unspecified as to place of birth"
"Z39","category","Z30-Z39","Postpartum care and examination"
"Z39.0","category","Z39","Care and examination immediately after delivery"
"Z39.1","category","Z39","Care and examination of lactating mother"
"Z39.2","category","Z39","Routine postpartum follow-up"
"Z40-Z54","block","XXI","Persons encountering health services for specific procedures and health care"
"Z40","category","Z40-Z54","Prophylactic surgery"
"Z40.0","category","Z40","Prophylactic surgery for risk-factors related to malignant neoplasms"
"Z40.8","category","Z40","Other prophylactic surgery"
"Z40.9","category","Z40","Prophylactic surgery, unspecified"
"Z41","category","Z40-Z54","Procedures for purposes other than remedying health state"
"Z41.0","category","Z41","Hair transplant"
"Z41.1","category","Z41","Other plastic surgery for unacceptable cosmetic appearance"
"Z41.2","category","Z41","Routine and ritual circumcision"
"Z41.3","category","Z41","Ear piercing"
"Z41.8","category","Z41","Other procedures for purposes other than remedying health state"
"Z41.9","category","Z41","Procedure for purposes other than remedying health state, unspecified"
"Z42","category","Z40-Z54","Follow-up care involving plastic surgery"
"Z42.0","category","Z42","Follow-up care involving plastic surgery of head and neck"
"Z42.1","category","Z42","Follow-up care involving plastic surgery of breast"
"Z42.2","category","Z42","Follow-up care involving plastic surgery of other parts of trunk"
"Z42.3","category","Z42","Follow-up care involving plastic surgery of upper extremity"
"Z42.4","category","Z42","Follow-up care involving plastic surgery of lower extremity"
"Z42.8","category","Z42","Follow-up care involving plastic surgery of other body part"
"Z42.9","category","Z42","Follow-up care involving plastic surgery, unspecified"
"Z43","category","Z40-Z54","Attention to artificial openings"
"Z43.0","category","Z43","Attention to tracheostomy"
"Z43.1","category","Z43","Attention to gastrostomy"
"Z43.2","category","Z43","Attention to ileostomy"
"Z43.3","category","Z43","Attention to colostomy"
"Z43.4","category","Z43","Attention to other artificial openings of digestive tract"
"Z43.5","category","Z43","Attention to cystostomy"
"Z43.6","category","Z43","Attention to other artificial openings of urinary tract"
"Z43.7","category","Z43","Attention to artificial vagina"
"Z43.8","category","Z43","Attention to other artificial openings"
"Z43.9","category","Z43","Attention to unspecified artificial opening"
"Z44","category","Z40-Z54","Fitting and adjustment of external prosthetic device"
"Z44.0","category","Z44","Fitting and adjustment of artificial arm (complete)(partial)"
"Z44.1","category","Z44","Fitting and adjustment of artificial leg (complete)(partial)"
"Z44.2","category","Z44","Fitting and adjustment of artificial eye"
"Z44.3","category","Z44","Fitting and adjustment of external breast prosthesis"
"Z44.8","category","Z44","Fitting and adjustment of other external prosthetic devices"
"Z44.9","category","Z44","Fitting and adjustment of unspecified external prosthetic device"
"Z45","category","Z40-Z54","Adjustment and management of implanted device"
"Z45.0","category","Z45","Adjustment and management of cardiac devices"
"Z45.1","category","Z45","Adjustment and management of infusion pump"
"Z45.2","category","Z45","Adjustment and management of vascular access device"
"Z45.3","category","Z45","Adjustment and management of implanted hearing device"
"Z45.8","category","Z45","Adjustment and management of other implanted devices"
"Z45.9","category","Z45","Adjustment and management of unspecified implanted device"
"Z46","category","Z40-Z54","Fitting and adjustment of other devices"
"Z46.0","category","Z46","Fitting and adjustment of spectacles and contact lenses"
"Z46.1","category","Z46","Fitting and adjustment of hearing aid"
"Z46.2","category","Z46","Fitting and adjustment of other devices related to nervous system and special senses"
"Z46.3","category","Z46","Fitting and adjustment of dental prosthetic device"
"Z46.4","category","Z46","Fitting and adjustment of orthodontic device"
"Z46.5","category","Z46","Fitting and adjustment of ileostomy and other intestinal appliances"
"Z46.6","category","Z46","Fitting and adjustment of urinary device"
"Z46.7","category","Z46","Fitting and adjustment of orthopaedic device"
"Z46.8","category","Z46","Fitting and adjustment of other specified devices"
"Z46.9","category","Z46","Fitting and adjustment of unspecified device"
"Z47","category","Z40-Z54","Other orthopaedic follow-up care"
"Z47.0","category","Z47","Follow-up care involving removal of fracture plate and other internal fixation device"
"Z47.8","category","Z47","Other specified orthopaedic follow-up care"
"Z47.9","category","Z47","Orthopaedic follow-up care, unspecified"
"Z48","category","Z40-Z54","Other surgical follow-up care"
"Z48.0","category","Z48","Attention to surgical dressings and sutures"
"Z48.8","category","Z48","Other specified surgical follow-up care"
"Z48.9","category","Z48","Surgical follow-up care, unspecified"
"Z49","category","Z40-Z54","Care involving dialysis"
"Z49.0","category","Z49","Preparatory care for dialysis"
"Z49.1","category","Z49","Extracorporeal dialysis"
"Z49.2","category","Z49","Other dialysis"
"Z50","category","Z40-Z54","Care involving use of rehabilitation procedures"
"Z50.0","category","Z50","Cardiac rehabilitation"
"Z50.1","category","Z50","Other physical therapy"
"Z50.2","category","Z50","Alcohol rehabilitation"
"Z50.3","category","Z50","Drug rehabilitation"
"Z50.4","category","Z50","Psychotherapy, not elsewhere classified"
"Z50.5","category","Z50","Speech therapy"
"Z50.6","category","Z50","Orthoptic training"
"Z50.7","category","Z50","Occupational therapy and vocational rehabilitation, not elsewhere classified"
"Z50.8","category","Z50","Care involving use of other rehabilitation procedures"
"Z50.9","category","Z50","Care involving use of rehabilitation procedure, unspecified"
"Z51","category","Z40-Z54","Other medical care"
"Z51.0","category","Z51","Radiotherapy session"
"Z51.1","category","Z51","Chemotherapy session for neoplasm"
"Z51.2","category","Z51","Other chemotherapy"
"Z51.3","category","Z51","Blood transfusion (without reported diagnosis)"
"Z51.4","category","Z51","Preparatory care for subsequent treatment, not elsewhere classified"
"Z51.5","category","Z51","Palliative care"
"Z51.6","category","Z51","Desensitization to allergens"
"Z51.8","category","Z51","Other specified medical care"
"Z51.9","category","Z51","Medical care, unspecified"
"Z52","category","Z40-Z54","Donors of organs and tissues"
"Z52.0","category","Z52","Blood donor"
"Z52.1","category","Z52","Skin donor"
"Z52.2","category","Z52","Bone donor"
"Z52.3","category","Z52","Bone marrow donor"
"Z52.4","category","Z52","Kidney donor"
"Z52.5","category","Z52","Cornea donor"
"Z52.6","category","Z52","Liver donor"
"Z52.7","category","Z52","Heart donor"
"Z52.8","category","Z52","Donor of other organs and tissues"
"Z52.9","category","Z52","Donor of unspecified organ or tissue"
"Z53","category","Z40-Z54","Persons encountering health services for specific procedures, not carried out"
"Z53.0","category","Z53","Procedure not carried out because of contraindication"
"Z53.1","category","Z53","Procedure not carried out because of patient's decision for reasons of belief and group pressure"
"Z53.2","category","Z53","Procedure not carried out because of patient's decision for other and unspecified reasons"
"Z53.8","category","Z53","Procedure not carried out for other reasons"
"Z53.9","category","Z53","Procedure not carried out, unspecified reason"
"Z54","category","Z40-Z54","Convalescence"
"Z54.0","category","Z54","Convalescence following surgery"
"Z54.1","category","Z54","Convalescence following radiotherapy"
"Z54.2","category","Z54","Convalescence following chemotherapy"
"Z54.3","category","Z54","Convalescence following psychotherapy"
"Z54.4","category","Z54","Convalescence following treatment of fracture"
"Z54.7","category","Z54","Convalescence following combined treatment"
"Z54.8","category","Z54","Convalescence following other treatment"
"Z54.9","category","Z54","Convalescence following unspecified treatment"
"Z55-Z65","block","XXI","Persons with potential health hazards related to socioeconomic and psychosocial circumstances"
"Z55","category","Z55-Z65","Problems related to education and literacy"
"Z55.0","category","Z55","Illiteracy and low-level literacy"
"Z55.1","category","Z55","Schooling unavailable and unattainable"
"Z55.2","category","Z55","Failed examinations"
"Z55.3","category","Z55","Underachievement in school"
"Z55.4","category","Z55","Educational maladjustment and discord with teachers and classmates"
"Z55.8","category","Z55","Other problems related to education and literacy"
"Z55.9","category","Z55","Problem related to education and literacy, unspecified"
"Z56","category","Z55-Z65","Problems related to employment and unemployment"
"Z56.0","category","Z56","Unemployment, unspecified"
"Z56.1","category","Z56","Change of job"
"Z56.2","category","Z56","Threat of job loss"
"Z56.3","category","Z56","Stressful work schedule"
"Z56.4","category","Z56","Discord with boss and workmates"
"Z56.5","category","Z56","Uncongenial work"
"Z56.6","category","Z56","Other physical and mental strain related to work"
"Z56.7","category","Z56","Other and unspecified problems related to employment"
"Z57","category","Z55-Z65","Occupational exposure to risk-factors"
"Z57.0","category","Z57","Occupational exposure to noise"
"Z57.1","category","Z57","Occupational exposure to radiation"
"Z57.2","category","Z57","Occupational exposure to dust"
"Z57.3","category","Z57","Occupational exposure to other air contaminants"
"Z57.4","category","Z57","Occupational exposure to toxic agents in agriculture"
"Z57.5","category","Z57","Occupational exposure to toxic agents in other industries"
"Z57.6","category","Z57","Occupational exposure to extreme temperature"
"Z57.7","category","Z57","Occupational exposure to vibration"
"Z57.8","category","Z57","Occupational exposure to other risk-factors"
"Z57.9","category","Z57","Occupational exposure to unspecified risk-factor"
"Z58","category","Z55-Z65","Problems related to physical environment"
"Z58.0","category","Z58","Exposure to noise"
"Z58.1","category","Z58","Exposure to air pollution"
"Z58.2","category","Z58","Exposure to water pollution"
"Z58.3","category","Z58","Exposure to soil pollution"
"Z58.4","category","Z58","Exposure to radiation"
"Z58.5","category","Z58","Exposure to other pollution"
"Z58.6","category","Z58","Inadequate drinking-water supply"
"Z58.7","category","Z58","Exposure to tobacco smoke"
"Z58.8","category","Z58","Other problems related to physical environment"
"Z58.9","category","Z58","Problem related to physical environment, unspecified"
"Z59","category","Z55-Z65","Problems related to housing and economic circumstances"
"Z59.0","category","Z59","Homelessness"
"Z59.1","category","Z59","Inadequate housing"
"Z59.2","category","Z59","Discord with neighbours, lodgers and landlord"
"Z59.3","category","Z59","Problems related to living in residential institution"
"Z59.4","category","Z59","Lack of adequate food"
"Z59.5","category","Z59","Extreme poverty"
"Z59.6","category","Z59","Low income"
"Z59.7","category","Z59","Insufficient social insurance and welfare support"
"Z59.8","category","Z59","Other problems related to housing and economic circumstances"
"Z59.9","category","Z59","Problem related to housing and economic circumstances, unspecified"
"Z60","category","Z55-Z65","Problems related to social environment"
"Z60.0","category","Z60","Problems of adjustment to life-cycle transitions"
"Z60.1","category","Z60","Atypical parenting situation"
"Z60.2","category","Z60","Living alone"
"Z60.3","category","Z60","Acculturation difficulty"
"Z60.4","category","Z60","Social exclusion and rejection"
"Z60.5","category","Z60","Target of perceived adverse discrimination and persecution"
"Z60.8","category","Z60","Other problems related to social environment"
"Z60.9","category","Z60","Problem related to social environment, unspecified"
"Z61","category","Z55-Z65","Problems related to negative life events in childhood"
"Z61.0","category","Z61","Loss of love relationship in childhood"
"Z61.1","category","Z61","Removal from home in childhood"
"Z61.2","category","Z61","Altered pattern of family relationships in childhood"
"Z61.3","category","Z61","Events resulting in loss of self-esteem in childhood"
"Z61.4","category","Z61","Problems related to alleged sexual abuse of child by person within primary support group"
"Z61.5","category","Z61","Problems related to alleged sexual abuse of child by person outside primary support group"
"Z61.6","category","Z61","Problems related to alleged physical abuse of child"
"Z61.7","category","Z61","Personal frightening experience in childhood"
"Z61.8","category","Z61","Other negative life events in childhood"
"Z61.9","category","Z61","Negative life event in childhood, unspecified"
"Z62","category","Z55-Z65","Other problems related to upbringing"
"Z62.0","category","Z62","Inadequate parental supervision and control"
"Z62.1","category","Z62","Parental overprotection"
"Z62.2","category","Z62","Institutional upbringing"
"Z62.3","category","Z62","Hostility towards and scapegoating of child"
"Z62.4","category","Z62","Emotional neglect of child"
"Z62.5","category","Z62","Other problems related to neglect in upbringing"
"Z62.6","category","Z62","Inappropriate parental pressure and other abnormal qualities of upbringing"
"Z62.8","category","Z62","Other specified problems related to upbringing"
"Z62.9","category","Z62","Problem related to upbringing, unspecified"
"Z63","category","Z55-Z65","Other problems related to primary support group, including family circumstances"
"Z63.0","category","Z63","Problems in relationship with spouse or partner"
"Z63.1","category","Z63","Problems in relationship with parents and in-laws"
"Z63.2","category","Z63","Inadequate family support"
"Z63.3","category","Z63","Absence of family member"
"Z63.4","category","Z63","Disappearance and death of family member"
"Z63.5","category","Z63","Disruption of family by separation and divorce"
"Z63.6","category","Z63","Dependent relative needing care at home"
"Z63.7","category","Z63","Other stressful life events affecting family and household"
"Z63.8","category","Z63","Other specified problems related to primary support group"
"Z63.9","category","Z63","Problem related to primary support group, unspecified"
"Z64","category","Z55-Z65","Problems related to certain psychosocial circumstances"
"Z64.0","category","Z64","Problems related to unwanted pregnancy"
"Z64.1","category","Z64","Problems related to multiparity"
"Z64.2","category","Z64","Seeking and accepting physical, nutritional and chemical interventions known to be hazardous and harmful"
"Z64.3","category","Z64","Seeking and accepting behavioural and psychological interventions known to be hazardous and harmful"
"Z64.4","category","Z64","Discord with counsellors"
"Z65","category","Z55-Z65","Problems related to other psychosocial circumstances"
"Z65.0","category","Z65","Conviction in civil and criminal proceedings without imprisonment"
"Z65.1","category","Z65","Imprisonment and other incarceration"
"Z65.2","category","Z65","Problems related to release from prison"
"Z65.3","category","Z65","Problems related to other legal circumstances"
"Z65.4","category","Z65","Victim of crime and terrorism"
"Z65.5","category","Z65","Exposure to disaster, war and other hostilities"
"Z65.8","category","Z65","Other specified problems related to psychosocial circumstances"
"Z65.9","category","Z65","Problem related to unspecified psychosocial circumstances"
"Z70-Z76","block","XXI","Persons encountering health services in other circumstances"
"Z70","category","Z70-Z76","Counselling related to sexual attitude, behaviour and orientation"
"Z70.0","category","Z70","Counselling related to sexual attitude"
"Z70.1","category","Z70","Counselling related to patient's sexual behaviour and orientation"
"Z70.2","category","Z70","Counselling related to sexual behaviour and orientation of third party"
"Z70.3","category","Z70","Counselling related to combined concerns regarding sexual attitude, behaviour and orientation"
"Z70.8","category","Z70","Other sex counselling"
"Z70.9","category","Z70","Sex counselling, unspecified"
"Z71","category","Z70-Z76","Persons encountering health services for other counselling and medical advice, not elsewhere classified"
"Z71.0","category","Z71","Person consulting on behalf of another person"
"Z71.1","category","Z71","Person with feared complaint in whom no diagnosis is made"
"Z71.2","category","Z71","Person consulting for explanation of investigation findings"
"Z71.3","category","Z71","Dietary counselling and surveillance"
"Z71.4","category","Z71","Alcohol abuse counselling and surveillance"
"Z71.5","category","Z71","Drug abuse counselling and surveillance"
"Z71.6","category","Z71","Tobacco abuse counselling"
"Z71.7","category","Z71","Human immunodeficiency virus [HIV] counselling"
"Z71.8","category","Z71","Other specified counselling"
"Z71.9","category","Z71","Counselling, unspecified"
"Z72","category","Z70-Z76","Problems related to lifestyle"
"Z72.0","category","Z72","Tobacco use"
"Z72.1","category","Z72","Alcohol use"
"Z72.2","category","Z72","Drug use"
"Z72.3","category","Z72","Lack of physical exercise"
"Z72.4","category","Z72","Inappropriate diet and eating habits"
"Z72.5","category","Z72","High-risk sexual behaviour"
"Z72.6","category","Z72","Gambling and betting"
"Z72.8","category","Z72","Other problems related to lifestyle"
"Z72.9","category","Z72","Problem related to lifestyle, unspecified"
"Z73","category","Z70-Z76","Problems related to life-management difficulty"
"Z73.0","category","Z73","Burn-out"
"Z73.1","category","Z73","Accentuation of personality traits"
"Z73.2","category","Z73","Lack of relaxation and leisure"
"Z73.3","category","Z73","Stress, not elsewhere classified"
"Z73.4","category","Z73","Inadequate social skills, not elsewhere classified"
"Z73.5","category","Z73","Social role conflict, not elsewhere classified"
"Z73.6","category","Z73","Limitation of activities due to disability"
"Z73.8","category","Z73","Other problems related to life-management difficulty"
"Z73.9","category","Z73","Problem related to life-management difficulty, unspecified"
"Z74","category","Z70-Z76","Problems related to care-provider dependency"
"Z74.0","category","Z74","Need for assistance due to reduced mobility"
"Z74.1","category","Z74","Need for assistance with personal care"
"Z74.2","category","Z74","Need for assistance at home and no other household member able to render care"
"Z74.3","category","Z74","Need for continuous supervision"
"Z74.8","category","Z74","Other problems related to care-provider dependency"
"Z74.9","category","Z74","Problem related to care-provider dependency, unspecified"
"Z75","category","Z70-Z76","Problems related to medical facilities and other health care"
"Z75.0","category","Z75","Medical services not available in home"
"Z75.1","category","Z75","Person awaiting admission to adequate facility elsewhere"
"Z75.2","category","Z75","Other waiting period for investigation and treatment"
"Z75.3","category","Z75","Unavailability and inaccessibility of health-care facilities"
"Z75.4","category","Z75","Unavailability and inaccessibility of other helping agencies"
"Z75.5","category","Z75","Holiday relief care"
"Z75.8","category","Z75","Other problems related to medical facilities and other health care"
"Z75.9","category","Z75","Unspecified problem related to medical facilities and other health care"
"Z76","category","Z70-Z76","Persons encountering health services in other circumstances"
"Z76.0","category","Z76","Issue of repeat prescription"
"Z76.1","category","Z76","Health supervision and care of foundling"
"Z76.2","category","Z76","Health supervision and care of other healthy infant and child"
"Z76.3","category","Z76","Healthy person accompanying sick person"
"Z76.4","category","Z76","Other boarder in health-care facility"
"Z76.5","category","Z76","Malingerer [conscious simulation]"
"Z76.8","category","Z76","Persons encountering health services in other specified circumstances"
"Z76.9","category","Z76","Person encountering health services in unspecified circumstances"
"Z80-Z99","block","XXI","Persons with potential health hazards related to family and personal history and certain conditions influencing health status"
"Z80","category","Z80-Z99","Family history of malignant neoplasm"
"Z80.0","category","Z80","Family history of malignant neoplasm of digestive organs"
"Z80.1","category","Z80","Family history of malignant neoplasm of trachea, bronchus and lung"
"Z80.2","category","Z80","Family history of malignant neoplasm of other respiratory and intrathoracic organs"
"Z80.3","category","Z80","Family history of malignant neoplasm of breast"
"Z80.4","category","Z80","Family history of malignant neoplasm of genital organs"
"Z80.5","category","Z80","Family history of malignant neoplasm of urinary tract"
"Z80.6","category","Z80","Family history of leukaemia"
"Z80.7","category","Z80","Family history of other malignant neoplasms of lymphoid, haematopoietic and related tissues"
"Z80.8","category","Z80","Family history of malignant neoplasm of other organs or systems"
"Z80.9","category","Z80","Family history of malignant neoplasm, unspecified"
"Z81","category","Z80-Z99","Family history of mental and behavioural disorders"
"Z81.0","category","Z81","Family history of mental retardation"
"Z81.1","category","Z81","Family history of alcohol abuse"
"Z81.2","category","Z81","Family history of tobacco abuse"
"Z81.3","category","Z81","Family history of other psychoactive substance abuse"
"Z81.4","category","Z81","Family history of other substance abuse"
"Z81.8","category","Z81","Family history of other mental and behavioural disorders"
"Z82","category","Z80-Z99","Family history of certain disabilities and chronic diseases leading to disablement"
"Z82.0","category","Z82","Family history of epilepsy and other diseases of the nervous system"
"Z82.1","category","Z82","Family history of blindness and visual loss"
"Z82.2","category","Z82","Family history of deafness and hearing loss"
"Z82.3","category","Z82","Family history of stroke"
"Z82.4","category","Z82","Family history of ischaemic heart disease and other diseases of the circulatory system"
"Z82.5","category","Z82","Family history of asthma and other chronic lower respiratory diseases"
"Z82.6","category","Z82","Family history of arthritis and other diseases of the musculoskeletal system and connective tissue"
"Z82.7","category","Z82","Family history of congenital malformations, deformations and chromosomal abnormalities"
"Z82.8","category","Z82","Family history of other disabilities and chronic diseases leading to disablement, not elsewhere classified"
"Z83","category","Z80-Z99","Family history of other specific disorders"
"Z83.0","category","Z83","Family history of human immunodeficiency virus [HIV] disease"
"Z83.1","category","Z83","Family history of other infectious and parasitic diseases"
"Z83.2","category","Z83","Family history of diseases of the blood and blood-forming organs and certain disorders involving the immune mechanism"
"Z83.3","category","Z83","Family history of diabetes mellitus"
"Z83.4","category","Z83","Family history of other endocrine, nutritional and metabolic diseases"
"Z83.5","category","Z83","Family history of eye and ear disorders"
"Z83.6","category","Z83","Family history of diseases of the respiratory system"
"Z83.7","category","Z83","Family history of diseases of the digestive system"
"Z84","category","Z80-Z99","Family history of other conditions"
"Z84.0","category","Z84","Family history of diseases of the skin and subcutaneous tissue"
"Z84.1","category","Z84","Family history of disorders of kidney and ureter"
"Z84.2","category","Z84","Family history of other diseases of the genitourinary system"
"Z84.3","category","Z84","Family history of consanguinity"
"Z84.8","category","Z84","Family history of other specified conditions"
"Z85","category","Z80-Z99","Personal history of malignant neoplasm"
"Z85.0","category","Z85","Personal history of malignant neoplasm of digestive organs"
"Z85.1","category","Z85","Personal history of malignant neoplasm of trachea, bronchus and lung"
"Z85.2","category","Z85","Personal history of malignant neoplasm of other respiratory and intrathoracic organs"
"Z85.3","category","Z85","Personal history of malignant neoplasm of breast"
"Z85.4","category","Z85","Personal history of malignant neoplasm of genital organs"
"Z85.5","category","Z85","Personal history of malignant neoplasm of urinary tract"
"Z85.6","category","Z85","Personal history of leukaemia"
"Z85.7","category","Z85","Personal history of other malignant neoplasms of lymphoid, haematopoietic and related tissues"
"Z85.8","category","Z85","Personal history of malignant neoplasms of other organs and systems"
"Z85.9","category","Z85","Personal history of malignant neoplasm, unspecified"
"Z86","category","Z80-Z99","Personal history of certain other diseases"
"Z86.0","category","Z86","Personal history of other neoplasms"
"Z86.1","category","Z86","Personal history of infectious and parasitic diseases"
"Z86.2","category","Z86","Personal history of diseases of the blood and blood-forming organs and certain disorders involving the immune mechanism"
"Z86.3","category","Z86","Personal history of endocrine, nutritional and metabolic diseases"
"Z86.4","category","Z86","Personal history of psychoactive substance abuse"
"Z86.5","category","Z86","Personal history of other mental and behavioural disorders"
"Z86.6","category","Z86","Personal history of diseases of the nervous system and sense organs"
"Z86.7","category","Z86","Personal history of diseases of the circulatory system"
"Z87","category","Z80-Z99","Personal history of other diseases and conditions"
"Z87.0","category","Z87","Personal history of diseases of the respiratory system"
"Z87.1","category","Z87","Personal history of diseases of the digestive system"
"Z87.2","category","Z87","Personal history of diseases of the skin and subcutaneous tissue"
"Z87.3","category","Z87","Personal history of diseases of the musculoskeletal system and connective tissue"
"Z87.4","category","Z87","Personal history of diseases of the genitourinary system"
"Z87.5","category","Z87","Personal history of complications of pregnancy, childbirth and the puerperium"
"Z87.6","category","Z87","Personal history of certain conditions arising in the perinatal period"
"Z87.7","category","Z87","Personal history of congenital malformations, deformations and chromosomal abnormalities"
"Z87.8","category","Z87","Personal history of other specified conditions"
"Z88","category","Z80-Z99","Personal history of allergy to drugs, medicaments and biological substances"
"Z88.0","category","Z88","Personal history of allergy to penicillin"
"Z88.1","category","Z88","Personal history of allergy to other antibiotic agents"
"Z88.2","category","Z88","Personal history of allergy to sulfonamides"
"Z88.3","category","Z88","Personal history of allergy to other anti-infective agents"
"Z88.4","category","Z88","Personal history of allergy to anaesthetic agent"
"Z88.5","category","Z88","Personal history of allergy to narcotic agent"
"Z88.6","category","Z88","Personal history of allergy to analgesic agent"
"Z88.7","category","Z88","Personal history of allergy to serum and vaccine"
"Z88.8","category","Z88","Personal history of allergy to other drugs, medicaments and biological substances"
"Z88.9","category","Z88","Personal history of allergy to unspecified drugs, medicaments and biological substances"
"Z89","category","Z80-Z99","Acquired absence of limb"
"Z89.0","category","Z89","Acquired absence of finger(s) [including thumb], unilateral"
"Z89.1","category","Z89","Acquired absence of hand and wrist"
"Z89.2","category","Z89","Acquired absence of upper limb above wrist"
"Z89.3","category","Z89","Acquired absence of both upper limbs [any level]"
"Z89.4","category","Z89","Acquired absence of foot and ankle"
"Z89.5","category","Z89","Acquired absence of leg at or below knee"
"Z89.6","category","Z89","Acquired absence of leg above knee"
"Z89.7","category","Z89","Acquired absence of both lower limbs [any level, except toes alone]"
"Z89.8","category","Z89","Acquired absence of upper and lower limbs [any level]"
"Z89.9","category","Z89","Acquired absence of limb, unspecified"
"Z90","category","Z80-Z99","Acquired absence of organs, not elsewhere classified"
"Z90.0","category","Z90","Acquired absence of part of head and neck"
"Z90.1","category","Z90","Acquired absence of breast(s)"
"Z90.2","category","Z90","Acquired absence of lung [part of]"
"Z90.3","category","Z90","Acquired absence of part of stomach"
"Z90.4","category","Z90","Acquired absence of other parts of digestive tract"
"Z90.5","category","Z90","Acquired absence of kidney"
"Z90.6","category","Z90","Acquired absence of other organs of urinary tract"
"Z90.7","category","Z90","Acquired absence of genital organ(s)"
"Z90.8","category","Z90","Acquired absence of other organs"
"Z91","category","Z80-Z99","Personal history of risk-factors, not elsewhere classified"
"Z91.0","category","Z91","Personal history of allergy, other than to drugs and biological substances"
"Z91.1","category","Z91","Personal history of noncompliance with medical treatment and regimen"
"Z91.2","category","Z91","Personal history of poor personal hygiene"
"Z91.3","category","Z91","Personal history of unhealthy sleep-wake schedule"
"Z91.4","category","Z91","Personal history of psychological trauma, not elsewhere classified"
"Z91.5","category","Z91","Personal history of self-harm"
"Z91.6","category","Z91","Personal history of other physical trauma"
"Z91.7","category","Z91","Personal history of female genital mutilation"
"Z91.8","category","Z91","Personal history of other specified risk-factors, not elsewhere classified"
"Z92","category","Z80-Z99","Personal history of medical treatment"
"Z92.0","category","Z92","Personal history of contraception"
"Z92.1","category","Z92","Personal history of long-term (current) use of anticoagulants"
"Z92.2","category","Z92","Personal history of long-term (current) use of other medicaments"
"Z92.3","category","Z92","Personal history of irradiation"
"Z92.4","category","Z92","Personal history of major surgery, not elsewhere classified"
"Z92.5","category","Z92","Personal history of rehabilitation measures"
"Z92.6","category","Z92","Personal history of chemotherapy for neoplastic disease"
"Z92.8","category","Z92","Personal history of other medical treatment"
"Z92.9","category","Z92","Personal history of medical treatment, unspecified"
"Z93","category","Z80-Z99","Artificial opening status"
"Z93.0","category","Z93","Tracheostomy status"
"Z93.1","category","Z93","Gastrostomy status"
"Z93.2","category","Z93","Ileostomy status"
"Z93.3","category","Z93","Colostomy status"
"Z93.4","category","Z93","Other artificial openings of gastrointestinal tract status"
"Z93.5","category","Z93","Cystostomy status"
"Z93.6","category","Z93","Other artificial openings of urinary tract status"
"Z93.8","category","Z93","Other artificial opening status"
"Z93.9","category","Z93","Artificial opening status, unspecified"
"Z94","category","Z80-Z99","Transplanted organ and tissue status"
"Z94.0","category","Z94","Kidney transplant status"
"Z94.1","category","Z94","Heart transplant status"
"Z94.2","category","Z94","Lung transplant status"
"Z94.3","category","Z94","Heart and lungs transplant status"
"Z94.4","category","Z94","Liver transplant status"
"Z94.5","category","Z94","Skin transplant status"
"Z94.6","category","Z94","Bone transplant status"
"Z94.7","category","Z94","Corneal transplant status"
"Z94.8","category","Z94","Other transplanted organ and tissue status"
"Z94.9","category","Z94","Transplanted organ and tissue status, unspecified"
"Z95","category","Z80-Z99","Presence of cardiac and vascular implants and grafts"
"Z95.0","category","Z95","Presence of electronic cardiac devices"
"Z95.1","category","Z95","Presence of aortocoronary bypass graft"
"Z95.2","category","Z95","Presence of prosthetic heart valve"
"Z95.3","category","Z95","Presence of xenogenic heart valve"
"Z95.4","category","Z95","Presence of other heart-valve replacement"
"Z95.5","category","Z95","Presence of coronary angioplasty implant and graft"
"Z95.8","category","Z95","Presence of other cardiac and vascular implants and grafts"
"Z95.9","category","Z95","Presence of cardiac and vascular implant and graft, unspecified"
"Z96","category","Z80-Z99","Presence of other functional implants"
"Z96.0","category","Z96","Presence of urogenital implants"
"Z96.1","category","Z96","Presence of intraocular lens"
"Z96.2","category","Z96","Presence of otological and audiological implants"
"Z96.3","category","Z96","Presence of artificial larynx"
"Z96.4","category","Z96","Presence of endocrine implants"
"Z96.5","category","Z96","Presence of tooth-root and mandibular implants"
"Z96.6","category","Z96","Presence of orthopaedic joint implants"
"Z96.7","category","Z96","Presence of other bone and tendon implants"
"Z96.8","category","Z96","Presence of other specified functional implants"
"Z96.9","category","Z96","Presence of functional implant, unspecified"
"Z97","category","Z80-Z99","Presence of other devices"
"Z97.0","category","Z97","Presence of artificial eye"
"Z97.1","category","Z97","Presence of artificial limb (complete)(partial)"
"Z97.2","category","Z97","Presence of dental prosthetic device (complete)(partial)"
"Z97.3","category","Z97","Presence of spectacles and contact lenses"
"Z97.4","category","Z97","Presence of external hearing-aid"
"Z97.5","category","Z97","Presence of (intrauterine) contraceptive device"
"Z97.8","category","Z97","Presence of other specified devices"
"Z98","category","Z80-Z99","Other postsurgical states"
"Z98.0","category","Z98","Intestinal bypass and anastomosis status"
"Z98.1","category","Z98","Arthrodesis status"
"Z98.2","category","Z98","Presence of cerebrospinal fluid drainage device"
"Z98.8","category","Z98","Other specified postsurgical states"
"Z99","category","Z80-Z99","Dependence on enabling machines and devices, not elsewhere classified"
"Z99.0","category","Z99","Dependence on aspirator"
"Z99.1","category","Z99","Dependence on respirator"
"Z99.2","category","Z99","Dependence on renal dialysis"
"Z99.3","category","Z99","Dependence on wheelchair"
"Z99.4","category","Z99","Dependence on artificial heart"
"Z99.8","category","Z99","Dependence on other enabling machines and devices"
"Z99.9","category","Z99","Dependence on unspecified enabling machine and device"
"XXII","chapter","","Codes for special purposes"
"U00-U49","block","XXII","Provisional assignment of new diseases of uncertain etiology or emergency use"
"U04","category","U00-U49","Severe acute respiratory syndrome [SARS]"
"U04.9","category","U04","Severe acute respiratory syndrome [SARS], unspecified"
"U07","category","U00-U49","Emergency use of U07"
"U07.0","category","U07","Vaping-related disorder"
"U07.1","category","U07","COVID-19, virus identified"
"U07.2","category","U07","COVID-19, virus not identified"
"U08","category","U00-U49","Personal history of COVID-19"
"U08.9","category","U08","Personal history of COVID-19, unspecified"
"U09","category","U00-U49","Post COVID-19 condition"
"U09.9","category","U09","Post COVID-19 condition, unspecified"
"U10","category","U00-U49","Multisystem inflammatory syndrome associated with COVID-19"
"U10.9","category","U10","Multisystem inflammatory syndrome associated with COVID-19, unspecified"
"U11","category","U00-U49","Need for immunization against COVID-19"
"U11.9","category","U11","Need for immunization against COVID-19, unspecified"
"U12","category","U00-U49","COVID-19 vaccines causing adverse effects in therapeutic use"
"U12.9","category","U12","COVID-19 vaccines causing adverse effects in therapeutic use, unspecified"
"U13","category","U00-U49","Emergency use of U13"
"U13.9","category","U13","Emergency use of U13.9"
"U14","category","U00-U49","Emergency use of U14"
"U14.9","category","U14","Emergency use of U14.9"
"U15","category","U00-U49","Emergency use of U15"
"U15.9","category","U15","Emergency use of U15.9"
"U16","category","U00-U49","Emergency use of U16"
"U16.9","category","U16","Emergency use of U16.9"
"U17","category","U00-U49","Emergency use of U17"
"U17.9","category","U17","Emergency use of U17.9"
"U18","category","U00-U49","Emergency use of U18"
"U18.9","category","U18","Emergency use of U18.9"
"U19","category","U00-U49","Emergency use of U19"
"U19.9","category","U19","Emergency use of U19.9"
"U20","category","U00-U49","Emergency use of U20"
"U20.9","category","U20","Emergency use of U20.9"
"U21","category","U00-U49","Emergency use of U21"
"U21.9","category","U21","Emergency use of U21.9"
"U22","category","U00-U49","Emergency use of U22"
"U22.9","category","U22","Emergency use of U22.9"
"U23","category","U00-U49","Emergency use of U23"
"U23.9","category","U23","Emergency use of U23.9"
"U24","category","U00-U49","Emergency use of U24"
"U24.9","category","U24","Emergency use of U24.9"
"U25","category","U00-U49","Emergency use of U25"
"U25.9","category","U25","Emergency use of U25.9"
"U26","category","U00-U49","Emergency use of U26"
"U26.9","category","U26","Emergency use of U26.9"
"U27","category","U00-U49","Emergency use of U27"
"U27.9","category","U27","Emergency use of U27.9"
"U28","category","U00-U49","Emergency use of U28"
"U28.9","category","U28","Emergency use of U28.9"
"U29","category","U00-U49","Emergency use of U29"
"U29.9","category","U29","Emergency use of U29.9"
"U30","category","U00-U49","Emergency use of U30"
"U30.9","category","U30","Emergency use of U30.9"
"U31","category","U00-U49","Emergency use of U31"
"U31.9","category","U31","Emergency use of U31.9"
"U32","category","U00-U49","Emergency use of U32"
"U32.9","category","U32","Emergency use of U32.9"
"U33","category","U00-U49","Emergency use of U33"
"U33.9","category","U33","Emergency use of U33.9"
"U34","category","U00-U49","Emergency use of U34"
"U34.9","category","U34","Emergency use of U34.9"
"U35","category","U00-U49","Emergency use of U35"
"U35.9","category","U35","Emergency use of U35.9"
"U36","category","U00-U49","Emergency use of U36"
"U36.9","category","U36","Emergency use of U36.9"
"U37","category","U00-U49","Emergency use of U37"
"U37.9","category","U37","Emergency use of U37.9"
"U38","category","U00-U49","Emergency use of U38"
"U38.9","category","U38","Emergency use of U38.9"
"U39","category","U00-U49","Emergency use of U39"
"U39.9","category","U39","Emergency use of U39.9"
"U40","category","U00-U49","Emergency use of U40"
"U40.9","category","U40","Emergency use of U40.9"
"U41","category","U00-U49","Emergency use of U41"
"U41.9","category","U41","Emergency use of U41.9"
"U42","category","U00-U49","Emergency use of U42"
"U42.9","category","U42","Emergency use of U42.9"
"U43","category","U00-U49","Emergency use of U43"
"U43.9","category","U43","Emergency use of U43.9"
"U44","category","U00-U49","Emergency use of U44"
"U44.9","category","U44","Emergency use of U44.9"
"U45","category","U00-U49","Emergency use of U45"
"U45.9","category","U45","Emergency use of U45.9"
"U46","category","U00-U49","Emergency use of U46"
"U46.9","category","U46","Emergency use of U46.9"
"U47","category","U00-U49","Emergency use of U47"
"U47.9","category","U47","Emergency use of U47.9"
"U48","category","U00-U49","Emergency use of U48"
"U48.9","category","U48","Emergency use of U48.9"
"U49","category","U00-U49","Emergency use of U49"
"U49.9","category","U49","Emergency use of U49.9"
"U82-U85","block","XXII","Resistance to antimicrobial and antineoplastic drugs"
"U82","category","U82-U85","Resistance to betalactam antibiotics"
"U82.0","category","U82","Resistance to penicillin"
"U82.1","category","U82","Resistance to methicillin"
"U82.2","category","U82","Extended spectrum betalactamase (ESBL) resistance"
"U82.8","category","U82","Resistance to other betalactam antibiotics"
"U82.9","category","U82","Resistance to betalactam antibiotics, unspecified"
"U83","category","U82-U85","Resistance to other antibiotics"
"U83.0","category","U83","Resistance to vancomycin"
"U83.1","category","U83","Resistance to other vancomycin related antibiotics"
"U83.2","category","U83","Resistance to quinolones"
"U83.7","category","U83","Resistance to multiple antibiotics"
"U83.8","category","U83","Resistance to other single specified antibiotic"
"U83.9","category","U83","Resistance to unspecified antibiotic"
"U84","category","U82-U85","Resistance to other antimicrobial drugs"
"U84.0","category","U84","Resistance to antiparasitic drug(s)"
"U84.1","category","U84","Resistance to antifungal drug(s)"
"U84.2","category","U84","Resistance to antiviral drug(s)"
"U84.3","category","U84","Resistance to tuberculostatic drug(s)"
"U84.7","category","U84","Resistance to multiple antimicrobial drugs"
"U84.8","category","U84","Resistance to other specified antimicrobial drug"
"U84.9","category","U84","Resistance to unspecified antimicrobial drugs"
"U85","category","U82-U85","Resistance to antineoplastic drugs"
